# Iteration 50
-0.0938559,-1.16429,-1.15839,-1.15272,0.825059,-1.94789,0.795284,-1.92849,2.45146,0.000167934,-0.127868,-0.551579,-0.0540845,2.92762,-0.98268,-2.99186,0.970828,-1.05054,-0.694002,0.799523,2.90375,1.25772,0.639581,0.730816,2.91931,0.0361532,0.826184,-2.00641,1.33062,-1.0611
-0.497547,-2.02232,-1.32207,-1.12751,0.929409,-2.10851,0.0949504,-0.207835,2.05567,-0.411527,-0.178364,-0.714226,-0.00617103,2.646,-1.35758,-0.856584,2.07674,-0.84957,-1.38737,0.677215,2.37291,2.1009,-0.161763,-1.63761,2.34845,-0.0866141,0.542766,-1.16583,2.12712,-1.03272
-0.808456,-0.158237,-1.09019,-1.21302,0.055294,-2.01984,-0.093397,-1.14634,2.63044,0.0973679,0.576313,-1.42982,0.101055,3.35911,-1.50685,-2.9903,1.02285,-0.898966,-1.40718,0.99505,1.85968,0.218264,-0.209609,0.320987,0.955029,0.0597599,0.747607,-3.18961,2.16021,-0.993638
0.000980542,-1.96117,-1.67679,-0.856677,1.051,-2.15663,0.375794,-0.735279,2.91866,-0.0586388,-1.0455,-1.42381,-0.827054,2.1712,-1.01128,-2.42111,1.05522,-0.632735,-0.717177,0.760503,2.27719,3.9444,-0.440014,0.852772,0.772737,-0.0927029,0.583312,-2.34739,1.85434,-1.33449
0.54536,-1.24586,-1.19701,-1.15307,0.616554,-2.02092,-0.152007,-2.25856,1.81104,-0.0863477,-0.425268,-0.326793,-0.0549442,2.97441,-0.966708,-3.10352,2.32488,-0.918198,-0.896419,0.551169,3.24852,0.797911,-0.987587,0.356541,0.561535,-0.450536,-0.383898,-2.06318,2.25788,-1.00297
0.758395,-2.07668,-1.90989,-1.01991,0.607824,-2.64424,0.230966,-1.02245,1.19355,-0.775355,-1.16029,-0.757401,-0.290826,2.84383,-0.472946,-4.05271,2.03011,-0.312412,-2.02597,1.04224,1.84452,1.6978,-0.00558244,-0.0523578,1.83812,-0.0521262,0.584469,-2.25353,2.24968,-0.679458
0.258138,-1.73087,-1.16495,-1.08492,-1.30178,-2.04782,0.444869,-0.957721,2.12363,-0.179407,0.762038,-0.725378,-2.0113,3.2119,-0.66078,-2.94998,1.22022,-0.975276,-0.674782,0.791777,3.47658,1.04877,0.786808,-0.140334,0.666863,0.039546,0.700617,-2.37143,1.00603,-1.03369
-0.34562,-1.57556,0.990293,-0.586777,0.254809,-1.98404,-0.61195,-0.647772,0.936871,0.293209,-0.755486,-0.553688,-0.79417,3.02121,-1.59656,-1.19928,1.06038,0.823026,-0.97262,1.05565,3.15625,-0.0877119,1.55388,0.900322,1.12786,0.725904,1.4847,-1.7262,1.25543,-0.937362
-0.160197,-1.48139,-1.25086,-1.07544,-0.184702,-0.420162,0.652852,-0.572519,1.20261,-0.731144,-1.05876,-1.11488,1.72183,2.54978,-0.660756,-2.59976,1.30826,-1.04483,-0.683767,1.28842,1.11181,0.929733,1.16868,0.357806,2.06744,-0.0367291,1.19973,-4.23037,2.43095,-2.02125
0.114842,-1.37879,-1.23334,-0.911341,0.0752124,-1.94639,0.00495239,-0.0505166,1.98102,0.0237861,-1.3056,-1.89796,0.124171,2.84181,-1.28003,-4.27095,0.998135,-0.798023,-1.45961,0.4714,1.99792,1.90455,-0.0574279,0.136477,1.93291,-0.0716128,0.647819,-0.764416,2.16173,-0.914709
-0.462369,-1.20058,-1.38179,-1.09402,-0.119535,-1.53325,0.103013,-0.748842,2.49163,-0.0876838,1.04974,-0.920833,-0.18181,2.9903,-1.0119,-2.99104,0.874546,-0.952452,-0.818484,0.854469,2.8801,1.03193,-0.0247711,0.127068,1.76836,0.195872,0.737297,-2.03645,2.06806,-0.99958
0.190332,-1.21451,-2.16167,-0.985909,0.804582,-2.16268,0.165978,-1.38272,2.23238,-0.00355539,0.953294,-0.865868,-0.25134,3.04776,-1.57544,-3.0234,1.0547,-0.920456,0.345011,0.882745,1.95752,1.26612,-0.714618,0.887379,2.01443,0.433428,1.59495,-1.86302,2.2375,-0.921321
0.327034,-2.14558,-2.10692,-0.900045,-0.0527269,-1.94676,0.0788279,-1.11469,2.43718,-0.725664,0.220912,-0.829593,0.0087081,2.87204,-0.389822,-3.04171,1.00579,-0.921856,-0.530008,0.775233,2.87469,2.02472,0.353333,0.370515,2.01387,0.698679,-0.00191605,-2.47149,2.14636,-0.768239
0.106019,-1.9245,-1.70704,-1.39778,0.336422,-1.74047,0.183453,-0.68864,2.03756,0.0666908,0.169237,-0.543035,0.182896,3.10448,-0.189519,-3.00577,1.1801,-0.945953,-0.0648246,0.876525,2.30301,0.820725,0.857998,0.437827,1.51882,0.738044,0.896848,-3.51359,2.05887,-0.858644
0.101423,-1.96718,-1.0666,-1.13569,0.676924,-2.0934,0.125512,-1.10702,2.63071,-0.0685259,1.0882,-0.942769,-0.150732,2.92333,-1.35466,-3.061,1.0544,-0.895173,-1.13916,0.844882,2.03284,0.933163,-0.447507,-0.0421481,1.99545,0.139325,0.877422,-1.83351,2.09881,-0.968371
-0.276289,-1.1369,-1.25611,-0.85415,0.569602,-2.06672,-0.0327243,-0.87707,2.50648,-0.35897,0.938121,-0.826325,-0.684378,2.92355,-1.16154,-2.98778,0.473304,-0.842906,-0.427239,0.916553,2.4081,1.10193,-0.204637,-0.0803442,2.0502,0.110157,0.908302,-1.63219,2.10525,-1.02917
0.44663,-1.05146,-1.16887,-0.0662882,0.115721,-2.13655,0.788706,-1.23665,3.14296,-0.14224,1.02813,-0.561361,0.102838,1.16702,-0.241219,-3.1814,1.01227,-1.58011,-1.67822,0.787785,3.00726,1.19765,-0.0152741,0.192945,2.07427,0.723357,0.830576,-2.96958,2.0967,-2.04454
0.153716,-1.85533,-1.10664,-1.12073,1.13909,-1.88014,0.486967,0.103555,2.38377,-0.163462,-2.42523,-0.975957,-0.277061,3.0138,-0.88634,-3.01285,1.12932,-1.11418,0.174238,0.778305,1.96885,1.09712,0.122212,0.122794,1.59469,0.118189,1.32804,-1.47596,2.13763,-1.7373
0.558522,-1.6294,-1.19845,-1.08425,0.601,-1.98333,-0.11802,-1.08233,2.32222,-0.0505318,-0.240619,-0.993401,-0.0320208,3.15081,-0.644136,-2.93192,0.110301,-0.890054,-0.65024,0.850691,1.9563,1.03651,0.213644,-0.139121,1.75151,0.197136,0.866713,-3.13553,1.00891,-0.975952
0.336422,-2.26998,-0.905172,-1.13418,-0.241377,-1.86443,0.186729,-1.21924,2.47617,-0.225218,-0.68788,-0.77909,-0.0278126,2.77533,-1.23761,-3.62221,2.13479,-1.02045,-0.0235617,0.383314,2.15421,1.98696,-0.651879,0.420176,1.8716,0.0790132,0.595999,-1.359,2.20324,-0.843013
0.122082,-1.29253,-0.579876,-1.12239,0.0660596,-1.93097,0.132545,-1.10851,2.54422,-0.0813598,0.83709,-0.964804,-0.248148,2.97788,-0.445182,-3.03279,1.1852,-0.884249,-0.62348,0.748692,1.93836,1.17006,-0.0646047,-0.108033,1.97931,0.0543927,0.795375,-2.04723,2.15084,-0.883471
0.996218,-0.135297,-0.600288,-0.322735,0.458921,-2.53265,0.259724,-1.51867,1.79175,-0.0228502,0.0318719,-0.832091,-0.718924,2.17733,-1.476,-3.62522,0.346451,-0.912335,-0.381814,0.775456,1.80873,0.306817,-0.476917,-0.979309,1.7949,0.416017,0.939067,-2.51339,2.01728,-0.991988
-0.118574,-1.72813,-1.11198,-1.11457,0.0920666,-1.38007,0.241046,-0.708924,1.70935,-0.675649,0.621847,-0.979906,-0.535629,2.44465,-0.397944,-3.20387,1.06913,-0.838136,-1.9241,0.82303,2.05749,1.07143,-0.378232,1.51338,1.20931,-0.370932,0.162388,-2.08638,2.07571,-0.408965
0.592662,-1.50309,-0.655483,-1.11058,-0.432934,-1.8377,0.270161,-0.711728,2.2311,-0.642341,-0.643761,-0.312768,-1.43534,2.94747,-1.09352,-3.00172,0.849879,-0.857399,-1.85808,0.81703,2.21034,1.12101,1.17508,0.291756,1.09248,0.493586,0.242199,-1.49391,2.00678,-0.99641
0.759872,0.532729,-0.913393,-1.24845,0.533333,-2.44322,0.398856,-1.12608,2.08798,0.40805,-0.220266,-1.72629,-0.125666,1.14287,-0.792116,-1.19547,2.19377,-1.52069,-1.62367,1.28776,1.781,1.87454,0.646926,0.376472,1.30664,0.0849991,1.86735,-1.97053,1.1932,-2.27451
-0.209604,-0.884251,-1.15758,-0.969878,0.698368,-3.08387,0.138529,-0.969984,2.4046,0.0479939,1.0573,-0.918076,-0.339267,2.92754,-1.06898,-2.89924,1.16905,-0.914511,-0.241465,0.853333,1.96002,0.831144,0.33015,0.0331085,2.01333,0.106061,1.27843,-1.0127,2.56727,-0.814009
0.550635,-1.61395,-0.838467,-1.04974,1.06641,-2.17468,-0.582047,-1.42379,2.40962,-0.0232036,1.45054,-1.13757,0.0512061,3.11659,-1.1967,-2.99297,2.53426,-0.876902,-2.01937,0.795867,2.2166,0.844685,1.59428,-0.184642,1.97748,-0.0169443,0.604225,-2.1154,2.18866,0.38441
0.38295,-1.48001,-1.12625,-0.960445,0.201781,-2.11562,0.111109,-0.276436,2.36867,-0.16187,0.804308,-0.975772,-0.63958,2.89462,-1.044,-3.10069,1.41424,-0.964459,-0.602653,0.488098,2.10589,1.07503,0.142843,-0.0441579,2.04537,0.300405,0.556229,-1.85235,2.00324,-0.651754
0.411684,-2.42591,-1.2022,-1.10286,0.0358659,-2.08364,0.221586,-1.11175,2.52054,-0.126476,0.883669,-0.947494,0.130219,2.92466,-0.894674,-3.05944,0.971589,-0.857101,-0.857303,0.88846,2.0382,1.44423,0.35753,-0.0315334,2.10117,0.0366654,0.701644,-2.08131,2.16872,-0.99849
0.325562,-1.1346,-1.09541,-1.10587,0.0590749,-1.60296,-0.115673,0.131735,2.47558,-0.177512,1.08228,-0.967619,-0.142666,3.53064,-0.756054,-3.04331,0.913101,-0.886997,-0.526645,0.956397,2.73221,1.66834,-0.438039,0.254136,1.96107,0.0708278,0.994043,-2.0371,2.16358,-1.01378
0.31496,-0.924126,-1.24927,-1.06268,0.296409,-1.9974,-0.0451379,-1.12725,2.34169,-0.00507222,0.955604,-0.698513,0.067371,2.93562,-0.947805,-3.05684,0.932503,-0.868648,-0.948856,0.772087,1.99405,1.08917,0.0236839,-0.127589,1.36044,0.0680837,0.533285,-1.67805,2.2521,-0.975757
0.116791,-1.30332,-1.0918,-1.12462,0.0907636,-2.0244,0.0122278,-1.28697,2.67381,-0.0234152,1.03716,-0.862372,-1.27572,3.0462,-0.761259,-3.0026,0.952986,-0.919151,-0.488049,0.537896,2.06969,0.776286,-0.038794,-0.118797,1.99344,0.0447344,0.902444,-2.00313,2.10824,-0.886356
0.198284,-0.803362,-0.971089,-1.21933,0.596767,-2.02592,0.579022,-1.41863,2.25225,-0.453246,-0.546099,-0.896752,-0.215433,2.84233,-1.17692,-2.72185,1.19199,-1.53643,-0.17656,0.855758,1.34174,0.79296,0.102964,0.00842002,2.01463,-0.275429,-1.52897,-2.35113,2.17301,-1.1608
0.562861,-0.837018,-1.29775,-0.658198,0.356315,-1.88031,0.229321,-0.366971,0.494735,-0.144046,-0.239889,-0.656266,-0.84315,2.62113,-0.850168,-2.61765,1.71732,-0.925496,-0.725973,0.811071,3.14061,2.73429,0.903247,0.182092,1.39448,-0.119795,0.660869,-2.23766,0.471267,-1.18233
0.550379,-1.65154,-1.17326,-0.983284,-0.23694,-1.86006,0.0300616,-1.9635,3.05152,-0.00711866,0.229034,-0.208763,-0.613932,3.8146,-0.884196,-3.24502,1.30827,-0.711056,-1.29574,0.811945,2.5884,0.550244,-1.40239,0.592054,-0.127442,0.924638,0.223347,-2.22416,2.20722,-1.02503
0.277405,-1.57911,-1.10009,-1.13395,0.473931,-2.0634,0.239109,-1.08866,1.44117,-0.0822606,0.467779,-1.47624,-0.416079,3.24369,-0.69526,-3.33635,0.598777,-1.02576,-0.679283,0.887843,2.09663,1.01072,-0.124319,-0.104778,1.8575,-0.082254,0.412992,-2.29641,2.16423,-0.970915
0.448745,-2.74328,-1.20567,-0.929078,0.187121,-2.1459,0.179091,-1.16741,0.717666,-0.0509974,1.19746,-0.791896,0.624175,3.06236,-0.812685,-3.04586,0.690855,-0.874234,0.0127258,0.862247,2.44975,0.828243,0.000221409,-0.0481558,1.45073,-0.128244,0.634518,-2.04292,2.17065,-0.99348
0.268765,-2.03405,-1.26721,-1.29484,0.174341,-2.06745,-0.0819045,-1.19658,1.74555,-0.111399,0.284457,-1.47282,-0.846829,2.54742,-1.16959,-3.05183,0.913459,-0.881966,0.00338964,0.861223,2.20936,1.62441,0.565005,0.570611,2.17122,0.162653,0.964563,-1.88895,2.02675,-1.08642
0.241758,-2.28878,-1.18489,-0.97933,-0.115859,-2.02714,0.0692283,-1.32281,2.46831,-0.0739773,-0.133355,-1.1474,1.46199,2.94241,-0.650025,-3.16311,0.945045,-0.936265,-0.95827,1.02297,2.11093,1.38218,0.235634,-0.022812,1.51186,0.104502,0.652005,-1.72813,2.15491,-1.00259
0.359616,-2.47318,-1.18943,-1.75198,0.905127,-1.37842,0.0890986,-1.16114,2.55329,0.523055,1.85083,-0.838168,-0.10282,3.37373,-0.874603,-3.12457,0.909721,-0.955585,0.312054,0.837831,1.97177,0.879827,0.102496,0.119185,2.04975,0.12201,1.35088,-2.17689,2.23677,-0.86527
1.04807,-1.8828,-1.03514,-1.10713,0.0773179,-1.97996,0.22962,-1.17288,0.893594,-0.0699013,-0.0772077,-1.18301,-0.0220015,2.97098,-1.97774,-3.1524,1.11888,-0.938306,-1.28616,0.848339,2.05925,0.666093,-0.486183,0.95259,0.561705,-0.154511,-0.20224,-1.90139,2.0353,-0.967294
0.380856,-2.04421,-1.13457,-0.816482,0.676277,-2.06117,0.191362,-1.22859,2.05601,-0.0779132,-0.877338,-0.713633,0.657625,3.0028,-0.970641,-3.0461,1.36219,-0.918397,-1.34323,0.989989,2.17331,0.602361,-0.183801,-0.157661,1.34516,-0.018742,0.539736,-1.96349,2.08558,-1.14704
0.319379,-3.28576,-1.16412,-0.392069,0.903238,-2.41163,0.205005,-1.30081,2.14001,-0.0661177,1.01555,0.335399,0.206389,2.90422,-0.491615,-3.06411,1.12663,-0.805513,-0.788843,0.880029,2.18661,0.967022,-0.0546195,0.0035707,1.94649,0.078125,0.922456,-2.38921,2.26785,-0.936078
0.094838,-0.989824,-0.705664,-1.07628,0.164636,-2.05887,-0.00154797,-1.25189,2.34413,-1.19213,0.841515,-1.08844,-0.287458,2.94287,-1.82069,-1.96888,1.50442,-0.9049,-0.442928,0.750528,2.61318,0.314915,-0.475847,0.38884,2.4882,0.440942,0.560773,-1.87848,2.16518,-1.00328
0.118356,-1.09526,-1.07997,-0.7484,0.112447,-2.11625,0.317925,-1.15912,2.5261,0.0887583,0.768638,-1.03781,0.390611,2.23978,-0.843578,-3.01808,1.20404,-0.886647,-1.20606,0.844778,1.8317,1.23735,-0.00402395,0.0302657,2.0185,0.618351,0.543461,-2.08023,2.15998,0.0285376
0.560478,-3.18857,-1.21056,-1.09746,0.0207919,-2.0873,0.160146,-1.15006,2.15078,-0.0927284,0.854982,-0.953271,0.21784,2.8706,-1.03505,-2.99068,1.02202,-0.899871,-0.325652,0.925594,1.95346,0.865169,-1.44436,-0.0516217,2.00408,0.0397435,0.754994,-1.92057,2.18824,-0.987985
0.265311,-0.977706,-0.432362,-1.1038,-1.50454,-0.647111,0.163439,0.331121,1.77925,-0.112279,0.673436,-1.06837,-0.0573115,2.85431,-0.77219,-3.08325,0.837752,-0.952689,-0.803687,0.846821,1.64983,0.235127,0.63149,-0.0441225,2.90282,1.75778,0.980687,-3.37662,2.25232,-1.2244
0.504502,-0.933963,-1.21176,-0.861268,0.229578,-2.20351,-0.0689708,-1.07725,2.58045,-0.0480013,0.379326,-0.885053,-0.0169015,3.09982,-0.886101,-3.35239,0.879497,-0.878855,-0.678855,0.853384,2.1959,1.79672,-1.01663,-0.35215,1.85648,0.0844654,0.6887,-2.03321,2.12124,-1.147
0.330605,-2.55878,-1.02787,-1.06279,0.229167,-2.05875,0.074713,-0.939302,2.30753,-0.171213,0.700574,-1.11354,-0.596927,3.03763,-1.32629,-3.08098,0.890027,-0.915774,-0.793009,0.797609,2.03411,0.879099,0.0576533,0.0205534,2.30209,0.278408,1.33175,-2.22939,2.1182,-1.08598
0.208624,-0.279995,-1.36861,-1.06058,-0.0961335,-2.22968,0.183323,-1.05186,2.32821,-0.0360757,1.22942,-0.913938,-0.757543,2.97552,-1.55211,-2.66955,1.42436,-0.88671,-0.830971,0.807117,2.40906,0.916936,-0.21438,0.820457,2.04487,0.347022,0.761062,-1.82745,2.17139,-0.909874
# Iteration 100
0.204033,-1.07597,-0.956862,-1.02153,0.0358535,-2.03602,0.0590345,-0.973802,2.06666,-0.0904858,1.04028,-1.00265,-1.05498,2.96695,-1.08581,-3.023,0.979312,-0.933512,-0.0544463,0.876052,2.07146,0.919367,-0.0423222,-0.0207179,1.96584,-0.0803136,0.952753,-1.99532,2.07162,-0.954446
0.999273,-1.0079,-0.95314,-1.09576,0.0510745,-2.0139,0.0292356,-0.898503,1.95891,-0.00768298,1.01256,-0.847336,-0.972005,2.91716,-1.06238,-3.0255,1.00824,-0.990606,0.0180277,0.864253,2.09777,0.934053,0.0064535,-0.0211242,1.95688,0.0759384,1.03134,-1.9902,2.0442,-0.974476
0.839507,-1.11867,-0.950001,-1.05521,-0.00654087,-2.01394,0.0629037,-0.930845,1.93923,-0.0360085,0.977922,-1.03459,-0.996342,2.95148,-0.986626,-3.02611,1.00655,-0.958791,0.0141983,0.852694,2.11568,0.930156,-0.0291092,-0.0394336,1.95614,-0.0695695,1.01769,-2.15077,2.03914,-0.969139
1.15381,-0.788112,-1.79574,-0.914573,-0.10127,-1.98773,0.0630788,-0.944902,2.025,-0.73308,0.952019,-0.915204,-0.865167,2.85738,-1.07515,-3.04807,1.01693,-0.996047,-0.580652,0.869924,2.1221,0.307207,-0.000439849,0.0327468,1.95674,-0.0423796,1.08765,-2.06844,2.05183,-0.850061
1.17763,-1.0122,-0.918615,-1.0509,-0.171988,-2.01346,0.0697312,-1.05014,1.95976,0.0181076,0.968635,-0.919192,-0.978871,2.81625,-1.01971,-3.01889,1.06425,-0.954776,-0.590872,0.871038,2.06408,0.958325,-0.0450552,-0.144136,1.96332,-0.0215276,1.05667,-2.02388,2.01541,-0.970001
1.46879,-0.536966,-0.101527,-0.959435,0.771674,-1.93349,0.0800558,-0.387427,2.11924,-1.27199,-1.29768,-0.829376,-0.920274,3.11777,-0.759029,-1.62209,1.72382,-0.609077,-0.957498,0.848348,2.47722,1.70148,0.131581,-1.05685,1.55116,-0.245482,0.864652,-2.17861,2.00524,-0.323825
1.00557,-1.00099,-1.0131,-1.05989,0.0719599,-2.02737,0.070162,-1.01786,1.94457,0.0229994,1.00735,-0.892273,-0.955408,2.96751,-1.08499,-3.02822,1.01777,-0.962355,-0.00217252,0.861723,2.06206,0.939454,-0.0421337,-0.0144722,1.94001,0.0597079,1.07031,-1.93411,2.02366,-0.975132
1.17997,-0.941036,-1.02189,-1.05557,-0.04536,-2.01129,0.0690619,-1.009,1.9565,-0.037451,1.0346,-0.958899,-1.01031,2.92655,-1.00543,-3.03401,1.01449,-0.955247,0.0553554,0.867423,2.06759,0.906638,-0.0431291,-0.000904452,1.94742,-0.0470857,1.02327,-2.07663,2.05276,-0.971383
1.06185,-1.50907,-0.684378,-1.05661,-0.0233777,-2.11987,0.137279,-1.05421,1.95374,0.061479,0.931432,-0.85334,-0.948815,2.96468,-0.974371,-3.08731,0.993727,-0.90878,0.0106686,0.889679,2.06467,0.727044,-0.0279191,0.00255564,2.2288,-0.0458181,0.967301,-2.02956,2.0439,-0.963636
1.02771,-0.868932,-1.01218,-1.05091,-0.00861311,-2.1226,0.0591588,-0.974085,1.94794,-0.0781789,0.988394,-0.920163,-0.962023,2.93077,-0.994914,-3.02224,1.00864,-0.955046,0.0449002,0.868752,2.0654,0.936776,-0.0249842,-0.00801432,1.96096,-0.0360338,1.01295,-2.04142,2.04231,-0.972273
1.07522,-1.01286,-0.977147,-1.05437,-0.0616557,-2.01411,0.0697406,-1.03746,1.94235,-0.0269496,1.00067,-0.915793,-0.895957,2.93352,-0.997934,-3.02744,1.05516,-0.957634,-0.0223878,0.866596,2.05777,0.937522,-0.0704718,-0.0141588,1.96502,-0.012696,1.00401,-2.02954,2.03841,-0.973057
1.04497,-1.00254,-1.04304,-1.05692,-0.0998578,-2.00876,0.0727408,-1.02406,1.93355,0.0318512,1.00714,-0.967435,-1.06696,2.93789,-1.02536,-3.03042,1.01219,-0.953005,-0.0165971,0.872468,2.05397,0.945374,-0.039226,-0.0233975,2.04855,-0.0301273,0.995278,-2.0236,2.04065,-0.962365
1.0586,-1.00271,-0.970713,-1.05729,-0.146862,-2.00921,0.0660973,-1.07222,1.95031,-0.000227136,1.02167,-0.89286,-0.935835,2.92726,-1.01889,-3.02562,1.0154,-0.953353,0.0273521,0.874657,2.06498,0.945137,-0.0720434,-0.0154707,1.95769,-0.00689519,0.971272,-2.0216,2.04062,-0.971582
1.06541,-1.02418,-0.978836,-1.07025,-0.0539467,-2.00514,0.0709477,-1.06767,1.91448,-0.104996,0.999682,-0.868149,-0.991901,2.94973,-1.04351,-3.03275,1.02394,-0.941314,0.0374991,0.874424,2.05845,1.08989,-0.0508619,-0.0173413,1.95903,-0.124396,0.990054,-2.01879,2.04091,-0.961227
0.867838,-1.01864,-0.980386,-1.05347,0.00211262,-2.02454,0.0626313,-1.09302,1.87678,-0.0867388,1.01588,-0.945455,-0.948408,2.93709,-1.07857,-3.04071,1.0303,-0.954214,0.0106678,0.876861,2.06402,0.934258,-0.00635602,-0.0255175,1.96327,0.0255422,1.00106,-2.03411,2.01883,-0.989176
0.97213,-1.05126,-0.93411,-1.06031,-0.0999285,-2.01113,0.0624707,-1.06797,1.86926,0.00393435,1.01856,-0.920175,-0.854165,2.95371,-1.0225,-3.02143,1.0166,-0.929516,-0.0176348,0.874748,2.07764,0.939371,0.0440746,-0.0235393,1.95559,-0.00450901,1.00621,-2.01521,2.04797,-0.974737
1.06864,-1.29797,-0.97801,-1.06362,-0.0940069,-2.01924,0.0445127,-1.09736,2.13991,0.112142,1.03321,-0.917977,-0.956945,2.96221,-1.00754,-3.04204,1.02932,-0.970269,0.0136161,0.864964,2.38566,0.948363,-0.12973,-0.0170199,1.94212,0.0271726,0.911869,-2.00093,2.05133,-0.973065
1.09379,-1.02443,-1.02925,-1.05789,-0.014378,-1.99493,0.0789846,-1.0651,1.93438,0.00665962,1.01473,-1.0202,-0.920248,2.87244,-1.04991,-3.01427,1.03647,-0.950993,-0.0267013,0.856484,2.05449,0.934802,-0.131244,-0.0139427,1.95626,-0.0754618,1.04873,-2.01896,2.03065,-0.968838
0.972106,-1.04052,-1.02166,-1.05798,-0.0668014,-2.0717,0.0611106,-1.07448,1.96778,0.00816511,1.02511,-0.964082,-0.946733,2.91612,-1.04986,-3.02788,1.04888,-0.975954,0.0384113,0.876577,2.05619,0.915216,-0.0462878,-0.0357542,1.95046,-0.0319521,0.995207,-2.00239,2.03373,-0.969325
1.02661,-1.03119,-1.06401,-1.05489,-0.0797867,-2.03222,0.060212,-0.993082,1.92925,0.0165993,1.00558,-0.946884,-0.972254,2.95145,-1.06313,-3.026,1.00264,-0.957778,0.027034,0.869496,2.04449,0.931885,-0.0521988,0.00238418,1.95529,-0.0305183,1.01763,-2.0357,2.04372,-0.97354
1.00396,-0.843649,-1.02039,-1.06264,-0.0616011,-2.00796,0.0591359,-1.12611,1.91962,0.0353642,0.994375,-0.939454,-0.940017,2.93273,-1.16313,-3.03799,0.944541,-0.947157,0.0283049,0.84529,2.05827,1.02892,-0.185491,-0.00845302,1.96504,0.0167043,0.997475,-2.01167,2.04022,-0.985607
1.02728,-1.04166,-0.96665,-1.06299,-0.0482463,-1.9918,0.0595093,-1.03189,2.27124,0.00124874,1.04054,-1.01609,-1.12703,2.95821,-0.975629,-3.03796,0.938758,-0.943994,0.302864,1.02952,1.98118,1.06,-0.0504614,0.12143,1.9587,-0.0687398,0.997016,-2.02958,2.03886,-0.962192
1.06032,-1.09124,-0.940028,-1.04238,-0.0633438,-2.02329,0.0715956,-1.04344,1.85684,0.0201894,0.966212,-0.950609,-0.989557,2.91483,-1.09674,-3.02505,1.00421,-0.971534,0.013465,0.871821,2.06499,0.930809,-0.0665111,-0.00636594,1.9533,-0.0206042,0.971848,-2.01372,2.04156,-0.970059
1.00697,0.998137,-1.12187,-1.09302,-0.20665,-2.0884,0.00928606,-0.988135,1.77813,-0.416317,0.304213,-0.865417,-1.18638,2.91408,-1.25469,-3.03181,1.9739,-0.915507,-0.0582871,0.842783,2.00539,0.882939,-0.00234106,-0.182625,1.69682,-0.069907,1.29634,-2.09053,2.0528,-0.838652
0.940576,-1.06542,-0.949671,-1.07398,-0.0597901,-2.02854,0.0936744,-1.0113,1.99869,0.222215,1.09259,-0.943368,-0.909812,2.72031,-0.861069,-3.05089,0.967268,-0.94153,0.433422,0.887744,2.08857,1.03109,-0.00576513,-0.0678547,1.9292,-0.108448,1.00356,-2.06599,2.05023,-0.964142
1.09841,-1.02041,-1.01231,-1.05101,-0.0837123,-2.005,0.072102,-0.981793,1.87211,-0.0375007,1.01196,-0.869917,-1.00884,2.96131,-1.0752,-3.0346,1.01984,-0.96738,0.0931004,0.873334,2.10628,0.928273,-0.0427425,-0.0158032,1.95556,0.155915,1.00315,-2.02568,2.04289,-0.97864
1.02116,-1.11221,-0.97823,-1.0576,-0.0799554,-2.05967,0.0718819,-0.985203,1.96763,-0.0185667,1.001,-0.964396,-0.994784,2.95661,-1.01347,-3.02589,1.01667,-0.981094,0.0301556,0.870482,2.0515,0.953341,-0.0321415,-0.0106247,1.96405,0.0462455,0.987178,-2.01968,2.04705,-0.972306
1.05552,-1.05829,-0.924704,-1.05382,-0.0508189,-2.02352,0.0714109,-1.10025,1.94282,-0.0415204,0.969045,-0.911848,-0.960569,2.94972,-1.09402,-3.02462,1.04277,-0.95681,0.0980339,0.866773,2.05363,0.927996,-0.051426,-0.000758932,1.95757,-0.0772923,1.01604,-2.02121,2.03998,-0.969341
1.02776,-0.984979,-0.903211,-1.05947,-0.0531567,-2.00648,0.071278,-1.13182,1.95653,0.030287,0.981453,-0.728303,-0.883105,2.92394,-1.07518,-3.01821,1.01749,-0.949049,0.0459831,0.877489,2.07052,0.904252,-0.079995,-0.00230564,1.95798,-0.0247956,1.00432,-2.02765,2.03932,-0.970815
1.0309,-0.879105,-1.02993,-1.05804,-0.0733643,-2.02316,0.0723383,-1.032,1.9484,0.00918855,1.01417,-0.868345,-0.930486,2.94546,-1.07649,-3.03287,0.973721,-0.96644,0.00207985,0.865925,2.06192,0.928344,-0.022965,-0.0282268,1.94442,-0.0269953,0.999955,-1.99387,2.04364,-0.970128
1.01563,-0.996414,-0.932938,-1.06394,-0.0528858,-1.93622,0.0874465,-1.18776,1.88962,0.0368663,0.999807,-0.924548,-0.870579,2.92414,-1.13473,-3.02488,1.00733,-0.973714,0.0465112,0.874848,2.08845,0.930439,-0.0204531,-0.0124584,1.94741,-0.0163032,1.02078,-2.02911,2.04551,-0.977644
1.0117,-1.00026,-0.979701,-1.05343,-0.032617,-2.01624,0.0591199,-0.956448,1.92381,0.0182115,1.01983,-0.963485,-0.994953,2.95163,-1.06386,-3.03463,1.00454,-0.955912,-0.0127926,0.866926,2.07711,0.935526,-0.0542321,-0.0154387,1.95589,-0.0360689,1.00907,-2.02295,2.04166,-0.983088
1.05608,-0.983193,-0.835783,-1.04629,-0.000777489,-2.02084,0.0578292,-1.05378,1.91206,-0.0179137,1.04578,-1.01188,-1.07075,2.96137,-1.11394,-3.03061,1.00407,-0.960969,0.185469,0.87192,2.14484,0.943087,-0.0342189,-0.0210371,1.94574,-0.013486,0.979942,-2.03592,2.05053,-0.988373
1.04613,-0.987567,-0.970084,-1.07685,0.215706,-2.01064,0.0689099,-0.935935,0.533034,0.0316505,0.917467,-0.959536,-0.908096,2.87684,-1.30852,-3.0209,1.50609,-0.944767,-0.177441,0.869956,2.17508,0.891355,-0.294576,-0.022194,1.95236,0.155555,0.99045,-1.94264,2.20164,-0.973005
0.99879,-0.995061,-0.755406,-1.057,-0.0811295,-2.00224,0.0609952,-1.00473,2.00377,0.0254666,1.0924,-1.01496,-1.0259,2.94626,-0.957701,-3.03245,0.999025,-0.927005,-0.0189881,0.8649,2.02478,0.938454,0.083645,-0.00406713,1.93577,0.00616172,1.04814,-2.02179,2.04066,-0.964908
1.04894,-1.02813,-0.967515,-1.05304,-0.0326062,-2.03466,0.056435,-0.968514,1.93232,0.0430196,0.985375,-0.981943,-0.917311,2.89529,-1.13608,-3.01835,1.01269,-0.932249,-0.0120554,0.875914,2.09541,0.893149,-0.0595662,-0.0135835,1.8869,0.0687467,0.99363,-2.03085,2.03784,-0.987777
0.866099,-1.05248,-0.996271,-1.04213,-0.0391628,-2.03563,0.0591635,-1.08466,1.81856,-0.000825528,0.844876,-0.920774,-0.919096,2.93278,-1.08063,-3.02312,1.02129,-0.952403,0.0254787,0.874336,2.09957,0.885665,-0.191242,-0.0267173,1.93798,-0.0313019,1.28256,-2.01824,2.02318,-0.994159
1.02517,-1.01165,-0.988377,-1.02212,-0.0575558,-2.01332,0.0651967,-1.05419,1.77356,-0.032831,1.06506,-0.858864,-1.02595,2.87941,-1.14154,-3.03371,1.01246,-0.912395,-0.0153856,0.869401,2.08544,0.996678,-0.0448189,-0.0528817,1.9463,-0.0494649,1.01762,-2.07269,2.04431,-0.972809
0.92495,-0.946766,-1.06927,-1.04904,-0.0516183,-2.02595,0.0587266,-0.9982,1.87679,0.0650616,1.03233,-0.933656,-0.999409,2.97698,-0.926637,-3.03403,1.17846,-0.967221,-0.0288724,0.854332,2.09144,0.832921,-0.132752,-0.0744582,1.93196,-0.00436887,0.984384,-2.14257,1.89125,-1.01922
0.999008,-1.04852,-1.02415,-1.06115,-0.0558198,-2.02353,0.058572,-0.95489,1.90335,0.03115,1.01328,-0.979087,-0.962504,2.95538,-1.09512,-3.03004,0.999265,-0.961151,-0.00204991,0.860512,2.06474,0.939236,-0.078805,-0.0161154,1.95327,-0.0360494,1.00062,-2.02528,2.03267,-0.969986
1.02021,-0.959039,-0.921546,-1.04923,-0.0561001,-2.01053,0.061411,-1.34656,1.86498,-0.0549001,1.01899,-0.996661,-1.01573,2.9502,-1.13255,-3.01941,1.01931,-0.958309,0.0387839,0.862597,2.05841,1.02058,-0.104091,-0.0906942,1.95291,-0.0471196,1.20688,-2.02085,2.02185,-0.989652
1.05494,-1.05019,-1.01669,-1.05522,-0.0252446,-2.01009,0.064378,-0.926839,1.91229,0.0245337,1.04289,-0.990846,-0.906925,2.97736,-1.10942,-3.03821,1.00952,-0.95554,-0.0132954,0.86996,2.08397,0.936841,-0.0475785,-0.0158818,1.96189,-0.0568148,1.00883,-2.02191,2.04099,-0.98964
0.967742,-0.964866,-0.969315,-0.998652,-0.0764927,-2.01008,0.0571254,-0.883968,1.805,0.0263218,1.03901,-1.04447,-1.03391,2.92685,-1.10836,-3.03184,1.00047,-0.969263,-0.0202064,0.862779,2.076,0.927554,-0.0712863,-0.0240249,1.93786,-0.0287554,0.966853,-2.02937,2.04292,-0.979115
1.17212,-1.23395,-1.44474,-1.06475,-0.387005,-2.01952,0.0304745,-0.778382,1.97411,0.0176661,1.3724,-0.976181,-0.7359,2.96433,-1.2233,-3.17537,1.09036,-0.857609,0.123111,1.01879,2.61026,1.49425,-0.221152,-0.509191,2.7205,-0.038176,0.940843,-2.05539,2.0898,-0.909676
0.92515,-0.992039,-0.983466,-1.04987,-0.0585779,-2.05173,0.0639712,-0.959651,1.95296,0.0335995,1.01256,-0.904878,-1.02897,2.94442,-1.09272,-3.04477,1.01892,-0.957113,-0.000122985,0.864872,2.06417,0.933984,-0.0776572,-0.0201619,1.96466,0.0230726,0.984435,-2.02391,2.04437,-0.992189
0.99686,-1.02073,-0.906983,-1.05886,-0.0119051,-2.0421,0.0640318,-0.944268,1.93403,0.0268331,1.0395,-0.917492,-1.04891,2.93057,-1.05384,-3.02911,1.00822,-0.942594,-0.0185071,0.856415,2.07322,0.932076,-0.0479797,-0.0153948,1.95842,-0.0206951,1.00075,-2.02699,2.03724,-0.990777
1.11978,-0.952212,-0.913131,-1.0489,-0.0667745,-1.97911,0.0688368,-0.951778,1.94962,0.045177,0.967571,-0.928521,-0.99075,2.95401,-0.90262,-3.03668,1.01394,-0.964317,-0.00787375,0.868308,2.08777,0.928295,-0.0497319,-0.0356429,1.95167,-0.0204892,1.01182,-2.02386,2.05671,-0.97688
1.00963,-1.10377,-0.972794,-1.05772,-0.0394364,-2.01516,0.0637998,-0.934028,1.92491,0.0311046,1.03396,-0.951294,-0.965242,2.94714,-1.11166,-3.03423,0.996305,-0.956481,-0.00594917,0.863298,2.04058,0.924392,-0.058379,-0.0213687,1.9554,-0.0123192,1.02304,-2.01818,2.04282,-0.989807
0.982828,-1.01088,-1.09032,-1.16802,-0.0794237,-1.99052,0.0786798,-0.967587,1.88623,0.102769,1.00908,-0.905998,-0.817215,2.94055,-1.03683,-3.02529,0.966399,-0.954708,-0.0183996,0.87379,2.07441,0.945072,-0.0798168,-0.0212734,1.95238,-0.0691604,1.03313,-2.03385,2.03571,-0.979448
1.01765,-1.03386,-1.11902,-1.0563,-0.0639378,-1.99696,0.0641481,-1.05667,1.88769,0.0288878,0.912682,-0.946121,-0.955449,2.98555,-1.12,-3.02723,0.909619,-0.960812,-0.0142951,0.880386,2.09763,0.924854,-0.0272684,0.0362793,1.96635,-0.0422145,0.955033,-2.02405,2.04316,-0.969811
# Iteration 150
0.995758,-1.00203,-0.995307,-0.967332,-0.0313985,-1.98992,0.0047737,-1.0002,1.97127,-0.0490585,0.999304,-1.03894,-0.97167,3.00847,-0.99931,-2.98371,0.996645,-0.968368,-0.0111615,1.00358,0.440448,0.993172,0.0130233,0.029886,1.97654,0.00204281,1.003,-2.01314,2.01719,-0.969398
1.01195,-1.00322,-0.977557,-0.988896,-0.011959,-1.99349,-0.00871503,-0.987633,1.98312,-0.0324368,0.99984,-1.0378,-0.968113,2.9762,-1.00539,-2.9898,0.996216,-0.986788,-0.00142965,0.986148,1.60937,0.995526,0.0139137,0.024653,1.97415,0.00236872,1.02492,-1.9819,2.0133,-0.972
1.00634,-1.00809,-0.970281,-0.977759,-0.0132955,-1.99349,0.0119523,-0.998828,1.98762,-0.0392994,1.00144,-1.03163,-0.968245,2.94951,-0.995256,-3.00323,0.998917,-0.996618,-0.0250427,0.976133,1.05486,0.996657,0.013627,0.0504195,1.97372,0.00329989,1.00697,-1.97493,2.01328,-0.969965
0.999418,-0.991227,-0.971102,-0.981635,-0.0086765,-1.98622,0.00568242,-0.996241,1.98998,-0.0265257,1.00767,-1.03312,-0.968198,2.97469,-1.00374,-3.00707,0.995905,-1.00001,-0.0271744,0.979222,0.856826,0.993827,0.0119192,0.030651,1.95722,0.00384426,1.03427,-1.98024,2.00177,-0.969771
1.01167,-1.00878,-0.982832,-1.00118,-0.000281713,-1.9944,-0.0141515,-0.973015,1.98424,-0.0464468,0.991965,-1.04391,-0.966967,2.98503,-0.999859,-3.00322,0.994525,-0.992081,-1.11336,0.993604,1.64715,0.99581,0.0134333,0.0405978,1.9678,0.00774356,1.0115,-2.06914,1.99963,-0.964118
0.993306,-1.00863,-0.98768,-0.987266,-0.00909799,-1.99247,0.00550084,-0.993676,1.98304,-0.00820237,1.00226,-1.02592,-0.970871,2.9738,-1.0077,-2.99445,0.999764,-1.00742,-0.0185054,0.964281,1.95263,0.999867,0.00532482,0.0301582,1.96104,-0.000802349,1.02178,-1.97746,2.01368,-0.967993
1.00496,-1.00673,-0.980092,-0.977471,0.0100743,-1.99038,0.00329321,-0.976159,1.98067,-0.0460664,0.994658,-1.03914,-0.968245,2.96727,-1.00002,-2.97129,0.996363,-1.00508,-0.0135175,1.00949,1.62786,0.988523,0.000859794,0.0467399,1.97547,0.00316694,1.02179,-1.96619,2.00924,-0.969121
0.997878,-1.00852,-0.978017,-0.931034,-0.0551,-2.00467,-0.00588173,-0.993071,1.98775,-0.0198785,1.00421,-1.02828,-0.968221,2.92865,-1.003,-2.99994,0.996197,-1.00407,-0.0236004,0.960927,0.971688,0.995203,0.0109826,0.0500451,1.96784,0.00404979,1.0059,-1.97654,2.01594,-0.967934
1.01167,-1.00691,-0.975119,-0.985378,-0.0105411,-1.99082,0.00496885,-0.993954,1.98594,-0.0372369,0.991072,-1.04814,-0.969634,2.97807,-1.00162,-2.98304,0.99643,-0.996194,-0.0235972,1.00511,-0.182629,0.998214,0.0159807,0.0627156,1.97155,0.00728464,1.02263,-1.97273,2.01775,-0.969638
0.991693,-1.0094,-0.976682,-0.969397,-0.0032427,-1.9912,0.00430013,-0.994304,1.98085,-0.03624,1.00015,-1.04924,-0.970066,2.96612,-0.983886,-2.99356,0.996343,-0.990787,-0.0216724,0.975052,0.473955,0.994475,-0.00143349,0.0572033,1.9684,0.0108184,1.00611,-1.97664,2.01472,-0.964354
1.00185,-1.0106,-0.970315,-0.975772,0.00431577,-1.99343,0.00263122,-0.977959,1.98948,-0.0436457,1.0005,-1.00062,-0.967729,2.96574,-1.02756,-3.00019,0.996286,-1.00786,-0.0163683,1.01201,0.959871,0.992563,0.0160033,0.0472085,1.98003,0.00221832,1.01611,-1.97463,2.00312,-0.968514
1.00328,-1.00798,-0.970424,-0.939209,-0.00893614,-1.9913,0.00544371,-0.989172,1.9918,-0.0444332,1.01244,-1.03777,-0.969767,2.98593,-1.01229,-2.98994,0.996739,-0.99155,-0.028147,0.983892,0.599438,0.99632,0.000545196,0.0464934,1.97144,0.00567905,1.02625,-1.96723,2.02112,-0.968873
1.02097,-1.01376,-0.979012,-0.941558,-0.00835032,-1.99571,0.00536815,-0.988295,1.98681,-0.0168664,0.998272,-1.02398,-0.963403,2.96938,-0.972472,-3.00469,0.995868,-1.01444,-0.0244687,0.997097,1.43781,0.997039,0.00680006,0.0466249,1.96997,0.0108285,1.01895,-1.97301,2.0028,-0.970496
1.00437,-1.01527,-0.993308,-0.962279,0.0116598,-1.99203,-0.0124109,-1.00493,1.98013,-0.0589586,1.01682,-1.05307,-0.966888,2.9734,-1.02122,-3.00275,0.996785,-1.01089,-0.0163437,0.999029,0.344762,0.994723,0.0306166,0.036744,1.95917,0.00307675,1.00859,-1.9732,2.06071,-0.971569
1.00865,-1.00782,-0.976187,-0.966444,-0.00886829,-1.98947,0.00457468,-0.987837,1.98138,-0.01973,0.997796,-1.04404,-0.970245,2.94393,-0.994004,-2.99368,0.995987,-1.01197,-0.0146223,0.986668,1.1259,0.997791,0.0132595,0.0635671,1.96968,-0.00101439,1.01097,-1.97148,2.01365,-0.969013
0.997982,-1.01787,-0.978286,-0.985509,-0.0191374,-1.99319,0.00499032,-1.02084,1.99017,-0.0254587,1.00008,-1.03305,-0.969335,2.9781,-1.00146,-2.99587,0.996843,-0.991465,-0.0207878,0.996145,1.782,0.995582,0.00650623,0.0259025,1.97341,0.00279423,1.03885,-1.97716,2.02803,-0.968061
1.00234,-1.00796,-0.976234,-0.933559,-0.00737534,-1.99008,0.00341949,-0.993528,1.98683,-0.0303291,1.00571,-1.04056,-0.969,2.97009,-1.00131,-2.99172,0.996594,-0.999975,-0.0212278,0.994607,0.879934,0.996104,0.0126904,0.032701,1.96939,0.0073156,1.018,-1.9749,2.01097,-0.968847
1.02486,-1.00763,-0.976949,-0.966686,-0.011832,-1.99482,0.00726918,-0.986522,1.98515,-0.00785152,0.998098,-0.997709,-0.971045,2.97291,-1.03999,-2.97666,0.996283,-1.00339,-0.0132612,0.992786,1.4605,0.99837,0.0299731,0.0416749,1.98456,-0.000484861,0.998915,-1.97222,2.01046,-0.967821
1.00297,-1.00949,-0.963883,-1.01437,0.018431,-1.98623,0.00639759,-1.00396,1.98323,-0.00388353,0.973276,-1.02794,-0.971065,2.98692,-0.993965,-2.9607,0.995957,-1.01704,-0.00992326,0.993123,2.5299,0.996687,-0.00468857,0.0219352,1.99841,-0.00516004,0.998267,-1.98244,1.99715,-0.968715
1.00458,-1.00332,-0.977897,-0.968176,-0.00354056,-1.99347,0.00506694,-0.992797,1.99055,-0.0592067,1.00079,-1.04537,-0.969263,2.97496,-1.00423,-3.00542,0.996031,-1.00726,-0.0177471,0.983395,1.08947,0.992798,0.00814687,0.039041,1.96917,0.0079803,1.01293,-1.97504,2.02054,-0.968554
1.00446,-1.00693,-0.977054,-0.977849,-0.0261099,-1.99018,0.00229301,-0.980515,1.98075,-0.0236489,0.989967,-0.974553,-0.972022,2.97869,-1.00367,-2.99183,0.996197,-0.955241,-0.0166777,0.998001,1.18738,1.00384,-0.000149495,0.0498538,1.97439,0.0086679,1.0102,-1.97131,2.01534,-0.967645
0.985384,-0.985035,-0.975767,-0.986153,-0.00792718,-2.00241,0.00467272,-0.990022,1.98447,-0.0198852,1.00077,-1.06643,-0.969149,2.99905,-1.00571,-2.99601,0.997281,-1.00147,-0.0264655,0.978541,0.436331,0.994947,0.011478,0.042682,1.96869,0.00668117,1.01853,-1.98055,2.00864,-0.96875
0.982808,-0.989292,-0.977745,-1.01325,-0.00421478,-1.98783,0.0109217,-0.987413,1.98786,-0.0283785,1.00383,-1.01814,-0.96761,2.96826,-1.00119,-2.99004,0.99609,-0.992835,0.0159027,1.04898,1.62052,1.00128,0.00349826,0.0464427,1.97523,-0.00993494,1.01643,-1.98256,1.98897,-0.96858
1.00915,-1.00385,-0.980286,-0.98446,0.0835778,-1.51798,-0.00826004,-0.993612,1.99384,0.0137531,0.802275,-1.0401,-1.04413,2.95418,-0.97565,-2.98069,0.981159,-0.971034,0.135073,1.02166,1.42256,0.999344,0.0766936,0.044682,1.99804,0.0138211,1.00958,-1.97264,2.06192,-0.967932
0.980591,-1.00844,-0.974283,-0.993245,-0.010442,-1.98365,0.00688301,-0.983966,2.00224,-0.0129172,0.994224,-0.989879,-0.966539,2.98011,-0.981457,-2.98669,0.996108,-0.969721,-0.0108716,0.97606,1.03895,1.00032,0.0189059,0.0356346,1.97629,-0.013354,1.00395,-1.97596,2.01454,-0.966113
0.988609,-0.982552,-0.978619,-1.02897,-0.0222691,-1.98347,0.00628251,-0.976591,2.00101,-1.72581e-05,0.999025,-1.01576,-0.96222,2.932,-0.972101,-2.96993,0.996369,-0.979139,-0.00194361,0.995709,1.60874,1.00253,0.00227977,0.0240487,1.97841,-0.0186856,0.999369,-1.97257,1.99006,-0.968451
0.994097,-1.01171,-0.973606,-0.968778,-0.00738906,-1.986,0.0031,-0.992427,2.01117,0.0035887,1.00154,-0.959358,-0.966834,2.98421,-0.984272,-2.97322,0.996037,-0.970321,-0.0221839,0.964807,0.725801,0.993211,0.0207488,0.0426159,1.97883,0.00139187,1.0176,-1.97403,2.02874,-0.968974
0.978185,-1.01142,-0.976924,-0.984896,-0.00431744,-1.98907,0.0125836,-0.979082,1.99752,0.0142795,0.996129,-1.01968,-0.966915,2.9738,-0.982422,-2.99477,0.995887,-0.975358,-0.00349238,0.959764,1.51774,1.00613,0.0109032,0.0177978,1.98129,-0.0150435,1.01353,-1.98472,1.99429,-0.964851
0.994027,-1.01027,-1.02397,-1.02198,-0.00793554,-1.98881,0.00132736,-0.960416,1.99792,-0.00522918,0.9919,-0.970339,-0.965621,2.97737,-0.976394,-3.02339,0.996656,-0.967105,-0.0118831,1.00849,0.657424,0.998645,-0.00815905,0.0108441,1.97897,-0.0115577,0.995451,-1.97493,2.01943,-0.96655
1.0055,-1.00922,-0.975944,-0.99263,-0.0118913,-2.00587,0.00227926,-0.902548,2.01381,-0.0113483,0.993166,-0.994945,-0.965506,2.96268,-0.991551,-2.99201,0.99593,-0.936272,-0.00510924,0.998227,1.77329,0.99737,0.0241379,0.00982676,1.9812,-0.0160654,0.997063,-1.97755,1.97872,-0.965349
0.978393,-1.01038,-0.974122,-1.00071,-0.0103612,-1.98679,0.0069079,-0.982769,2.0117,-0.0123283,1.00023,-0.989792,-0.966778,2.97678,-1.00178,-2.98364,0.9964,-0.996286,-0.0210345,0.989023,0.567085,0.99827,0.0128275,0.0253208,1.97128,-0.0121238,0.999987,-1.97348,2.02833,-0.97023
1.00157,-0.950137,-0.973031,-0.995048,-0.0094489,-1.98049,0.0188319,-0.978095,1.99541,0.00236546,0.995488,-0.989179,-0.9675,2.97389,-0.986602,-2.97892,0.995513,-0.93341,-0.00512055,0.988982,2.24357,0.986883,0.00476435,0.0302322,1.98582,-0.0149539,0.986745,-1.97603,2.00514,-0.963405
0.985908,-0.993838,-0.973274,-0.996749,-0.0160793,-1.98353,-0.00252793,-0.979896,1.98986,-0.00522545,0.986808,-0.941257,-0.9695,2.96854,-0.962434,-2.98763,0.995198,-0.926055,-0.00695106,0.971933,1.66409,1.00296,0.0127,0.0205336,1.97364,-0.00615343,0.999444,-1.98056,2.00862,-0.965838
0.981832,-1.01072,-0.974921,-1.02792,-0.00887395,-1.97884,0.0140322,-1.00696,1.97712,-0.0015516,0.921535,-0.981804,-0.967528,2.97766,-0.991078,-2.97888,0.996885,-0.949365,-0.00302774,0.994375,2.12402,1.00319,0.0185734,0.0176658,1.97476,-0.0196021,1.0141,-1.98464,2.0127,-0.963794
0.996113,-1.00109,-0.976689,-1.02465,-0.0168343,-1.99006,0.00297076,-0.997298,2.01016,0.000754426,0.948501,-1.00603,-0.967726,2.97868,-0.984457,-2.94224,0.996076,-1.00479,-0.013398,1.00958,1.05192,1.00375,0.0541924,0.0476636,1.96977,-0.0108497,0.99009,-1.97763,2.01797,-0.964725
0.994557,-1.01154,-0.976907,-1.00602,-0.0146606,-1.98037,0.00740175,-0.988354,1.99396,-0.00551406,0.991569,-0.978004,-0.991322,2.96807,-0.991656,-2.96875,0.995717,-0.994894,0.00886572,0.996031,2.37649,1.00004,0.00963085,0.0278935,1.98104,-0.0101318,0.978678,-1.98415,2.02579,-0.963171
0.976243,-1.01145,-0.973104,-0.956593,-0.0114757,-1.98828,0.0089954,-0.983991,2.00123,-0.0110387,0.984287,-1.01506,-0.967404,2.98545,-0.987512,-2.96317,0.996479,-0.988152,-0.0110506,0.972159,0.647472,0.999257,-0.00301525,0.0395972,1.97469,-0.0244971,1.01788,-1.97304,2.01569,-0.969768
0.976256,-1.00657,-0.977604,-1.03954,-0.0184524,-1.98191,0.00129488,-0.975423,2.01715,-0.0172486,1.00277,-0.974571,-0.967863,3.00465,-0.979706,-2.96536,0.995769,-0.98751,-0.0141484,1.00555,0.976834,0.998116,0.0263287,0.0198218,1.97576,-0.00276764,0.981891,-1.95607,2.01668,-0.966128
1.00998,-1.00667,-0.973338,-1.0049,-0.0131528,-1.98089,0.00465331,-0.988904,1.9664,-0.0146517,0.976813,-1.02299,-0.964644,2.95736,-0.992613,-2.98041,0.996119,-0.974667,0.0137207,0.943823,0.825339,0.993559,0.0259988,0.0276634,1.9734,-0.01922,0.997888,-1.95311,2.01974,-0.967043
0.975204,-1.00938,-0.974633,-0.96733,-0.0079916,-1.98685,0.00773857,-0.98805,1.99234,-0.0082244,0.993424,-1.03837,-0.968818,2.96399,-0.935774,-2.98808,0.996203,-0.978269,-0.00578333,0.973632,1.21262,1.00047,0.0146522,0.0518337,1.97446,-0.016763,1.00556,-1.97244,2.01372,-0.965793
1.02529,-1.00704,-0.975497,-1.02832,-0.0119913,-1.98049,0.0091176,-1.0087,2.01341,-0.00940285,0.989104,-0.982446,-0.970473,2.94591,-0.982862,-2.97239,0.996734,-0.944457,-0.009134,1.01841,1.50136,1.00212,0.00774646,0.0139379,1.96256,-0.0124756,1.01598,-1.98287,1.99047,-0.973277
0.997482,-1.01281,-0.973945,-0.994216,-0.00724528,-1.98483,0.00418585,-0.989242,2.00317,-0.00938308,0.99575,-0.983756,-0.969871,2.99858,-0.985068,-2.9652,0.996742,-0.971574,-0.00783955,0.990323,1.53025,1.00032,0.0235068,0.0201842,1.98198,-0.0110065,1.00129,-1.97391,1.9805,-0.966593
0.993028,-1.00765,-0.974842,-1.01002,-0.0142237,-1.98198,0.00568612,-0.984688,1.99954,0.000202267,0.998777,-0.963683,-0.967209,2.97777,-0.993352,-2.97382,0.995874,-0.954412,-0.0129342,0.979597,1.41517,0.998645,0.00842188,0.0311791,1.98624,-0.0102725,1.02715,-1.9564,2.00618,-0.971626
1.00598,-1.00641,-0.975015,-1.00393,-0.000129466,-1.98137,0.00314022,-0.985295,2.00602,0.00227426,0.990909,-0.967352,-0.968272,2.97613,-0.968619,-2.9742,0.996316,-0.984576,-0.0075456,1.01092,2.24553,0.999794,-0.00335931,0.0265622,1.97451,-0.0059748,0.983752,-1.98494,2.01139,-0.965209
0.985886,-1.0099,-0.974567,-0.98299,-0.00568839,-1.98574,0.0047685,-1.01325,1.99953,-0.0192696,0.987743,-1.06398,-0.973657,2.95929,-0.995931,-2.97603,0.995851,-0.959839,0.00835613,0.99393,0.757896,0.996286,0.0378168,0.0380518,1.9739,-0.0118168,0.999337,-1.97056,2.00648,-0.96558
0.983423,-1.01475,-0.980251,-1.00333,0.00077713,-1.99728,0.00598989,-0.988922,2.00037,0.0207912,0.969271,-0.992092,-0.979213,2.98876,-0.985721,-2.93943,0.996909,-0.965031,-0.00848888,1.17394,1.51174,1.01247,0.0295218,0.0152969,1.97721,0.00183084,1.01163,-1.97479,2.02137,-0.968584
1.01122,-1.00217,-0.980233,-1.01691,-0.0109372,-1.97387,0.00955923,-0.990218,1.99737,-0.0200924,1.00485,-1.01265,-0.966931,2.97626,-0.978873,-2.97992,0.995961,-0.955286,-0.00783588,0.974899,1.46078,0.999952,0.0115348,0.0223217,1.97948,-0.00728479,1.00156,-1.98411,1.9951,-0.964776
1.00604,-1.01293,-0.973919,-1.01135,-0.00872506,-1.981,0.00578942,-0.982499,1.98021,-0.00845484,0.994188,-0.990032,-0.965534,2.99917,-0.973785,-2.97002,0.995889,-0.937277,-0.00299347,1.04586,1.69175,0.996099,0.0132259,0.0337058,1.98595,-0.00421648,0.993613,-1.96904,1.9843,-0.964799
0.990379,-1.00224,-0.976303,-0.96858,-0.00715204,-1.98255,0.00716389,-0.991095,1.99163,-0.0369741,1.01442,-0.974516,-0.967623,2.95511,-0.997488,-2.97794,0.996051,-0.989894,-0.00691171,0.993524,0.656049,1.00047,0.0337607,0.0430514,1.98308,-0.00721611,1.01792,-1.97152,2.0373,-0.964982
0.997765,-1.00646,-0.987629,-1.00783,-0.00318233,-1.9827,0.00645886,-0.988213,2.0127,-0.0166947,0.998215,-0.965949,-0.970482,3.01944,-0.9687,-2.98291,0.997638,-0.987047,-0.0108153,1.02718,1.28638,1.00155,0.0205404,0.0376112,1.97885,-0.0445542,1.01217,-1.97782,2.00143,-0.964067
# Iteration 200
1.0016,-0.99894,-0.975487,-0.994947,-0.00492159,-2.0054,0.00362556,-0.980388,2.0112,0.00411744,1.00939,-0.982108,-0.977316,2.98012,-0.993133,-1.43575,0.996261,-1.00342,-0.00281334,1.01692,-0.0148709,0.995886,-0.00226696,-0.00784436,1.97845,0.0355528,0.995464,-1.95795,2.03293,-0.963285
0.991891,-1.01012,-0.97802,-0.996626,-0.00312119,-2.00593,-0.000700241,-0.985342,2.01346,-0.00221338,0.993162,-0.97079,-0.981001,2.98043,-1.01878,-2.48991,0.996187,-0.995506,-0.00358014,1.00138,0.0137851,0.994314,0.00449499,-0.0111437,1.97993,0.000522984,0.991968,-1.95961,1.98885,-0.962561
0.990174,-1.00324,-0.975015,-1.00008,-0.00511602,-1.99768,-0.00272885,-0.982962,2.02,-0.000534006,0.994012,-0.989358,-0.976722,2.97928,-1.0107,-2.70997,0.995881,-0.987493,0.000954755,1.01353,0.0937007,1.00207,-0.00913568,-0.00779448,1.97833,0.0209908,0.99077,-1.98303,2.00289,-0.963095
0.992689,-1.00359,-0.978741,-0.989918,-0.00416057,-2.00194,0.0044193,-0.98421,1.97218,-0.00176926,0.997736,-0.971581,-0.974595,2.97842,-1.00302,-2.02499,0.994517,-0.998495,-0.00767102,1.0011,-0.138265,1.0012,0.0151365,-0.00713982,1.97808,0.032041,0.995838,-1.9878,1.98807,-0.964739
0.988109,-1.00831,-0.977571,-0.995573,-0.00388173,-1.99445,-0.00219773,-0.986794,2.01426,5.05879e-05,0.995018,-0.965716,-0.968151,2.97621,-0.99502,-2.32388,0.995594,-1.02429,-0.000363009,1.0091,-0.239686,0.998325,0.0106965,-0.013905,1.97765,0.0048972,1.00279,-1.98134,2.01413,-0.954382
0.988855,-1.02546,-0.977108,-0.989964,-0.00597345,-1.99573,0.000909847,-0.98379,1.99047,0.00878689,0.993486,-0.971112,-0.974068,2.97368,-0.999819,-2.20303,0.996179,-1.00656,0.0108051,1.01251,0.00704073,1.00043,0.0033853,-0.0110431,1.97934,0.0346159,0.996699,-1.9619,1.98409,-0.963114
0.997425,-1.01205,-0.977299,-0.991761,-0.00352723,-2.00544,-0.00301806,-0.984208,2.00677,0.0029433,0.994559,-0.964209,-0.980069,2.9733,-0.994782,-1.60241,0.996104,-0.99751,0.00362738,0.997754,-0.00877268,1.00067,-0.00407073,-0.00523737,1.98093,0.00440825,0.993839,-1.96727,1.98546,-0.964409
0.998673,-1.00773,-0.976165,-0.988714,-0.00454865,-1.99661,0.00192445,-0.984722,2.01117,0.00546939,0.995464,-0.989505,-0.982209,2.9868,-0.996997,-2.41485,0.996129,-1.00333,0.00273989,0.990785,-0.0146972,0.997355,-0.0097558,-0.00642771,1.97883,0.0307339,0.991111,-1.98565,2.00183,-0.964219
0.98469,-1.02453,-0.976479,-0.991856,-0.00801145,-1.98173,-0.00168307,-0.98976,2.00736,-0.0248439,0.995767,-0.981035,-0.974491,2.99022,-0.995007,-2.61233,0.995351,-0.992305,-0.00164453,1.00257,0.211109,1.00083,-0.0135751,-0.015632,1.97942,0.0105364,0.993375,-1.9733,2.04915,-0.965324
0.98635,-1.00915,-0.976542,-0.99426,-0.00512116,-1.99898,-0.0032351,-0.983149,1.99123,-0.00139326,0.991042,-0.97625,-0.97556,2.96771,-0.997381,-2.83229,0.99545,-0.996974,-0.00468383,1.00629,0.00797303,0.99396,0.0168335,-0.00519897,1.97881,0.0121566,0.983039,-1.98309,1.99224,-0.96334
1.00504,-1.02559,-0.977776,-0.974187,-0.00398502,-1.98478,0.000403625,-0.988657,1.98518,-0.0438961,0.997339,-0.984688,-0.968963,2.9568,-1.0293,-2.11561,0.996582,-1.02525,-0.0168111,0.978091,0.304738,0.99538,0.0224664,0.241513,1.98009,0.0231715,0.997797,-1.98414,2.00856,-0.962531
1.00992,-1.0106,-0.977674,-0.992878,-0.00729401,-2.00369,-0.00217299,-0.984783,1.98665,0.00129568,0.997527,-0.988678,-0.972342,2.9788,-0.998343,-2.76035,0.99584,-0.999285,-0.000976381,1.0178,-0.0196879,1.00209,0.000872418,-0.00637694,1.97715,0.00798712,0.994885,-1.94891,2.00002,-0.963896
0.990361,-1.00723,-0.977356,-0.991844,-0.00211863,-2.00651,-0.00193006,-0.979776,2.00668,-0.00232506,0.977725,-0.993717,-0.979734,2.98286,-0.997764,-2.41914,0.996067,-0.995447,0.00278707,0.999521,0.00392437,0.999039,0.0154213,-0.0021762,1.97852,0.00342873,0.990786,-1.96759,2.00238,-0.964183
0.967399,-1.01316,-0.995784,-0.995193,-0.0270412,-2.00254,0.00159539,-0.981485,2.01385,-0.00143294,1.0022,-0.986727,-0.974193,2.97365,-0.998416,-2.61964,0.996302,-0.994576,-0.00834559,1.00655,-0.0754894,1.00903,0.00147736,-0.00553207,1.97768,0.0242404,0.968346,-1.98136,2.00138,-0.96253
0.988288,-1.01673,-0.983755,-0.993297,-0.00659517,-2.00632,-0.000966212,-0.980763,1.99967,-0.000374912,0.999943,-1.01146,-0.976222,2.94388,-1.00857,-2.34745,0.996032,-1.01325,0.00466064,1.0077,-0.632553,1.00598,0.0242937,0.0350839,1.97018,0.0250989,0.993592,-1.94729,2.01313,-0.960577
0.992178,-1.00212,-0.975731,-0.989117,-0.00598966,-1.99549,-0.00208886,-0.985144,2.01217,-0.00311295,0.995738,-0.971433,-0.980059,2.97582,-1.00919,-1.92616,0.995553,-0.989249,-0.00603115,0.989026,0.00843324,0.997144,0.0136621,-0.0138834,1.97925,0.0289428,0.992045,-1.95415,1.99706,-0.962859
1.00709,-1.02412,-0.977822,-0.992871,-0.00361878,-2.00263,-0.0002272,-0.979392,1.98556,0.00341238,0.994847,-0.982329,-0.986978,2.98414,-1.00281,-2.56653,0.996135,-0.992595,0.00103348,1.01099,0.00924348,0.996457,0.012371,-0.00847487,1.97903,0.0206265,0.994322,-1.97688,1.9847,-0.962741
1.00067,-1.01988,-0.977841,-0.992725,-0.00672199,-2.01097,0.00111349,-0.984031,2.01024,-0.00531916,0.977083,-0.960211,-0.974673,2.9794,-1.04591,-2.56564,0.99605,-0.990675,-0.00891794,1.00929,-0.0499583,0.997138,0.00510637,-0.00270054,1.97458,0.0156171,0.975689,-1.98345,2.00788,-0.96561
0.989191,-1.02465,-0.976824,-0.988997,-0.00988951,-1.99262,-0.0011696,-0.981418,2.00316,6.01487e-05,0.994702,-0.975867,-0.980339,2.98063,-1.00052,-2.63194,0.996221,-0.997623,-1.84774e-05,1.01223,0.00627725,0.996595,0.00611854,-0.0135393,1.97972,0.0332313,0.992615,-1.9823,1.99445,-0.963468
1.00414,-1.02368,-0.975479,-0.997716,-0.00434697,-2.00161,-0.00269688,-0.990383,1.99571,-0.00134597,0.981922,-0.970362,-0.983703,2.97931,-0.99918,-2.13288,0.996152,-0.989368,-0.00576212,1.02351,1.28359,1.0012,0.0160017,-0.0142268,1.97842,-0.0191334,0.991648,-1.96272,1.99937,-0.963167
0.992187,-1.00668,-0.978346,-0.992793,-0.000957385,-2.0025,-0.00278491,-0.989096,1.99328,9.47587e-05,0.991218,-0.984641,-0.977095,2.97829,-0.993067,-2.59606,0.995185,-0.999226,-0.000743674,0.999322,0.016963,0.99681,0.0124058,-0.00785411,1.97737,0.00697758,0.993994,-1.96556,2.00621,-0.963335
0.981449,-1.00691,-0.978771,-0.989998,-0.00517206,-1.99384,-0.00117051,-0.986314,1.99297,-0.00060609,0.993791,-0.997643,-0.978215,2.9843,-0.992162,-2.49068,0.995843,-1.00039,-0.00609565,1.01454,-0.00184099,0.998105,-0.00409985,0.000204767,1.97905,0.0297622,0.99431,-1.99562,1.98509,-0.963779
1.08095,-1.00987,-0.978447,-0.997108,0.0101416,-1.99715,0.00824762,-0.984515,1.98973,-0.0042254,0.99309,-0.989229,-0.977975,2.97564,-1.00336,-2.5425,0.996158,-0.992638,0.0159412,1.00404,-0.0105527,1.02272,0.0114837,0.000160142,1.97783,0.0429165,0.975757,-1.96786,1.99851,-0.962993
0.987105,-1.01193,-0.976286,-0.989144,-0.00188865,-1.9962,-0.00133019,-0.982939,2.01538,-0.00336231,0.97654,-0.977165,-0.976449,2.98125,-1.00522,-1.61891,0.996032,-1.00419,-0.00787003,1.00996,-0.0222242,0.995995,0.00474184,-0.00477846,1.98202,0.0284353,0.991061,-1.98405,2.00025,-0.964519
0.981003,-1.02148,-0.976585,-0.989522,-0.0111202,-2.00248,-0.00157874,-0.985507,1.9882,-0.000841189,0.996652,-0.993194,-0.976754,2.97352,-1.00701,-2.38889,0.995303,-1.00017,-0.00415457,1.00483,0.0456062,1.0019,0.0125453,-0.00872364,1.97855,0.0289039,0.991015,-1.95521,2.00611,-0.964098
0.981564,-1.01411,-0.974652,-0.993097,-0.00360297,-1.99759,-0.00246299,-0.987658,1.99903,-0.00239251,0.993826,-0.993515,-0.978849,2.97101,-1.0029,-1.45372,0.995942,-0.997207,-0.00480837,1.00973,0.0126355,0.997791,-0.00666934,-0.00421884,1.9763,0.0277973,0.99174,-1.98675,2.00779,-0.962847
0.989549,-1.02125,-0.977816,-0.984747,-0.00646983,-2.00035,-0.00326804,-0.984563,1.99714,-0.00505639,0.989583,-0.974514,-0.977602,2.97968,-0.999321,-2.81119,0.996413,-0.988831,-0.0164909,0.99462,0.0164624,0.998899,-0.00369411,-0.0106902,1.97678,0.0261967,0.987136,-1.98968,1.97549,-0.964083
0.985643,-1.0099,-0.979329,-0.998079,-0.00969422,-1.99751,-0.00829939,-0.991998,1.99872,-0.00544971,0.98309,-0.978314,-0.971214,2.98681,-0.995522,-2.95562,0.995682,-0.999593,-0.00258222,1.01897,-0.0161943,0.99949,-0.00155925,0.00600255,1.97616,0.0378166,0.991606,-1.95091,1.99814,-0.963275
0.994998,-1.00964,-0.977006,-0.994878,-0.00600724,-2.00586,-0.00100777,-0.989778,1.98718,0.00334714,0.99721,-0.990781,-0.983736,2.97454,-1.0104,-2.02676,0.995839,-0.993757,0.0124918,1.00545,0.0856035,0.997185,0.00173215,-0.00797998,1.98134,0.0132751,0.992464,-1.97776,1.99958,-0.964119
0.993391,-1.02875,-0.979518,-0.989686,-0.00836523,-2.0016,0.000874512,-0.990691,2.0029,-0.00283267,0.993344,-0.989783,-0.972076,2.96923,-0.970099,-1.59225,0.996203,-1.00685,-0.00609916,1.01582,0.0163107,1.01001,-0.00108074,-0.007394,1.97432,0.0199663,1.00157,-1.98492,1.99653,-0.963722
0.985046,-1.0191,-0.979259,-0.992232,-0.00561393,-1.98694,-0.00106004,-0.990197,1.98684,-0.00322327,0.989084,-0.978999,-0.971064,2.98387,-1.01791,-2.42712,0.99557,-0.997863,0.00271662,1.00235,-0.0133498,0.997296,0.00290718,-0.00704592,1.97565,0.0293664,1.00001,-1.98179,2.0016,-0.963439
0.981891,-1.00455,-0.976834,-0.99141,-0.00467107,-1.99865,-0.00150733,-0.985022,1.98699,-0.000609561,0.993231,-0.981062,-0.975905,2.97699,-0.995306,-2.34237,0.995919,-0.994065,0.00279178,0.997058,0.0101419,0.997301,-0.00239634,-0.0116396,1.97868,0.024597,0.994836,-1.95304,1.99954,-0.963049
0.995122,-1.01696,-0.978394,-0.996376,-0.013004,-1.99615,7.63834e-05,-0.98209,1.9969,-0.0051831,0.987196,-0.971985,-0.979077,2.98009,-1.06136,-1.86135,0.99649,-0.996639,-0.00464226,0.990558,-0.378492,0.999818,0.00612036,-0.0210365,1.97588,0.0149044,0.975704,-1.96033,2.01388,-0.962574
0.999513,-1.02217,-0.976425,-0.988396,-0.00808993,-2.00267,-0.00401359,-0.979428,2.01456,-0.000208157,0.996031,-0.970899,-0.982258,2.97655,-1.00343,-2.01428,0.996092,-1.00187,0.00509124,0.994493,0.00289828,1.0008,-0.00304727,-0.00509746,1.97969,0.0141822,0.992707,-1.98336,2.00549,-0.963157
0.999312,-1.00654,-0.980572,-0.987137,-0.00546886,-1.9973,-0.00407471,-0.993457,2.02443,-0.00296243,0.991655,-0.995105,-0.980941,2.98084,-0.998567,-2.6867,0.99591,-1.00923,0.00615979,0.994183,0.0370888,0.995038,-0.00286847,-0.00242006,1.97963,0.00754132,0.993068,-1.97786,2.00106,-0.96331
0.992984,-1.01102,-0.977172,-0.989666,-0.00317714,-2.00207,-0.00679527,-0.977399,2.00899,-0.00201595,0.989786,-0.968074,-0.979621,2.96877,-0.987504,-2.91895,0.995584,-0.993171,0.00214652,0.993164,0.0643183,1.0024,-0.0051406,-0.00319778,1.97903,0.0380115,0.991941,-1.98221,2.01825,-0.962948
0.99742,-1.00372,-0.976336,-0.993987,-0.0101179,-2.00783,-0.00537422,-0.972758,2.03114,0.0124482,1.00397,-0.98176,-0.987135,2.98001,-1.00422,-2.12989,0.995299,-0.997582,-0.00239295,0.993742,-0.00200238,1.00413,-0.0165208,-0.00779693,1.9809,0.0149016,0.991847,-1.97598,1.99249,-0.963263
1.00038,-0.998548,-0.976559,-0.988181,-0.00386627,-2.00372,-0.00460424,-0.989439,2.01442,-0.00236573,1.00545,-0.985125,-0.981381,2.97391,-1.00585,-2.32645,0.995729,-0.993859,0.000307908,0.992945,-1.23571e-05,0.997125,-0.00165309,-0.00305539,1.97949,0.0170895,0.992749,-1.97906,2.00623,-0.963739
1.00006,-1.02882,-0.97626,-0.98674,-0.00528003,-1.99725,-0.0038496,-0.974236,2.01692,0.000248075,0.995437,-0.960113,-0.986205,2.97847,-1.00099,-1.87866,0.995944,-1.00603,0.00108654,0.996067,0.0050731,0.998297,-0.00936948,-0.0061197,1.98019,0.0107035,0.994125,-1.9948,2.01602,-0.963733
0.998846,-1.00073,-0.97609,-0.984104,-0.00319432,-2.00122,-0.00537802,-0.973497,2.00516,0.000715796,0.996046,-0.985857,-0.980176,2.96559,-0.998469,-2.08103,0.996229,-0.994768,0.00303423,0.990442,0.0029303,1.00337,-0.0105515,-0.00221424,1.97769,0.0139256,0.993417,-1.97974,2.01606,-0.96432
0.996681,-1.02586,-0.977092,-0.988033,-0.00820523,-1.99044,-3.56513e-06,-0.992769,1.9896,0.00212747,0.984378,-0.979699,-0.979566,2.97814,-0.999634,-1.99623,0.995978,-1.00139,0.00869006,0.994276,0.0247678,1.00319,-0.00377615,0.00567719,1.97867,0.0121518,0.985059,-1.99257,1.9996,-0.963109
0.98393,-1.02002,-0.977084,-0.988715,-0.00685895,-1.98816,-7.66681e-05,-0.996079,1.98187,-0.00323071,0.982723,-0.98691,-0.974581,2.98291,-1.00328,-2.13545,0.995411,-0.994239,0.0160059,0.99294,0.0226187,1.00421,-0.00362691,0.00691034,1.97784,0.00500559,0.986793,-1.9948,2.01443,-0.961931
0.944335,-1.02865,-0.97687,-0.992581,-0.00411455,-2.00151,0.00538117,-0.995351,2.01848,0.00126133,0.955942,-0.976294,-0.97258,2.9815,-1.01389,-2.73795,0.996086,-0.995383,-0.0052026,0.984001,0.249597,1.00398,-0.000811652,0.00828073,1.96959,0.0192876,0.989349,-1.99099,2.0354,-0.95601
0.996948,-1.02073,-0.976042,-0.985529,-0.00927619,-1.99149,-0.00604757,-0.99243,1.98601,0.00399664,0.986822,-0.977856,-0.980597,2.98099,-0.997542,-2.8668,0.996154,-0.996379,0.00993544,0.993373,0.0337478,1.00528,-0.00237386,0.00111195,1.97902,0.00840525,0.99054,-1.9969,1.99625,-0.963285
0.996623,-1.03754,-0.976559,-1.01171,-0.009291,-1.99405,0.0001484,-0.99134,1.99554,-0.00340738,0.981129,-0.982386,-0.973847,2.9703,-1.00603,-2.6246,0.995888,-0.989832,-0.00203495,0.993587,-0.0511604,1.01557,-0.00227798,0.0028626,1.97279,0.00475434,0.985281,-1.98323,2.0509,-0.963214
1.00063,-1.04006,-0.978186,-0.999455,-0.0139059,-1.99712,0.000102518,-0.997337,1.98697,-0.00572581,1.01288,-1.01487,-0.979596,2.9903,-1.12259,-2.14466,0.996494,-1.00365,0.00156159,0.991023,0.0250888,1.00214,-0.0398454,0.00685564,1.97902,0.00496995,0.986003,-1.99207,1.99861,-0.960778
1.00467,-1.02964,-0.97721,-0.984733,-0.0108774,-2.00287,-0.000586149,-0.992996,1.98767,0.00266116,0.981832,-0.989345,-0.977508,2.96776,-0.996801,-2.81733,0.996032,-0.989157,0.0118647,0.998078,0.0423525,1.00288,-0.00424972,0.006411,1.97988,0.0184242,0.954455,-1.98897,2.01594,-0.963256
0.993873,-1.02573,-0.97563,-1.00083,-0.00801666,-1.99076,0.000910418,-0.9956,1.98775,-0.000952242,0.98678,-0.980986,-0.967869,2.97845,-0.995808,-1.89562,0.996146,-1.00702,-0.00303383,0.993423,0.0348602,1,-0.00117558,0.00614531,1.97599,0.0171956,0.986068,-1.99435,2.03336,-0.962896
0.980395,-1.02826,-0.976857,-0.991756,-0.00989999,-1.9988,-0.000651314,-0.990129,2.02393,-0.000505339,1.00236,-0.948475,-0.977133,2.97837,-1.01636,-1.50367,0.996087,-1.00381,-0.00487064,0.991323,0.0267941,1.00522,0.000265511,-0.0190221,1.98009,0.0267925,0.980632,-1.99307,1.9992,-0.963145
0.987979,-1.03226,-0.97561,-0.994015,3.53457e-05,-1.98234,0.00207065,-0.986068,1.98899,-0.000601193,0.976901,-0.995891,-0.96658,2.97901,-1.00667,-2.25328,0.995576,-1.01549,0.00131926,0.997629,0.147519,1.00128,-0.00311072,-0.00534554,1.97905,0.0107161,0.993019,-1.98905,1.99732,-0.962792
# Iteration 250
0.997152,-0.996153,-0.977274,-0.979439,0.00366653,-1.99236,-0.00351562,-0.984018,1.99474,0.00539198,0.992148,-0.983282,-0.978564,2.97798,-0.989481,0.0990636,0.997157,-0.995706,0.00179906,0.989734,0.0107946,1.00859,0.000742347,-0.00640445,1.986,-0.00263529,0.999251,-1.99113,1.9851,-0.964665
0.997169,-0.998278,-0.977292,-0.985187,-0.0036451,-1.9699,-0.00470342,-0.972668,1.98275,0.00432183,0.987166,-0.990648,-0.978271,2.97504,-0.995494,-0.00476005,0.99681,-0.999252,0.00175558,0.992758,0.0141198,0.994609,-0.00144081,-0.00730085,1.98571,-0.004123,0.999256,-1.98986,1.98794,-0.964527
0.997701,-0.995781,-0.977279,-0.984984,0.00244039,-1.96842,-0.00258301,-0.984527,1.99015,0.00423602,0.988371,-0.997038,-0.979969,2.97631,-0.991904,-1.15277,0.99711,-0.998387,0.00151477,0.991132,0.0199315,0.99474,0.0144989,-0.00757021,1.98707,0.00318318,1.00268,-1.99128,1.98512,-0.964371
0.997017,-0.99456,-0.977271,-0.978325,0.000579779,-1.99842,-0.00431604,-0.989561,1.99022,0.0043494,0.988886,-0.98861,-0.978205,2.97576,-0.991061,-0.000665728,0.997135,-0.999256,0.00177052,0.9886,0.00645227,0.996012,-0.00227348,-0.00580075,1.98492,-0.00195582,0.999684,-1.9899,1.98655,-0.964593
0.997069,-0.997942,-0.977503,-0.978278,-0.00583182,-1.98772,-0.00382624,-0.989849,2.0413,0.0042139,0.988203,-0.98643,-0.978407,2.97704,-0.988271,0.0182879,0.997505,-0.998118,0.00060398,0.991993,0.00960571,1.0037,0.00293365,-0.00542738,1.98485,-9.90509e-05,0.999279,-1.99358,1.99254,-0.966193
0.996562,-0.992786,-0.977366,-0.987527,-0.00139152,-1.99447,-0.00364743,-0.985981,1.98426,0.00427694,0.995122,-0.989326,-0.978258,2.9755,-1.00587,-0.00812185,0.997764,-1.00115,0.00223821,0.988736,0.0104045,0.99838,0.00285557,-0.00671507,1.98477,-0.00526164,0.991305,-1.98984,1.9893,-0.96554
0.997946,-0.991209,-0.977285,-0.977533,-0.00438072,-1.99939,-0.00391954,-0.991063,1.98317,0.00445492,0.989684,-0.990499,-0.977991,2.97605,-0.996563,0.00587546,0.996839,-0.999048,0.000975762,0.988127,0.0079832,0.999785,0.00304515,-0.0072044,1.98528,-0.0042558,0.998881,-1.99005,1.98556,-0.964557
0.996773,-0.991656,-0.972863,-0.980259,0.00389516,-1.99664,-0.00545446,-0.97152,1.99492,0.00347488,0.982777,-0.994282,-0.978126,2.97353,-0.996153,0.64848,0.997291,-1.00524,0.000553382,0.990832,0.00644894,0.999194,-0.010028,-0.00640066,1.98511,-0.00112218,1.00257,-1.99116,1.98867,-0.963979
0.997108,-0.996006,-0.977272,-0.972816,-0.00168977,-1.98819,-0.00305553,-0.990047,1.99598,0.00396106,0.98913,-0.990905,-0.978283,2.97528,-0.993405,0.0370215,0.996006,-1.00049,0.00168888,0.98904,0.00771502,0.999566,-0.00169805,-0.00870223,1.98479,-0.00529985,1.00013,-1.99042,1.98664,-0.964612
0.995693,-0.994025,-0.977331,-0.978849,-0.00604192,-1.9877,0.00161732,-0.981044,1.99391,0.00443865,0.989723,-0.988976,-0.978899,2.97668,-0.983511,0.0939151,0.997231,-1.00816,0.00085825,0.986201,0.010368,1.00613,-0.000829762,-0.021228,1.9839,-0.00120296,0.997146,-1.99103,1.98056,-0.964522
0.993679,-0.993177,-0.97589,-0.980748,-0.00305955,-1.99259,-0.00474416,-0.987535,1.98781,-0.00899365,0.989458,-0.9812,-0.978193,2.97546,-0.998361,0.00259518,0.996865,-0.999647,-0.00445836,0.988281,0.0974353,1.00104,0.0018556,-0.00684687,1.98689,-0.00244876,0.999371,-1.99007,1.98609,-0.962969
0.997367,-0.989762,-0.977126,-0.967431,-0.000410917,-2.01303,-0.00295757,-0.987738,1.99189,0.00421492,0.989844,-0.99093,-0.977907,2.97503,-0.98938,-0.64107,0.99503,-0.998529,0.00294702,0.985919,0.00100701,0.997479,-0.00180923,-0.0136635,1.98687,-0.00624299,0.998921,-1.99066,1.98603,-0.965055
0.997111,-1.00505,-0.977248,-0.979265,-0.00284616,-1.98273,0.000747941,-0.990779,1.99359,0.00441115,0.9859,-0.990683,-0.975275,2.97656,-0.991143,-0.010006,0.998178,-0.994336,0.00183878,0.990522,0.00597372,1.00054,5.18688e-05,-0.00333973,1.98396,0.000258156,0.999564,-1.98745,1.98763,-0.964402
0.999407,-0.988997,-0.977226,-1.00452,0.00803329,-1.98927,0.00476103,-0.989548,1.99237,0.00488047,0.988477,-0.990884,-0.979065,2.97656,-0.988125,0.690993,0.998517,-0.995795,0.00162394,0.988216,0.00772178,0.998664,-0.00517855,-0.00381956,1.98522,-0.00943657,0.995101,-1.99076,1.97061,-0.96451
0.996885,-0.993032,-0.97698,-0.978735,-0.00457043,-1.99501,-0.00611838,-0.987794,1.99775,0.00451037,0.992764,-0.990804,-0.978324,2.98409,-0.994103,-0.0684342,0.996841,-0.995135,0.00338149,0.989501,0.0105377,0.999382,-0.0009865,0.0444861,1.98513,-0.00356401,0.9948,-1.99563,1.98102,-0.964095
0.996936,-0.997469,-0.977335,-0.975054,0.00637636,-1.99632,-0.00342075,-0.989797,1.99715,0.00939773,0.986627,-0.988553,-0.977861,2.97586,-0.99068,0.0093628,0.997579,-0.99939,-0.00265076,0.991564,0.00941238,0.996354,0.0540342,-0.00542308,1.98447,0.0297654,0.997132,-1.99008,1.98701,-0.964493
0.996878,-0.996397,-0.974215,-0.978004,-0.000783223,-1.99333,-0.00367191,-0.976654,1.99309,0.00430857,0.987198,-0.987982,-0.978449,2.97543,-0.994583,0.0305589,0.999634,-0.99854,0.00196245,0.992279,0.000855878,0.993248,0.000179645,-0.00808187,1.98445,-0.0033818,0.996109,-1.99153,1.9844,-0.965374
0.996132,-0.996698,-0.977208,-0.980488,0.000294188,-1.99064,-0.00342484,-0.982345,1.99161,0.00481756,0.989614,-0.991288,-0.977933,2.97722,-0.991179,0.3704,0.998342,-0.998286,0.00224439,0.991446,0.0216502,0.994999,-0.00296463,-0.00620504,1.98221,0.00361149,0.998933,-1.9902,1.99216,-0.964286
0.997118,-0.994154,-0.97776,-0.975027,-0.00116571,-1.99235,-0.00375299,-0.991531,2.00257,0.00390029,0.988213,-0.990766,-0.977949,2.97506,-0.979764,0.0138987,0.997181,-1.00158,0.000336406,0.990792,0.00841199,0.99815,0.00562709,-0.00473366,1.98502,0.020616,0.996633,-1.98934,1.98647,-0.964818
0.997151,-0.995728,-0.97727,-0.977867,-0.00683776,-1.99449,-0.00372705,-0.989667,1.9933,0.00436419,0.988774,-0.991888,-0.977409,2.97563,-0.991793,0.00975876,0.99699,-1.0001,-0.00280303,0.991219,0.00690182,0.994606,-0.000983292,-0.00726094,1.98439,-0.00342763,0.998754,-1.99034,1.98781,-0.964527
0.996943,-1.00273,-0.977272,-0.979966,-0.00528187,-1.99101,-0.00341552,-0.994459,1.9904,0.00432063,0.987825,-0.994424,-0.978148,2.97801,-0.991656,-0.113426,0.996448,-0.998581,0.00119341,0.984568,0.0107664,1.00054,-0.000828394,-0.00596556,1.98516,-0.00281212,0.997628,-1.99008,1.98563,-0.964555
0.99604,-0.995597,-0.977261,-0.983807,-0.00295972,-1.97554,-0.00335305,-0.990527,1.98567,0.00398179,0.986988,-0.995841,-0.97823,2.96933,-0.998196,0.200763,0.996962,-1.00078,0.00162586,0.989571,0.0125086,0.997793,0.000227008,-0.00677733,1.98642,0.00392254,0.998597,-1.98797,1.98607,-0.964472
0.998873,-0.996804,-0.97737,-0.977195,-0.00182383,-1.99202,-0.00592902,-0.989083,1.97199,0.00436486,0.98595,-1.00645,-0.97787,2.97551,-0.991542,0.366518,0.996006,-1.00555,0.0222915,0.984816,0.012945,0.998536,-0.0302806,-0.00539164,1.98766,0.0060874,0.997419,-1.98906,1.99211,-0.964564
0.9976,-0.993441,-0.977902,-0.977308,-0.00613736,-2.00067,-0.000821994,-0.989944,1.97691,0.00448121,0.989859,-0.993767,-0.978282,2.97657,-0.996118,0.0232881,0.99733,-0.998509,0.00399898,0.992199,-0.000571783,1.005,0.00882918,-0.00564895,1.98577,-0.00530033,0.999711,-1.98962,1.97787,-0.964644
0.994394,-1.00128,-0.976213,-0.977165,-0.00297088,-1.99194,0.000289248,-0.98396,1.98508,0.00287505,0.992636,-1.00263,-0.97884,2.97658,-0.987952,-0.119616,0.997955,-0.956479,0.000709129,0.985387,0.0270609,0.998893,-0.00488402,-0.00442981,1.98862,0.00693443,0.997637,-1.98757,1.9875,-0.964458
0.995551,-0.99342,-0.977276,-0.978303,-0.000743486,-1.97285,-0.00220369,-0.989667,1.99053,0.00451282,0.991428,-0.983733,-0.978565,2.97856,-0.990935,0.0676892,0.998418,-0.999081,0.00234334,0.986583,0.0134624,0.994302,-0.0300461,-0.00676065,1.9854,-0.0043976,0.999565,-1.98923,1.98987,-0.964669
0.99672,-0.998958,-0.977293,-0.980033,-0.00411086,-1.99493,-0.00278322,-0.986954,1.99009,0.00510038,0.990513,-0.990333,-0.978157,2.97628,-0.990892,0.00487979,0.997884,-1.00057,0.00230664,0.991539,0.00571037,0.998,-0.00643929,-0.00550498,1.98492,-0.00165985,0.999234,-1.98907,1.98484,-0.964577
0.997098,-0.998035,-0.976629,-0.938879,-0.0112609,-1.96651,-0.00311634,-0.982775,1.989,0.00962013,0.991018,-0.995488,-0.9777,2.97492,-0.997366,-0.514293,0.996453,-1.00103,0.00192776,0.990137,0.00204756,1.00269,0.00169841,0.00776329,1.98278,-0.00179144,0.999566,-1.99052,1.98497,-0.964549
0.997214,-1.00221,-0.977195,-0.982514,-0.000494879,-1.9552,-0.00428743,-0.989483,1.98857,0.00532097,0.995679,-0.992007,-0.978374,2.97723,-0.990659,0.0416452,0.999016,-0.995263,0.00200416,0.991911,0.00898822,1.00056,-0.0162488,-0.00718682,1.98822,-0.00120458,0.995426,-1.98868,1.98632,-0.964699
0.996583,-0.997482,-0.977622,-0.982815,-0.00354852,-1.98932,-0.00318802,-0.97827,1.98646,0.00501877,0.991151,-0.988058,-0.97825,2.9763,-0.988733,-1.0049,0.999021,-1.00205,0.00145582,0.986602,0.00496205,1.00186,0.00797194,-0.0230754,1.9839,-0.00832302,1.00629,-1.98218,1.98402,-0.96435
0.998453,-0.993945,-0.977284,-0.985633,-0.00547738,-1.98937,-0.00133175,-0.979274,1.98293,0.00539423,0.979051,-0.985556,-0.978651,2.97678,-0.985323,-0.325866,0.997709,-1.00252,0.00182307,0.994589,0.0269715,0.993329,-0.00358735,-0.00161418,1.98414,-0.00606451,1.00173,-1.98731,1.98478,-0.964813
0.996812,-0.999986,-0.977281,-0.983504,-0.00449252,-1.96593,-0.00243359,-0.994682,1.98935,0.00514913,0.987652,-0.986806,-0.978154,2.97591,-0.988004,-0.0153719,0.996824,-1.00035,0.00349089,0.986813,0.00901762,0.997768,-0.00915701,-0.00221696,1.98465,-0.00468865,0.999567,-1.98988,1.98694,-0.964683
0.997028,-0.998143,-0.97742,-0.977636,0.00524779,-1.99467,-0.00499155,-0.986829,1.98634,0.00452818,0.988633,-0.993625,-0.978171,2.97669,-0.995056,0.00310195,0.998007,-1.00136,0.00238669,0.989797,0.000163504,0.996257,-0.00971573,-0.00680665,1.9858,-0.00466284,0.996748,-1.98859,1.98559,-0.964593
0.996865,-0.999951,-0.977305,-0.979656,-0.00781916,-1.99991,-0.0026456,-0.98663,1.99079,0.0048394,0.987607,-0.99415,-0.978271,2.97635,-0.993938,0.00141851,0.997196,-1.00112,0.00288933,0.990721,0.00621354,1.00301,-0.0100654,-0.00520595,1.98442,-0.00309464,0.997945,-1.98898,2.00805,-0.965108
0.995553,-1.0097,-0.976667,-0.986586,-0.00556478,-1.99312,-0.0042847,-0.983776,1.9892,0.00545304,0.983529,-0.989303,-0.978091,2.97816,-0.992616,-0.0862337,0.996291,-1.00794,0.00159728,0.991092,0.0108592,0.985279,-0.032602,-0.00531014,1.98424,-0.0017765,0.999523,-1.99137,1.98709,-0.965205
0.996442,-1.00096,-0.977465,-0.979652,-0.00697468,-1.98568,-0.00145379,-0.988431,1.98792,0.00619362,0.991189,-0.985978,-0.977728,2.97692,-0.982804,-0.645737,0.997604,-1.00269,0.00263879,0.995119,-0.00141032,1.00134,-0.00306856,-0.00535111,1.98375,-0.0332484,1.00121,-1.99005,1.974,-0.964502
0.998898,-0.998661,-0.97728,-0.988397,-0.00574253,-1.99359,-0.00417722,-0.980798,1.99002,0.0018238,0.991563,-0.993237,-0.97816,2.97587,-1.00342,-0.0329115,0.997285,-0.990785,0.00289802,0.99283,-0.00572154,0.992838,-0.00978233,-0.0110441,1.98419,-0.0025359,1.00398,-1.98507,1.98612,-0.964821
0.996786,-0.981325,-0.97732,-0.981089,-0.00662999,-2.01514,-0.00372442,-0.988431,1.99329,0.00480555,0.9942,-0.992858,-0.979327,2.97628,-0.990496,0.0278625,0.997478,-1.00045,0.00277443,0.98784,-0.000803529,0.995994,-0.00818913,-0.00542423,1.9857,-0.000668261,1.00185,-1.99013,1.98424,-0.964348
0.996606,-0.998852,-0.977175,-0.976086,-0.00475837,-1.98753,-0.00237969,-0.984444,1.99625,0.00591497,0.987921,-0.980272,-0.985384,2.97678,-0.999255,0.0439035,0.998211,-1.00073,0.00272364,0.99768,-0.000261185,1.00292,-0.00491299,-0.00464085,1.97866,-0.0027736,0.988975,-1.98918,1.99048,-0.963997
0.996672,-0.997265,-0.977449,-0.981864,-0.00428442,-2.00328,0.00146843,-0.982865,1.9952,0.00629656,0.995938,-1.01113,-0.978221,2.97648,-1.00086,-0.0419835,0.997275,-0.998847,0.00101975,0.992998,0.00709478,0.994103,-0.00625523,-0.00397975,1.9813,0.00157488,0.995418,-1.98873,1.98855,-0.964915
0.997632,-0.997223,-0.977404,-0.984157,0.000474438,-1.99981,-0.00211183,-0.986923,1.98887,0.00506262,0.992042,-0.978463,-0.976856,2.97596,-0.991873,0.217737,0.998097,-0.992201,0.00217102,0.991621,0.00620925,0.998269,-0.00303329,-0.00540033,1.98444,-0.00534986,0.991433,-1.99174,1.98271,-0.965036
0.996482,-1.00257,-0.97742,-0.984158,-0.00917074,-1.91334,0.00145889,-0.983781,1.98369,0.00562129,0.993334,-0.995126,-0.978025,2.97651,-0.991822,-0.0311442,0.996978,-1.00085,0.00296305,0.994064,0.0354916,0.996981,-0.0257653,-0.00589038,1.98542,-0.00082043,1.00596,-1.98856,1.99976,-0.964648
0.996773,-0.998786,-0.977278,-0.979188,-0.000410291,-1.99786,-0.00285021,-0.986009,1.98557,0.00532552,0.989394,-0.9943,-0.978118,2.9767,-0.988502,-0.00180368,0.997679,-0.999217,0.00202733,0.990993,0.0076792,0.996724,-0.00461456,-0.00557499,1.98477,-0.000711884,1.00008,-1.9891,1.98508,-0.964271
0.996815,-1.00166,-0.977091,-0.975161,-0.000142001,-1.99504,-0.00364941,-0.988334,1.99358,0.00525191,0.990323,-0.98413,-0.978037,2.97227,-0.992848,-0.0282696,0.998278,-0.999788,0.00291936,0.990151,0.00259184,0.987371,-0.00088633,-0.00518186,1.98515,0.000628089,0.996605,-1.99085,1.98489,-0.964447
0.996772,-0.982417,-0.977291,-0.987995,-0.00613099,-1.99064,-0.000888533,-0.987659,1.99157,0.00130854,0.992317,-0.990195,-0.978229,2.97568,-0.990588,-0.0811772,0.99828,-0.99746,0.00222216,0.983667,0.00298553,1.00215,-0.00168236,-0.012227,1.98427,-0.000568599,0.997167,-1.99039,1.98887,-0.964581
1.00298,-1.02144,-0.977309,-0.980633,-0.00131325,-1.99869,-0.00136262,-0.987356,1.98565,0.00354104,0.984824,-0.996138,-0.978648,2.97759,-0.981634,0.0221706,0.997757,-1.00079,0.00194249,0.990283,0.00618714,0.993621,-0.0144049,-0.00685047,1.98471,-0.00221584,0.997574,-1.98609,1.98311,-0.964341
0.996984,-1.00049,-0.977283,-0.979286,-0.00270624,-1.99266,-0.00148177,-0.985487,1.99007,0.00564461,0.987577,-0.993501,-0.97834,2.97635,-0.986373,-0.0283415,0.99659,-1.00351,0.0017274,0.999629,0.00236015,1.01675,-0.0023466,-0.0044109,1.98531,-0.000463456,0.999509,-1.98781,1.98571,-0.965079
0.996866,-1.03212,-0.977623,-0.979329,-0.00359186,-1.98676,-0.00409147,-0.984856,1.99594,0.00649912,0.989146,-0.990725,-0.97708,2.97696,-0.986961,0.0192752,0.997024,-0.993988,0.00173356,0.993911,0.00621214,0.99639,-0.00799007,-0.00478379,1.98466,-0.00182459,0.999284,-1.98649,1.98875,-0.964667
0.995378,-0.994667,-0.97561,-0.982087,-0.00884352,-1.99426,-0.00353865,-0.985529,1.98174,0.00497126,0.993455,-0.972302,-0.979248,2.97579,-0.988284,-0.125747,0.997358,-1.00294,0.00629492,1.00425,0.00752576,0.99238,-0.0102071,-0.00129711,1.9865,-0.00692331,1.01341,-1.99005,1.98626,-0.962907
0.996854,-0.998198,-0.975761,-0.980643,-0.00399964,-1.98234,-0.000583226,-0.990475,1.99509,0.00427006,0.989448,-1.02939,-0.977441,2.97449,-0.990435,-0.0297535,0.997548,-0.990949,0.00177556,0.990536,0.00817472,1.00904,-0.0152672,-0.000101524,1.98361,-0.00162996,0.998122,-1.98894,1.97291,-0.964642
# Iteration 300
0.995088,-0.994719,-0.997797,-0.992056,-0.000380788,-1.98836,-0.00109647,-0.996674,1.9938,-0.00238565,0.992936,-0.992922,-0.996393,2.98377,-0.997395,0.00139671,0.995251,-1.00029,-0.00296977,1.01135,0.00100113,0.995647,0.000361174,-0.00228058,1.99127,0.0013378,0.995031,-1.98875,1.99062,-0.995658
0.995428,-0.993466,-0.99527,-0.996935,-0.00130289,-1.98397,0.0064802,-0.995099,1.98829,-0.00241948,0.991073,-0.989071,-0.999544,2.98575,-0.990335,0.00299127,0.996202,-1.00194,0.00584783,0.997537,0.000964138,0.990222,-0.00256722,-0.00158215,1.97963,0.0032361,0.990955,-1.9884,1.98907,-0.999142
0.99432,-0.995253,-0.997536,-0.992066,-0.000130791,-1.99457,-0.0031868,-0.995173,1.98759,0.000618045,0.991862,-0.99894,-0.989251,2.97941,-0.992639,0.000121182,0.998938,-0.997998,-0.00216411,0.998583,0.00120791,0.992628,-0.00184835,-0.018293,1.99077,-0.016245,0.993357,-1.99138,1.9898,-0.996509
0.994822,-0.991303,-0.996391,-0.993416,-0.000824044,-1.98835,-0.00155989,-0.996911,1.98643,-0.00151472,0.992921,-0.996094,-0.99753,2.9834,-0.996901,0.00336454,0.995068,-1.0024,-0.0025244,0.996055,0.00252401,0.99434,-0.00185852,-0.00163688,1.98998,0.00394642,0.996273,-1.98763,1.99073,-1.00278
0.994728,-0.994698,-0.995119,-0.994903,-0.000190223,-1.98594,-0.000446251,-0.995875,1.98914,0.000659804,0.99202,-0.995344,-0.995272,2.98412,-0.990532,-0.000196617,0.995584,-1.00198,-0.00209586,0.99681,-0.00129562,0.993988,-0.00192318,-0.00220716,1.99066,0.00546339,0.995914,-1.98839,1.9907,-1.00001
0.996568,-0.994003,-0.996617,-0.994205,0.000278265,-1.99077,4.19294e-05,-0.998332,1.98741,-0.00217452,0.992318,-0.996507,-0.995798,2.98387,-0.987068,0.0108056,0.996435,-1.00227,-0.0017154,0.989321,-8.9092e-06,0.995401,-0.00104004,-0.00192583,1.98919,0.00157239,0.996046,-1.9876,1.99074,-0.999145
0.994906,-0.99453,-0.996552,-0.99321,0.000863895,-1.98806,0.000369413,-0.997565,1.98732,-0.00261685,0.992041,-0.996508,-1.00033,2.97693,-0.986635,0.00358964,0.990153,-0.99722,-0.00242952,0.994877,0.00221918,0.992851,-0.0045411,-0.00191784,1.99013,0.00373529,0.99505,-1.98851,1.99142,-0.9911
0.994331,-0.995299,-1.0023,-0.994441,-0.000639505,-1.99276,0.00657744,-0.996465,1.98986,-0.00352183,0.990615,-0.996484,-1.00034,2.98321,-0.993813,0.00878907,0.996135,-1.00232,-0.0025422,0.996765,0.00278608,0.999316,-0.0034913,-0.00221522,1.98945,0.00154298,0.999601,-1.98897,1.99073,-1.00079
0.994918,-0.99386,-0.996636,-0.993817,0.000267633,-1.98738,-0.000220792,-0.998574,1.9892,-0.00350281,0.993408,-0.996275,-0.995071,2.98373,-0.992485,0.00204748,0.995178,-1.00219,-0.00199736,0.994895,-0.000110327,0.996585,-0.00115561,-0.00198891,1.99036,-0.00123882,0.997215,-1.98966,1.99078,-0.996739
0.994797,-0.993696,-0.996528,-0.993101,-0.000581246,-1.98808,-0.000723149,-0.996929,1.98892,-0.00240123,0.992904,-0.996186,-0.998164,2.98413,-0.993736,0.000128081,0.993685,-1.00193,-0.00189678,0.995071,-0.000604924,0.996378,-0.000793267,-0.0020073,1.98964,-0.00281555,0.997008,-1.98991,1.98994,-0.997465
0.994724,-0.993764,-0.996829,-0.991941,-0.000392408,-1.98724,-0.00127469,-0.996504,1.98791,-0.00307753,0.992775,-0.996056,-1.00067,2.98378,-0.993139,0.000393928,0.993498,-1.0017,-0.00183085,0.995936,-0.00332325,0.997129,-0.00186103,-0.00200969,1.98939,-0.00241364,0.996861,-1.9896,1.99081,-0.999138
0.994938,-0.994031,-0.997369,-0.991753,-0.00197261,-1.99102,3.55237e-05,-0.997017,1.99078,-0.00209834,0.993852,-0.99817,-0.999846,2.97986,-0.996221,-0.0172623,0.997203,-1.00206,-0.00115275,0.997487,-0.00165435,0.995209,-0.00195096,-0.00146544,1.99639,-0.00275616,0.99629,-1.98926,1.99037,-0.999473
0.994719,-0.993569,-0.996882,-0.99456,-0.000900917,-1.98765,-0.000835706,-0.996364,1.98951,-0.000441228,0.994317,-0.996293,-0.997272,2.98296,-0.994341,5.2542e-05,0.991627,-1.0019,-0.00182763,0.995232,0.000728977,0.99665,-0.000304309,-0.00199353,1.99102,0.00214218,0.998071,-1.98872,1.99045,-0.997298
0.994922,-0.992934,-0.999847,-0.996254,-0.000734003,-1.98898,-0.00136334,-0.996949,1.9887,-0.00111215,0.993541,-0.998155,-1.00249,2.98157,-0.995678,-0.000283908,0.99443,-1.00201,-0.00275681,0.994383,0.00619832,0.996443,-0.000503179,-0.00254895,1.98965,0.00418618,0.992573,-1.98772,1.9906,-0.99767
0.99499,-0.99437,-0.996423,-0.996172,-0.000829495,-1.9965,-0.00271991,-0.992382,1.98621,-0.00174794,0.997025,-0.998109,-0.995909,2.98371,-0.995711,0.000967391,0.992211,-1.002,-0.00100708,0.994916,-0.000655348,0.993237,-0.00104041,4.7119e-05,1.99059,0.0035505,0.994129,-1.98812,1.99054,-1.00085
0.994622,-0.993138,-0.997057,-0.994869,-0.000549538,-1.98858,-0.00184355,-0.989049,1.98923,-0.0012046,0.998253,-0.99666,-0.999614,2.98297,-0.993406,0.00194165,0.992755,-1.0034,-0.00191764,1.01012,-0.00191679,0.997004,-0.00066902,-0.00308615,1.9909,0.00210955,1.00282,-1.98823,1.98967,-0.99413
0.994861,-0.995282,-0.998709,-0.992948,5.99583e-05,-1.99088,4.37851e-06,-0.995246,1.98794,0.00050265,0.994013,-0.996312,-0.997407,2.97763,-0.996253,0.000486088,0.991743,-1.00289,-0.00208825,0.996903,-0.0128285,0.995614,-0.00112127,-0.00273015,1.98852,0.0019968,0.990684,-1.98865,1.99125,-0.998148
0.995522,-0.993642,-0.998556,-0.995559,5.11369e-05,-1.98968,-0.000234431,-0.997854,1.99065,-0.00165317,0.994666,-0.994095,-1.00664,2.98247,-0.992992,0.000921789,0.991692,-1.00075,-0.00232341,0.996444,-0.00181683,0.999631,-0.00205133,-0.00174273,1.99041,0.000532521,0.995395,-1.98835,1.99114,-0.998585
0.995908,-0.994508,-0.993562,-0.995284,-0.00154454,-1.98541,0.00155683,-0.994883,1.98963,-0.000918386,0.99611,-0.99672,-1.00071,2.97776,-0.993008,0.000973413,0.992574,-1.00171,-0.00163114,0.993219,-0.00101917,1.00501,0.00048655,-0.00260775,1.99292,0.00351562,0.997963,-1.98813,1.99193,-1.0003
0.994708,-0.993688,-0.996956,-0.988334,-0.000842144,-1.98979,-0.00374339,-0.99685,1.9899,-0.000102153,0.99424,-0.997879,-0.997989,2.98282,-0.995914,0.00324905,0.99238,-1.00236,-0.00171192,0.994891,-0.00127866,0.996315,-0.00178912,-0.00171434,1.99008,0.00215011,0.996505,-1.98866,1.99066,-0.997159
0.994867,-0.994039,-0.996988,-0.99551,-0.000439837,-1.99036,-0.000204579,-0.99389,1.98953,-0.00060483,0.98909,-0.990578,-1.00322,2.98677,-0.993463,-0.000987961,0.997349,-1.00165,-0.00189642,0.99542,-0.000624474,0.99283,-0.000498155,-0.00135579,1.99136,0.00190431,0.989226,-1.98899,1.99131,-0.995554
0.994633,-0.994846,-0.996949,-0.993473,0.000533674,-1.9963,-0.000939936,-0.995099,1.98899,-0.000632831,0.991825,-0.994971,-0.987648,2.98285,-0.993968,0.0023963,0.990439,-1.00245,-0.00155162,0.996367,0.0014911,0.995036,-0.000437454,-0.00238771,1.99054,0.000840075,1.00019,-1.99004,1.99092,-1.00242
0.994919,-0.993508,-0.996608,-0.994567,-0.000182876,-1.98979,0.00352991,-0.996307,1.98929,-0.000805025,0.995315,-0.995046,-1.00008,2.9834,-0.994111,0.00493141,0.997571,-1.00038,-0.00254421,0.996936,-0.00167471,0.996287,0.000798643,-0.00176462,1.99028,0.00734354,1.00086,-1.98915,1.99036,-0.99675
0.995281,-0.99372,-0.997548,-0.996732,0.00172843,-1.98884,-0.000372792,-0.991846,1.98954,-0.000473637,0.994151,-0.998205,-0.998344,2.9898,-0.992686,0.00168675,0.994932,-1.00158,-0.00149315,0.987833,0.00159525,0.995714,-0.00360747,-0.00157877,1.99049,0.00129611,0.991761,-1.98891,1.99061,-0.995359
0.993591,-0.995381,-0.998804,-0.994907,0.00129008,-1.99041,-0.000568066,-0.996677,1.99109,-0.00221539,0.992104,-0.999022,-1.00268,2.98269,-0.9929,0.00398229,0.994471,-1.00393,-0.0015771,0.997182,-0.000805036,1.00918,0.00149515,-0.00113563,1.95746,0.00172287,0.99917,-1.98844,1.99045,-0.993
0.994504,-0.994402,-0.996015,-0.992698,-0.0010647,-1.98748,-0.00142736,-0.984981,1.99008,0.00248139,0.996422,-0.997456,-0.994949,2.98169,-0.992446,0.00239662,0.996488,-1.0026,-0.000319784,1.00053,0.00204133,0.958708,0.00166091,-0.00131697,1.98997,0.00187778,0.99902,-1.98908,1.9906,-1.00136
0.995739,-0.991511,-0.996791,-0.997672,0.00045433,-1.98798,0.0044288,-0.994573,1.98865,-0.00238931,0.987309,-0.992377,-1.00526,2.98919,-0.992983,-0.00375321,0.990682,-1.00234,-0.00079717,0.997274,-0.00483205,1.00021,-0.00214793,-0.00270545,1.98868,0.00308823,0.998136,-1.98838,1.99025,-1.00388
0.99437,-0.995076,-1,-0.995397,0.000838418,-1.98596,-0.00543634,-0.99277,1.98519,-0.00200951,0.993287,-0.992872,-0.994025,2.9859,-1.0033,-0.0460002,0.990966,-1.0017,-0.000628946,1.00306,-0.000629468,0.988261,0.00104478,-0.00295269,1.99177,-0.000296281,0.998384,-1.98879,1.99071,-0.992846
0.994899,-0.998948,-0.997315,-0.993308,-0.000566848,-1.98784,0.000205463,-0.992946,1.9908,0.00104989,0.992692,-0.995318,-0.998062,2.98372,-0.993382,0.00106613,0.997658,-1.00177,-0.00160174,1.00057,0.000462815,0.996496,-0.000415057,-0.00271542,1.9916,0.00140999,0.997376,-1.98814,1.99113,-0.999396
0.995045,-0.992591,-0.996453,-0.991462,-0.00289484,-1.98998,0.000164925,-0.999294,2.00423,-0.00220446,0.997177,-0.959785,-0.999663,2.97763,-0.988409,-0.0554312,0.993856,-1.00183,-0.00245534,0.997034,0.0013804,1.01119,0.00324495,-0.000919947,1.99412,0.00500496,0.996056,-1.98898,1.98992,-0.995428
0.994733,-0.992625,-0.997036,-0.994671,-0.000482387,-1.98538,-0.00114272,-0.992854,1.99027,-0.000294975,0.994605,-0.996047,-0.997987,2.98266,-0.99452,0.000419603,0.989153,-1.00235,-0.00194934,0.996198,-0.000408454,0.988021,-0.00067872,-0.0022247,1.99089,0.00355228,0.994419,-1.98859,1.99028,-1.00065
0.99469,-0.993649,-0.996846,-0.997719,-0.000600859,-1.99348,-0.0016817,-0.996601,1.98923,-0.00039687,0.993612,-0.997817,-0.994876,2.98178,-0.996738,0.000673992,0.991094,-1.00227,-0.00222212,0.995128,0.00187035,0.994523,-0.00146829,-0.00317584,1.99084,0.00251941,0.994687,-1.9887,1.99072,-0.998307
0.99474,-0.993957,-1.00056,-0.99549,-0.000730096,-1.98847,-0.00225952,-0.993512,1.98771,-0.00128107,0.994335,-0.9986,-0.996567,2.98096,-0.992794,-0.00408679,0.993104,-1.00222,-0.00180242,0.998587,0.00143896,1.00246,-0.00249055,-0.00201097,1.99186,0.000950497,0.999596,-1.98829,1.99041,-0.996103
0.995131,-0.994264,-0.996476,-0.984013,-0.000702027,-1.98843,0.000698543,-0.994436,1.99036,0.000461459,0.994078,-0.99584,-0.999523,2.9808,-0.996703,0.00530292,0.995961,-1.0017,-0.00311936,1.00199,-0.000483772,0.992463,-0.00105673,-0.00233178,1.99092,0.00142559,0.999679,-1.98186,1.99045,-0.997877
0.994928,-0.993815,-0.993074,-0.993619,0.000775496,-1.98306,-0.00092812,-0.996346,1.99031,-0.000581018,0.994259,-0.986742,-0.994488,2.98012,-1.00414,-0.00352321,0.994821,-1.00261,-0.00156655,0.994574,0.000892414,0.993266,0.00775297,-0.0020411,1.99131,0.00337061,0.991407,-1.98857,1.99048,-1.0475
0.994592,-0.99338,-0.995641,-0.994947,-0.000951699,-1.98672,-0.00144238,-0.996183,1.98864,-0.00172605,0.994604,-0.996343,-0.997999,2.97986,-0.996703,0.0122888,0.994978,-1.00216,-0.00113051,0.994393,0.000645204,0.994573,0.000104895,-0.00236078,1.98704,0.00190764,0.99584,-1.98842,1.98976,-0.999529
0.99477,-0.993398,-0.997414,-0.994431,-0.0017659,-1.98635,-0.00250535,-0.996948,1.98961,0.00079597,0.994003,-0.996729,-0.997419,2.98313,-0.997043,0.000449524,0.994494,-1.00197,-0.00167094,0.996351,0.00194466,0.998017,-0.000397438,-0.00204136,1.99126,0.00270455,0.996912,-1.9885,1.99023,-0.997493
0.994605,-0.993198,-0.994938,-0.996207,-0.000960139,-1.98901,-0.000238715,-0.995992,1.98771,-0.00137627,0.993227,-0.995635,-0.995756,2.98275,-0.993814,0.00109127,1.0006,-1.00193,-0.00203507,0.996176,-0.000170219,0.99541,-0.000905659,-0.00225435,1.99127,0.000869233,0.997327,-1.98907,1.99118,-0.99855
0.99479,-0.993634,-0.995595,-0.993716,-0.000490377,-1.98553,-0.00156034,-0.997062,1.98991,-0.002265,0.996189,-0.995183,-0.990879,2.98303,-0.994684,-0.00160566,0.993812,-1.00239,-0.00271148,0.995172,0.000849384,0.994499,0.000499746,-0.00264563,1.99131,0.00137459,0.998783,-1.98868,1.99019,-0.995494
0.994645,-0.992673,-0.994741,-0.998194,-0.000960813,-1.98885,-0.0012437,-0.99722,1.98978,-0.00108528,0.993033,-0.995965,-0.998152,2.9825,-0.992038,0.00205846,0.994621,-1.00161,-0.00320964,0.996876,-0.0132659,0.993672,-0.00159347,0.000683517,1.99116,0.00348181,1.00059,-1.98855,1.99075,-0.99766
0.995264,-0.994598,-0.995967,-0.993711,-0.000242298,-1.99009,-0.00107016,-0.995034,1.9896,-0.000346947,0.993962,-0.996037,-1.00097,2.98404,-0.996265,0.00251753,0.993195,-1.00181,-0.00122201,0.994351,-0.000193497,0.993445,-0.00286232,-0.00174312,1.99019,-0.00180277,0.993864,-1.98934,1.9905,-0.994607
0.994841,-0.993399,-0.997586,-0.993509,-0.00147735,-1.98926,-0.00100482,-0.995719,1.98917,-0.000592497,0.993225,-0.996493,-0.996165,2.98252,-0.985832,9.46694e-05,0.993649,-1.00234,-0.00207183,0.994736,-7.90697e-05,1.00249,-0.00149733,-0.00206519,1.99058,0.00172406,0.99334,-1.98651,1.99063,-0.991752
0.994682,-0.993651,-0.999041,-0.992539,-0.000588613,-1.98788,-0.0020006,-0.995811,1.95675,-0.00111221,0.99222,-0.997781,-0.998906,2.98112,-0.995158,0.00490738,0.995013,-1.00035,-0.0019401,0.993707,-3.34609e-05,0.996743,-0.00219602,-0.00160985,1.99066,0.000883905,0.99647,-1.98825,1.99224,-0.996533
0.994596,-0.996018,-0.996992,-0.99561,-0.00165668,-1.98691,0.0012743,-0.998152,1.98878,-0.00506887,0.993464,-0.995462,-0.994487,2.98392,-0.990989,0.00216249,0.991726,-1.00203,-0.00235102,0.993557,-0.00052029,0.996942,-0.00237333,-0.00401624,1.98995,0.00174416,1.00679,-1.9891,1.99057,-1.00246
0.995148,-0.99393,-0.996584,-0.99402,-0.000562837,-1.98682,-0.0013191,-0.997102,1.9886,-0.0020609,0.992688,-0.996213,-0.999968,2.98292,-0.987743,0.00357251,0.994193,-1.00205,-0.002069,0.995958,-0.000836327,0.994098,-0.000458915,-0.00185282,1.99126,0.00188259,0.99858,-1.98853,1.99034,-0.995908
0.994651,-0.994122,-0.996378,-0.993935,-0.000513736,-1.98632,0.00017878,-0.996725,1.98872,-0.00271573,0.994115,-0.99697,-0.999092,2.98277,-0.989887,0.0040169,0.994499,-1.00161,-0.00187475,0.997783,0.000944893,0.997274,0.000427274,-0.00187932,1.99046,-0.00836625,1.00158,-1.98888,1.99023,-0.998774
0.995956,-0.993652,-0.996993,-0.993205,-0.000369305,-1.98663,0.00157759,-0.996602,1.99178,-0.00152722,0.99432,-0.993299,-1.0037,2.98229,-0.990941,0.00111449,0.995679,-1.00092,-0.00178251,0.996465,0.00154046,1.00155,0.00184434,-0.000781227,1.99112,-0.00059935,0.997543,-1.9879,1.99205,-0.991233
0.993849,-0.993918,-0.997703,-0.994413,0.00148842,-1.99074,-0.00781381,-0.998094,1.9879,-0.00187497,0.991513,-0.997934,-1.00836,2.98682,-0.98796,0.00483233,0.989112,-1.00064,-0.00154936,0.996094,0.00101877,0.995425,0.0001404,-0.00167219,1.99078,0.00395776,0.998891,-1.98815,1.99031,-0.997972
0.994867,-0.993603,-0.996875,-0.994593,-0.000801969,-1.98635,-0.000688758,-0.996449,1.98958,-0.000819474,0.992702,-0.996507,-1.00009,2.98471,-0.995223,0.00202533,0.99297,-1.0018,-0.00167704,0.996863,-0.00141649,0.996071,-0.000648974,-0.00289454,1.99084,0.00308296,0.994653,-1.98837,1.99077,-0.996431
0.9948,-0.994087,-0.997146,-0.993778,-0.00178416,-1.98921,-0.00127261,-0.995858,1.99012,0.00310475,0.989036,-0.996174,-0.996485,2.98291,-0.98762,0.00270225,0.993045,-1.00057,-0.00153697,0.992711,0.000926544,0.99941,-0.00295754,-0.00233345,1.99061,0.00336504,0.997952,-1.98824,1.9906,-0.995034
# Iteration 350
0.994796,-0.994777,-0.994934,-0.9955,-0.00143815,-1.98941,-5.38159e-05,-0.993753,1.98961,-5.01304e-05,0.994406,-0.99582,-0.994579,2.98334,-0.995438,-0.000163451,0.995133,-0.995205,0.000654348,0.995741,0.000936784,0.994458,0.000328823,-0.000531486,1.98928,-0.000278617,0.994446,-1.98973,1.99011,-0.99535
0.99476,-0.995194,-0.994572,-0.995262,-0.00147066,-1.98991,-0.000292517,-0.994799,1.9896,0.000568238,0.994313,-0.995953,-0.994736,2.98357,-0.995357,-0.000359834,0.995209,-0.995398,0.000634542,0.994874,0.000248534,0.994558,0.000833004,-0.000407147,1.98943,-0.00091074,0.994981,-1.98965,1.99026,-0.994952
0.994752,-0.994675,-0.995093,-0.995139,-0.00142499,-1.98999,-8.18918e-05,-0.995278,1.98962,3.55319e-05,0.993826,-0.995805,-0.994547,2.98355,-0.994104,-0.00108635,0.994434,-0.995499,0.000418219,0.994772,-0.000854799,0.994556,0.000471242,-0.000645005,1.98925,-0.000400446,0.994973,-1.98955,1.98996,-0.995228
0.994879,-0.993412,-0.995574,-0.994431,-0.00142155,-1.99037,-0.000489713,-0.995341,1.98969,-6.88233e-05,0.994361,-0.995884,-0.994982,2.98352,-0.994573,0.000224745,0.995324,-0.994517,0.000186091,0.994909,-0.000516127,0.994405,0.00131056,-0.00195272,1.98929,-0.000127059,0.994592,-1.99016,1.99011,-0.995165
0.994635,-0.994883,-0.994049,-0.995337,-0.0014167,-1.98979,-0.000113495,-0.995519,1.98961,0.00031593,0.994942,-0.995779,-0.994798,2.98355,-0.995122,-0.000661825,0.995512,-0.99466,-0.000278563,0.994268,-0.00011572,0.994542,0.000767623,-0.000265087,1.98928,-0.000214914,0.994624,-1.98978,1.99007,-0.996126
0.994777,-0.994792,-0.994006,-0.995159,-0.00142576,-1.99009,-0.00018687,-0.995056,1.98959,0.000445258,0.994433,-0.995845,-0.994659,2.9835,-0.995541,-0.000673518,0.995481,-0.994851,0.000456705,0.994984,0.000789299,0.994597,0.000330214,-0.000246354,1.98948,-0.000357595,0.99476,-1.98961,1.9901,-0.995016
0.994683,-0.996364,-0.995019,-0.995117,-0.00137469,-1.99053,-0.000326398,-0.994728,1.98962,7.74469e-05,0.994259,-0.995775,-0.994495,2.98352,-0.99573,-0.000464734,0.994902,-0.994545,0.000298001,0.99489,0.000474976,0.994549,0.000463928,-0.000908078,1.98922,-0.000233545,0.995601,-1.98948,1.9901,-0.995089
0.994736,-0.993662,-0.994398,-0.994092,-0.0014161,-1.98912,0.000529738,-0.994495,1.98865,0.00104694,0.995421,-0.996225,-0.994593,2.98345,-0.994355,0.000760294,0.990007,-0.995964,0.000386542,0.995074,0.000164299,0.994529,0.00085962,0.000332903,1.99466,-4.32004e-05,0.994776,-1.98966,1.99019,-0.995211
0.995055,-0.992673,-0.99567,-0.99552,-0.00125782,-1.98977,-0.000124662,-0.994917,1.98961,0.00054068,0.994193,-0.996382,-0.994623,2.98358,-0.995133,0.000179089,0.996398,-0.995294,7.34863e-05,0.994718,-0.00201366,0.9942,0.00228839,-0.000288893,1.98946,-0.000469471,0.995019,-1.98957,1.98989,-0.99501
0.994739,-0.994887,-0.993519,-0.995099,-0.00142027,-1.9901,-0.000589993,-0.997573,1.98963,0.000558245,0.994585,-0.995885,-0.994554,2.98363,-0.995237,-0.000428657,0.995271,-0.995366,0.000497522,0.99466,0.000461803,0.994383,0.000311701,-0.00044487,1.98925,-0.00041382,0.995505,-1.98982,1.99014,-0.995282
0.994751,-0.995495,-0.994055,-0.995259,-0.0011891,-1.9901,-0.000198882,-0.994929,1.98961,-4.24348e-05,0.993828,-0.995978,-0.994709,2.98357,-0.995334,-0.00100699,0.995185,-0.995691,0.000684083,0.994705,0.000630046,0.995213,0.000708892,-0.000489332,1.98921,-0.000425145,0.994909,-1.98949,1.98751,-0.995229
0.994729,-0.995137,-0.994488,-0.995296,-0.00141156,-1.99006,-0.000105673,-0.994948,1.98962,0.000280431,0.994401,-0.995651,-0.994424,2.98354,-0.994913,3.8201e-05,0.995318,-0.99542,0.000520881,0.994905,0.000916355,0.994508,0.000672034,-0.000232906,1.98915,-0.000379773,0.994948,-1.98947,1.99005,-0.995701
0.994713,-0.994756,-0.995116,-0.99533,-0.00143298,-1.99014,-8.68914e-05,-0.994676,1.98975,0.000461072,0.994857,-0.996186,-0.996359,2.98356,-0.995813,0.000569679,0.995229,-0.994892,0.000711632,0.993909,0.00076526,0.994679,-0.000168546,0.000794004,1.98956,-0.000822607,0.995957,-1.98932,1.9899,-0.995401
0.993977,-0.995167,-0.995035,-0.995706,-0.00156094,-1.99001,0.000540658,-0.993264,1.98959,0.000287044,0.994521,-0.996125,-0.993669,2.98346,-0.995324,-0.000893107,0.995224,-0.993093,0.000242399,0.994578,0.000721605,0.994416,0.000927784,-0.000520211,1.98926,-0.000484807,0.995199,-1.98954,1.98982,-1.00274
0.994833,-0.994446,-0.994361,-0.995642,-0.00144731,-1.99012,-0.000485149,-0.995085,1.98961,0.000181989,0.994482,-0.9958,-0.994434,2.98356,-0.995751,-0.00109583,0.995238,-0.995326,0.00043191,0.994998,0.00078122,0.994563,0.000566433,-0.000285747,1.98926,-0.000440376,0.99422,-1.98961,1.99008,-0.994471
0.994733,-0.995075,-0.99586,-0.99531,-0.00143734,-1.9898,-0.000278578,-0.995458,1.98962,0.00032188,0.994495,-0.996396,-0.994515,2.98357,-0.995546,-0.000695113,0.998099,-0.994691,0.000605789,0.995295,0.000352963,0.994382,0.00120481,-0.000249193,1.98929,-0.000300656,0.995778,-1.98951,1.99006,-0.994669
0.994889,-0.995806,-0.995882,-0.994327,-0.0015057,-1.98966,-0.000907924,-0.995251,1.98958,0.000600817,0.994194,-0.997003,-0.994017,2.98337,-0.996962,-0.000827913,0.995137,-0.995415,-0.000373507,0.995626,-5.7468e-05,0.994509,0.000697955,-0.000331531,1.98909,-0.000287159,0.995684,-1.98937,1.98958,-0.994409
0.994731,-0.995188,-0.994525,-0.99545,-0.00144748,-1.98865,-0.000143551,-0.994781,1.98969,0.00103108,0.994755,-0.995989,-0.994423,2.98353,-0.995718,-0.000447917,0.995229,-0.995324,0.000577086,0.994593,0.000623117,0.994494,0.00103307,-0.00035154,1.98931,-0.000456038,0.995145,-1.98965,1.99157,-0.995392
0.994722,-0.995386,-0.995407,-0.993954,-0.00143945,-1.99067,3.11578e-06,-0.995169,1.98959,0.000766718,0.995168,-0.996042,-0.994697,2.9836,-0.995185,0.000323796,0.995167,-0.993289,0.000938719,0.99375,0.00115874,0.994543,0.000409086,-0.000408635,1.98926,-0.000201309,0.993343,-1.98947,1.99002,-0.994754
0.994579,-0.995653,-0.993115,-0.995193,-0.00140098,-1.98998,0.000121423,-0.996025,1.98963,0.000586249,0.994295,-0.996166,-0.994513,2.98358,-0.995107,-0.000941747,0.995486,-0.995397,0.000800857,0.994989,-3.72019e-05,0.994566,0.00119713,-0.000544957,1.98931,-0.000494189,0.994766,-1.98955,1.98992,-0.994603
0.994697,-0.995243,-0.995072,-0.994944,-0.00141042,-1.98947,2.5805e-05,-0.994861,1.9896,4.77151e-05,0.994483,-0.996017,-0.99428,2.98354,-0.99607,-0.0181368,0.995808,-0.996402,0.00214243,0.994516,-0.00126356,0.994588,0.00084361,-0.000347477,1.98924,-0.000531591,0.994668,-1.98957,1.98973,-0.994535
0.994715,-0.995128,-0.99497,-0.995466,-0.00135752,-1.98987,-0.000570281,-0.995781,1.98963,0.000331345,0.994751,-0.995723,-0.994228,2.98354,-0.998689,-0.00234898,0.99474,-0.995339,0.00147628,0.99442,-0.000767357,0.994554,0.00114297,-0.000223372,1.98918,-0.000453449,0.994818,-1.9881,1.99004,-0.995317
0.994739,-0.995441,-0.994452,-0.994944,-0.00108457,-1.98911,-0.000428458,-0.994871,1.9896,7.95387e-05,0.994778,-0.996213,-0.994547,2.9835,-0.995968,-0.000511343,0.995143,-0.996613,-0.00130769,0.995045,-0.00166762,0.994464,0.000964041,0.00020379,1.98928,-0.000517676,0.994943,-1.98954,1.99012,-0.994662
0.995243,-0.995973,-0.994147,-0.994657,-0.00178509,-1.98995,0.00114434,-0.995602,1.98972,0.000529807,0.994627,-0.996096,-0.994258,2.9835,-0.995469,-0.000265863,0.995102,-0.995497,0.000449031,0.994428,0.000643556,0.994549,0.000702246,9.99588e-05,1.98908,-0.000362928,0.995108,-1.98946,1.98994,-0.994919
0.994366,-0.993371,-1.00646,-0.993689,-0.00140459,-1.98982,0.000726489,-0.995484,1.98915,0.000737914,0.994972,-0.996623,-0.994652,2.98365,-0.994872,-0.000570577,0.995238,-0.996019,0.00125644,0.995003,-0.000558647,0.994565,0.000547938,-0.00071092,1.99574,0.000299448,0.995561,-1.99016,1.98965,-0.994937
0.994746,-0.995453,-0.994221,-0.994887,-0.00146778,-1.98995,2.02885e-06,-0.995093,1.98961,0.00123946,0.995077,-0.99614,-0.994464,2.98358,-0.995839,-0.000339216,0.995373,-0.99525,0.000403997,0.994852,0.000217457,0.994525,7.11376e-05,-6.47055e-05,1.98942,-0.000460757,0.994863,-1.98962,1.99051,-0.99469
0.994754,-0.996551,-0.994904,-0.995009,-0.00141941,-1.98782,-0.000215184,-0.994652,1.98962,-0.000103036,0.994541,-0.995912,-0.993989,2.98352,-0.995555,-0.00051693,0.995716,-0.996113,0.000379343,0.994764,0.000686434,0.99412,0.000943405,0.000297249,1.98908,-0.000383729,0.994826,-1.98916,1.99015,-0.993756
0.994758,-0.995993,-0.994593,-0.994769,-0.00137231,-1.98996,-0.000806009,-0.994565,1.98993,0.00026329,0.994823,-0.99637,-0.994168,2.98356,-0.995614,6.20959e-05,0.995416,-0.995093,0.000633941,0.994667,-0.000142817,0.994558,0.00129472,-0.000112185,1.98936,-0.000329448,0.99367,-1.98958,1.99132,-0.994693
0.99475,-0.99504,-0.995149,-0.995511,-0.00142457,-1.99018,0.00011673,-0.994752,1.98963,0.000574478,0.994408,-0.995959,-0.994336,2.98356,-0.99532,-0.000858321,0.995223,-0.997665,0.000881042,0.994863,0.000770604,0.994345,0.000332847,-0.00034264,1.98917,-0.000383752,0.994937,-1.98962,1.98987,-0.994628
0.994788,-0.995289,-0.994396,-0.995123,-0.00145334,-1.98997,-0.000179188,-0.994986,1.98962,0.000513296,0.994534,-0.995961,-0.994411,2.98356,-0.995142,-0.000484188,0.995301,-0.994494,0.000621331,0.994651,0.00044164,0.994624,0.00231507,-0.000184012,1.98929,-7.37888e-05,0.994828,-1.98951,1.99008,-0.995418
0.994742,-0.995557,-0.994598,-0.995484,-0.00145978,-1.98998,-0.000313936,-0.995173,1.98962,0.000852129,0.994753,-0.995837,-0.994412,2.98354,-0.995713,-0.000556398,0.995224,-0.995246,0.000593735,0.99531,0.000612582,0.994658,0.000919572,-0.000257616,1.98929,-0.00020821,0.99491,-1.98946,1.99018,-0.994437
0.99465,-0.994732,-0.99514,-0.995188,-0.00140734,-1.98991,-0.000225482,-0.995248,1.98963,0.000404592,0.994478,-0.995689,-0.99395,2.98362,-0.995332,-0.000645146,0.995316,-0.99453,0.00046252,0.994979,0.000137826,0.994653,0.0015348,-0.000351464,1.98925,-0.000181115,0.996696,-1.98934,1.99013,-0.994874
0.994703,-0.995125,-0.994384,-0.995609,-0.00143375,-1.99014,-0.000909184,-0.995364,1.98961,0.000788367,0.995055,-0.99593,-0.994272,2.98361,-0.996325,-0.000637619,0.995635,-0.994903,0.000458868,0.995051,0.00037983,0.994514,0.00100121,-0.000301485,1.98929,-0.00043331,0.994523,-1.98958,1.99013,-0.995059
0.994631,-0.994803,-0.994797,-0.995219,-0.00142862,-1.98938,-0.00493324,-0.995029,1.98943,0.000120393,0.994668,-0.995986,-0.994171,2.9836,-0.99563,-0.000522446,0.994605,-0.99517,0.000664794,0.994479,0.000485514,0.994589,0.00296933,-0.000528968,1.98936,-0.000221606,0.994972,-1.98949,1.9904,-0.995167
0.994716,-0.995493,-0.994436,-0.995155,-0.00147416,-1.99012,0.00128842,-0.99564,1.98961,0.000550967,0.994178,-0.995858,-0.994866,2.98356,-0.995318,-0.000574923,0.99522,-0.995409,0.000199081,0.994807,0.001073,0.994567,0.00251264,-0.000215086,1.98929,-0.000362368,0.994914,-1.98944,1.98997,-0.994889
0.994815,-0.994308,-0.994879,-0.994804,-0.00144638,-1.99001,-0.0005091,-0.996371,1.98962,0.000399508,0.994551,-0.99589,-0.994418,2.98353,-0.995702,-0.000668429,0.995194,-0.99502,0.000657146,0.994976,0.000711631,0.994278,0.000729089,-0.000238561,1.98923,-0.000590428,0.995315,-1.98972,1.99006,-0.995251
0.994703,-0.994715,-0.993294,-0.994894,-0.00137482,-1.98984,-0.0017489,-0.995205,1.98961,0.000211897,0.994765,-0.996262,-0.99417,2.98354,-0.99525,-0.000690587,0.995352,-0.995113,0.00265916,0.995623,0.000300309,0.994617,0.00115886,-6.47784e-06,1.98927,-0.000473605,0.994639,-1.98959,1.99011,-0.994866
0.994953,-0.995285,-0.994747,-0.995104,-0.00147158,-1.98993,3.08521e-06,-0.995311,1.98962,0.00132479,0.993807,-0.9961,-0.994962,2.98354,-0.995533,0.000150903,0.995099,-0.995513,0.00104533,0.993259,0.00159853,0.994453,0.000876995,-0.000281948,1.9893,-0.000147524,0.994859,-1.9888,1.99007,-0.994402
0.995127,-0.994032,-0.99369,-0.994501,-0.00186402,-1.98968,-5.49441e-05,-0.994512,1.9896,6.37537e-05,0.994614,-0.995759,-0.994313,2.9835,-0.99594,0.000586445,0.995262,-0.986622,0.0013276,0.995402,0.00140856,0.994664,9.91317e-05,-0.00102112,1.99031,-0.000206795,0.994097,-1.98978,1.99044,-0.994336
0.99481,-0.994944,-0.995167,-0.994295,-0.00150718,-1.98991,0.000366571,-0.996367,1.98961,-0.000398523,0.9945,-0.996551,-0.993894,2.98348,-0.994854,-0.000193915,0.995672,-0.995969,0.000809026,0.993598,5.44789e-05,0.994464,-0.000460208,-0.00037329,1.98976,-0.000470844,0.994552,-1.98993,1.99021,-0.994271
0.994708,-0.995625,-0.995771,-0.995293,-0.0014216,-1.99019,-0.000747339,-0.995596,1.98962,0.000662424,0.994929,-0.996059,-0.994714,2.98354,-0.995326,-0.000600463,0.996009,-0.994778,-0.00138558,0.994784,0.000688624,0.994609,0.00111227,-0.000228001,1.98925,-0.000357092,0.99501,-1.98951,1.99019,-0.994929
0.994646,-0.994608,-0.992823,-0.995175,-0.00154551,-1.98951,6.3418e-05,-0.994425,1.98974,0.000920759,0.99404,-0.996719,-0.996906,2.9835,-0.996821,-0.000457735,0.995655,-0.995118,0.000826722,0.993578,0.00203029,0.994492,0.000521295,0.000157548,1.98955,-0.000426973,0.995886,-1.98932,1.98884,-0.994633
0.994608,-0.994856,-0.995455,-0.994851,-0.00144703,-1.98992,-0.000772412,-0.994807,1.98961,0.000524258,0.994417,-0.995898,-0.995419,2.98442,-0.995714,0.000529453,0.995394,-0.995035,0.000473502,0.994759,0.00175742,0.994623,0.00238169,-0.000774389,1.98924,-0.000404599,0.995177,-1.98925,1.99041,-0.995277
0.994723,-0.994363,-0.995882,-0.995237,-0.00151428,-1.99037,-0.000548635,-0.995017,1.98959,8.63738e-05,0.994784,-0.99596,-0.994322,2.98353,-0.9952,-0.000560825,0.995425,-0.995118,0.000585454,0.994819,0.000552929,0.994659,0.00156659,-0.000238835,1.98956,-0.000466785,0.995387,-1.98937,1.99015,-0.994885
0.994678,-0.994503,-0.995816,-0.994778,-0.0014455,-1.98974,0.000426915,-0.995007,1.98962,0.000124004,0.994516,-0.995537,-0.994394,2.98355,-0.996301,-0.00104766,0.995171,-0.995656,0.000572155,0.994899,0.00204946,0.994052,-0.000403748,-0.00137067,1.98939,-0.000431621,0.995597,-1.98929,1.99065,-0.994243
0.994922,-0.993957,-0.994987,-0.995331,-0.00144057,-1.98997,-0.000213401,-0.994614,1.98982,0.000318088,0.99425,-0.995874,-0.994605,2.98332,-0.995285,-0.000751758,0.995123,-0.995131,0.000421533,0.994921,0.000575909,0.994632,0.000833143,-0.000422105,1.98979,-0.000212838,0.994787,-1.98961,1.99005,-0.994798
0.994792,-0.99554,-0.994685,-0.993826,-0.0014305,-1.98979,9.57378e-05,-0.994317,1.98973,0.00232646,0.994204,-0.995859,-0.994376,2.98358,-0.995658,-0.000212977,0.995557,-0.99518,0.00106267,0.994798,0.00281453,0.994725,0.00105104,-0.000385565,1.98926,-0.000233768,0.995332,-1.98937,1.99015,-0.994228
0.994686,-0.994925,-0.994875,-0.996023,-0.00144471,-1.98944,-0.00154176,-0.9952,1.98963,0.00164941,0.99448,-0.995963,-0.994636,2.98348,-0.994604,-0.000536169,0.995321,-0.99483,0.000749121,0.994881,0.000253685,0.994598,0.000794604,-0.00039074,1.98921,-0.000245613,0.995075,-1.98961,1.99007,-0.995532
0.994774,-0.995375,-0.994783,-0.99525,-0.00142913,-1.98959,-0.000183945,-0.994967,1.98959,0.000292692,0.994612,-0.996195,-0.994523,2.98355,-0.994637,-8.31469e-05,0.995212,-0.995696,0.000749342,0.994838,0.000670028,0.99447,-4.34891e-05,-0.000510634,1.98917,-0.000209971,0.998085,-1.98957,1.99005,-0.994742
0.994727,-0.994915,-0.994889,-0.995269,-0.00143819,-1.98995,0.000379059,-0.994067,1.98966,0.000969974,0.994318,-0.995919,-0.994624,2.98363,-0.995417,-0.000494627,0.995112,-0.995376,0.000139202,0.995094,0.000869413,0.994611,0.000535608,-0.000281619,1.98926,-0.00050241,0.99464,-1.98967,1.98997,-0.993853
# Iteration 400
0.994796,-0.995232,-0.994831,-0.995023,-0.000106652,-1.99,-0.000105485,-0.994891,1.98965,-5.77614e-05,0.995119,-0.994932,-0.995064,2.98513,-0.994973,-8.57708e-05,0.995099,-0.995014,1.75979e-05,0.994966,2.19433e-05,0.995036,0.000293198,-8.27314e-05,1.99033,-6.53216e-05,0.995062,-1.98977,1.98977,-0.995085
0.994873,-0.994937,-0.994985,-0.995006,-9.97523e-06,-1.99012,-9.51183e-05,-0.994851,1.98967,0.000368579,0.995164,-0.99499,-0.995029,2.98471,-0.99492,-5.14781e-05,0.994944,-0.994582,0.000163093,0.994983,-0.00030526,0.995061,-0.000263302,-0.000157614,1.99007,-5.3869e-06,0.995261,-1.98978,1.9899,-0.995132
0.994886,-0.994962,-0.994999,-0.995171,2.41085e-06,-1.98995,-7.19676e-05,-0.994492,1.98965,-0.000109638,0.995111,-0.994935,-0.994913,2.98492,-0.995018,-5.62685e-05,0.995052,-0.995039,-0.000131682,0.994947,-6.91293e-05,0.995038,-6.99726e-07,-0.000299439,1.99019,-0.000122054,0.995057,-1.98966,1.99007,-0.995105
0.994885,-0.99495,-0.995058,-0.995124,-1.77809e-05,-1.99013,-7.19939e-05,-0.994739,1.98966,7.93709e-05,0.995165,-0.994895,-0.995023,2.98502,-0.99495,-2.52118e-05,0.994992,-0.99498,-4.64216e-05,0.994982,-5.96758e-05,0.995048,-0.000113779,-0.000133818,1.99008,-7.73617e-05,0.99527,-1.98971,1.98966,-0.995195
0.994825,-0.995011,-0.995079,-0.994981,-7.12254e-05,-1.99021,-7.59223e-05,-0.994979,1.98965,-3.70247e-05,0.995059,-0.994954,-0.994987,2.98496,-0.994924,-4.65638e-05,0.995061,-0.994853,-6.3988e-05,0.995001,-0.000148668,0.994828,-0.000237817,-0.00015785,1.99012,5.56901e-05,0.994998,-1.98962,1.99015,-0.995312
0.994846,-0.995191,-0.995231,-0.995026,8.83892e-05,-1.99004,-1.14461e-05,-0.995088,1.98965,-2.33422e-05,0.995037,-0.994971,-0.994976,2.98498,-0.99498,-0.000166649,0.99515,-0.994951,4.43032e-06,0.994925,6.65985e-05,0.995028,-5.66229e-05,-0.000221665,1.9901,-2.50797e-06,0.995152,-1.9898,1.99,-0.995265
0.994875,-0.995061,-0.995008,-0.994983,0.000225941,-1.98989,4.83515e-05,-0.995093,1.98965,-0.000382492,0.995117,-0.994901,-0.994945,2.98485,-0.994987,-0.000429749,0.995116,-0.994962,-0.000102832,0.994853,-0.00013389,0.994943,-6.46735e-05,-0.000182094,1.99028,-0.000128251,0.996139,-1.98977,1.98998,-0.995127
0.994797,-0.995031,-0.994984,-0.995011,-7.85895e-05,-1.99004,-5.00282e-05,-0.995148,1.98965,8.65115e-05,0.995099,-0.994984,-0.994971,2.9853,-0.995023,-0.000121779,0.995035,-0.994965,-7.68113e-05,0.994976,2.33763e-05,0.994943,-1.35115e-05,-0.000262126,1.99011,7.45919e-06,0.995088,-1.98971,1.99007,-0.995085
0.994876,-0.995012,-0.995091,-0.994937,7.0645e-05,-1.99006,-9.21341e-05,-0.995213,1.98966,-4.33849e-05,0.995071,-0.994812,-0.994933,2.98501,-0.995003,-8.81276e-05,0.994956,-0.994871,-7.0149e-05,0.99488,-4.75572e-05,0.99507,-0.000321538,-0.000222836,1.99011,0.000171992,0.994957,-1.98966,1.99003,-0.995166
0.995018,-0.995017,-0.995104,-0.99487,0.000126208,-1.98999,-6.12148e-05,-0.995021,1.98965,-0.000478731,0.9945,-0.995273,-0.994504,2.98522,-0.994958,-0.000157409,0.995484,-0.994955,-5.71818e-05,0.994909,-0.00019239,0.994873,-0.000271449,-0.000248889,1.99035,-0.000418664,0.995215,-1.98975,1.98997,-0.995206
0.99486,-0.994963,-0.995099,-0.994891,-4.8682e-05,-1.99001,-3.83745e-05,-0.995065,1.98965,-7.78733e-05,0.995078,-0.99506,-0.995158,2.98503,-0.994844,-1.39048e-05,0.994955,-0.994942,5.27821e-05,0.994977,-0.000317348,0.994893,-7.23531e-05,-0.000237781,1.99018,2.71902e-05,0.995049,-1.98978,1.98973,-0.995166
0.994913,-0.994957,-0.994911,-0.994933,-0.000134607,-1.98992,-8.07089e-05,-0.994954,1.98966,-7.3971e-05,0.99505,-0.994956,-0.994962,2.98483,-0.994913,-0.000427627,0.995047,-0.994991,3.56076e-05,0.994926,-0.000117087,0.995006,0.000313542,-0.000261162,1.98999,0.000264677,0.995026,-1.98971,1.98993,-0.995105
0.994842,-0.995044,-0.994947,-0.994974,-0.000129816,-1.99007,0.000160494,-0.994849,1.98965,0.000123021,0.995057,-0.994978,-0.99497,2.98498,-0.994902,-0.000181623,0.994979,-0.995066,-7.3052e-05,0.994949,-0.000155181,0.994888,1.57065e-05,-0.000237874,1.99007,0.00014528,0.995079,-1.98984,1.98972,-0.995203
0.994875,-0.99493,-0.995095,-0.99503,-2.54923e-05,-1.99006,-6.98179e-05,-0.995116,1.98965,-0.000145879,0.995082,-0.994917,-0.994908,2.98501,-0.994956,-4.04395e-05,0.995004,-0.994997,-1.63052e-05,0.994965,0.000123071,0.995039,-0.000152758,-0.000224311,1.99013,-3.60932e-05,0.995143,-1.98967,1.98986,-0.99512
0.994831,-0.995067,-0.994826,-0.995006,-4.40204e-05,-1.98996,-2.74434e-05,-0.994854,1.98965,-6.36634e-05,0.995091,-0.994942,-0.994954,2.98497,-0.994977,-0.000120011,0.995016,-0.994941,2.25585e-05,0.994938,-4.24901e-05,0.995013,-0.000150924,-0.000283872,1.99005,-0.000119192,0.995159,-1.98978,1.98969,-0.995085
0.994849,-0.995003,-0.995181,-0.994908,-6.71364e-05,-1.99007,-0.000182643,-0.994989,1.98965,-9.10669e-05,0.994989,-0.99498,-0.994989,2.98512,-0.995041,0.000120047,0.995098,-0.995086,0.000127312,0.994969,0.000159316,0.995213,-0.00013316,-0.000178191,1.99026,0.000722001,0.995543,-1.98974,1.98952,-0.995173
0.994872,-0.994942,-0.995128,-0.994953,-6.88567e-05,-1.98998,-2.28039e-05,-0.995087,1.98965,-0.000120808,0.995129,-0.994913,-0.99495,2.98498,-0.995192,-0.000105538,0.995031,-0.995031,-0.000204837,0.994766,6.90332e-05,0.994954,-5.92029e-05,-0.000188677,1.99008,-7.12453e-05,0.995046,-1.98975,1.98982,-0.995227
0.9949,-0.995046,-0.994866,-0.994975,-2.28205e-05,-1.99,-5.27271e-05,-0.995204,1.98965,0.000119416,0.995089,-0.994972,-0.995058,2.98502,-0.99499,-2.04547e-05,0.99503,-0.994926,7.49779e-05,0.994934,0.000174742,0.9949,-3.75794e-05,-0.000231259,1.99029,-5.71373e-05,0.99513,-1.98975,1.98998,-0.995073
0.994853,-0.994866,-0.99515,-0.995138,-3.04455e-05,-1.99006,3.0832e-05,-0.99528,1.98966,9.6807e-05,0.995142,-0.994828,-0.994958,2.98499,-0.994988,-0.000253241,0.995003,-0.995084,-0.000108818,0.994535,-0.000205814,0.995085,-0.00014226,-0.000153121,1.99022,0.000199748,0.994927,-1.98976,1.98948,-0.995175
0.99486,-0.994998,-0.994844,-0.995006,-5.17476e-06,-1.99005,-3.00667e-05,-0.995205,1.98966,-9.8458e-05,0.995134,-0.994951,-0.994945,2.98505,-0.995001,-0.000291128,0.995007,-0.994675,-0.000246932,0.995127,-0.000136387,0.995239,9.93805e-05,-0.000226826,1.99013,5.60785e-05,0.995136,-1.98975,1.98998,-0.995248
0.9948,-0.995093,-0.995064,-0.995045,-8.15805e-05,-1.98998,-9.33971e-05,-0.995213,1.98969,-0.000173937,0.995119,-0.995211,-0.995071,2.9851,-0.994935,0.000417231,0.994984,-0.995012,0.000206369,0.994839,0.000115687,0.994996,-0.000162973,-0.00018319,1.99,-0.000589329,0.995083,-1.98968,1.98959,-0.995224
0.994856,-0.995033,-0.995113,-0.995035,-3.90506e-05,-1.99009,-7.94453e-05,-0.995265,1.98968,-0.000663106,0.995087,-0.994982,-0.995143,2.98497,-0.994935,-9.15768e-05,0.995024,-0.995025,-4.8291e-05,0.994921,0.000116285,0.995206,-0.000142135,-0.000144106,1.99006,5.5887e-06,0.995137,-1.98958,1.98945,-0.994841
0.994862,-0.994951,-0.995092,-0.994971,-3.25254e-05,-1.99013,-0.00017501,-0.995347,1.98965,-0.000165551,0.995101,-0.994947,-0.994942,2.98511,-0.99497,-6.18499e-05,0.995036,-0.994923,6.7271e-05,0.994938,7.79274e-05,0.995006,-0.00012265,-0.000213008,1.99032,-0.000116837,0.995124,-1.98974,1.98951,-0.995119
0.994853,-0.994927,-0.994943,-0.995026,1.39313e-05,-1.99002,-0.000112935,-0.995281,1.98966,-0.000246387,0.995124,-0.995004,-0.994971,2.98504,-0.99498,0.000232965,0.994938,-0.994927,-9.80466e-05,0.994943,9.90016e-05,0.995244,-0.000171485,-0.000161746,1.99005,-5.91835e-06,0.994953,-1.98972,1.98952,-0.995301
0.994911,-0.994835,-0.995191,-0.995456,1.69189e-05,-1.98996,-0.00067221,-0.994636,1.98964,-0.000143829,0.994987,-0.995952,-0.994777,2.98531,-0.994788,-0.00114288,0.995082,-0.995128,0.000308861,0.995079,0.000511119,0.9946,-0.00028359,-0.000285711,1.98404,0.000825896,0.995005,-1.98966,1.98989,-0.995155
0.994846,-0.994971,-0.99509,-0.994932,-4.63113e-05,-1.98992,-7.78869e-05,-0.995157,1.98965,-0.000110242,0.995079,-0.99485,-0.995018,2.98499,-0.994973,-5.97957e-05,0.995055,-0.994947,6.04617e-05,0.99495,-0.000463152,0.995135,-0.00035934,-0.000211932,1.99016,7.5996e-05,0.995229,-1.98983,1.98951,-0.995131
0.994846,-0.994972,-0.995177,-0.99499,1.14528e-06,-1.99028,-4.41926e-05,-0.995101,1.98965,-2.2756e-05,0.9951,-0.994957,-0.99525,2.9854,-0.994943,0.000226806,0.994983,-0.994953,-0.000436616,0.994943,-2.7156e-05,0.994916,-3.71044e-05,-0.000142361,1.99009,0.000118809,0.995084,-1.98971,1.98983,-0.995033
0.99485,-0.995028,-0.994893,-0.995021,-2.89954e-05,-1.98995,-2.55401e-05,-0.995121,1.98963,-4.21109e-05,0.995057,-0.995089,-0.994975,2.98496,-0.994996,-9.43313e-05,0.99503,-0.995,-7.11461e-05,0.994899,9.83288e-05,0.995081,-2.02601e-05,-0.000242818,1.9901,4.24561e-05,0.995036,-1.9896,1.98967,-0.995201
0.994817,-0.995238,-0.994628,-0.995083,-4.08317e-05,-1.98995,-6.29948e-05,-0.995139,1.98966,-0.00023924,0.995024,-0.994916,-0.994958,2.98503,-0.994967,-8.69904e-05,0.995033,-0.994902,-4.23219e-05,0.994943,-6.05161e-05,0.99517,-0.000149444,-0.000338933,1.99001,-1.16647e-05,0.99503,-1.98974,1.98929,-0.995072
0.994878,-0.995013,-0.994892,-0.995002,4.30026e-05,-1.98989,-3.40279e-05,-0.995145,1.98965,-6.86566e-05,0.995077,-0.994979,-0.99496,2.98497,-0.994992,-0.000143768,0.995081,-0.994913,-0.00013518,0.994939,8.05756e-05,0.994925,4.17149e-05,-0.000261126,1.99024,-0.000100239,0.995554,-1.98973,1.98969,-0.995161
0.994892,-0.995043,-0.995006,-0.995014,-1.54779e-05,-1.99,-0.000196749,-0.994936,1.98965,7.06666e-06,0.995081,-0.99494,-0.994946,2.98502,-0.994991,-3.57913e-06,0.994988,-0.994942,-7.40687e-05,0.994942,0.000157569,0.995068,-4.97461e-05,-0.00019098,1.99016,-4.49644e-05,0.99493,-1.98971,1.98978,-0.995104
0.994894,-0.995047,-0.99497,-0.994982,-6.90752e-05,-1.98998,2.46605e-05,-0.995145,1.98966,-0.000108784,0.995074,-0.994948,-0.994964,2.98497,-0.994991,0.000163583,0.994988,-0.994935,-0.000115736,0.994856,5.78744e-05,0.994916,-0.000232248,-0.000205604,1.98998,-0.000191529,0.995108,-1.98978,1.98953,-0.995218
0.994856,-0.995036,-0.994834,-0.995165,-4.38984e-05,-1.98998,0.000104244,-0.995266,1.98966,-2.09034e-06,0.995161,-0.994891,-0.995054,2.98514,-0.99502,-0.000248585,0.995083,-0.995069,0.000186279,0.995004,-2.95268e-05,0.994997,-9.97796e-05,-0.000372697,1.99002,-0.000175651,0.994756,-1.98973,1.98965,-0.995577
0.994831,-0.995146,-0.994989,-0.995039,-7.38573e-05,-1.98984,-3.08146e-05,-0.995243,1.98966,6.82638e-05,0.995207,-0.994972,-0.994946,2.98512,-0.994973,6.73163e-05,0.995045,-0.994862,-6.16484e-06,0.994932,4.32114e-05,0.995068,1.55873e-05,-0.000458767,1.9901,-2.49148e-05,0.995249,-1.98975,1.98932,-0.995345
0.99486,-0.995001,-0.995026,-0.995013,-1.1848e-05,-1.98999,-0.000126068,-0.994911,1.98966,-7.75888e-05,0.995049,-0.994981,-0.994984,2.98498,-0.994964,-0.000112065,0.994999,-0.994945,-2.92339e-05,0.99496,-7.79443e-06,0.99499,2.57157e-05,-0.000212106,1.99025,4.69219e-05,0.995044,-1.98977,1.99007,-0.99516
0.994805,-0.995042,-0.995485,-0.994982,-1.8768e-05,-1.9898,7.30492e-05,-0.995136,1.98966,-0.000507566,0.995071,-0.994932,-0.995048,2.98513,-0.994979,-2.70656e-05,0.994895,-0.995132,5.29075e-05,0.995096,-0.00029376,0.995217,-0.000203559,-0.000188103,1.9899,0.000338511,0.994785,-1.98965,1.9895,-0.995203
0.994857,-0.994928,-0.995073,-0.995134,-9.22199e-05,-1.99003,-8.40395e-05,-0.99502,1.98966,3.12767e-05,0.995124,-0.99488,-0.995016,2.98499,-0.994957,-9.74815e-05,0.995011,-0.995023,-1.74354e-06,0.994929,8.43743e-05,0.995123,-9.54247e-05,-0.000117569,1.99019,-6.34647e-05,0.995145,-1.98977,1.98967,-0.995092
0.994866,-0.994944,-0.994526,-0.995061,-8.02318e-05,-1.99017,-7.3847e-05,-0.995169,1.98966,-0.000261532,0.995209,-0.994902,-0.994817,2.98496,-0.995002,-0.000267545,0.994917,-0.994955,-0.000208898,0.99516,-0.000113114,0.99528,-2.44113e-05,-0.000282864,1.99,-6.95363e-05,0.994914,-1.98986,1.98977,-0.995196
0.994851,-0.995007,-0.99495,-0.995031,-7.88724e-06,-1.98986,-4.86459e-05,-0.995089,1.98965,9.32271e-05,0.995016,-0.994771,-0.995009,2.98499,-0.994951,-0.000106984,0.995036,-0.994936,-4.80905e-05,0.994967,0.000218304,0.995043,-0.000250122,-0.000106765,1.99011,-3.12594e-05,0.995067,-1.98969,1.98977,-0.995166
0.994866,-0.995043,-0.99502,-0.99505,-4.00398e-06,-1.98996,-4.11285e-05,-0.99497,1.98965,-3.06257e-05,0.995069,-0.994934,-0.994964,2.98503,-0.994975,-5.3569e-05,0.995021,-0.994915,-8.19532e-05,0.99495,1.50621e-05,0.995079,-3.92083e-05,-0.000238277,1.99012,-9.53878e-05,0.994992,-1.98973,1.98958,-0.995087
0.994843,-0.995049,-0.995316,-0.995005,-3.09231e-05,-1.98998,-0.000149662,-0.994962,1.98965,-3.06757e-05,0.995066,-0.994956,-0.994985,2.98488,-0.994978,-0.000219407,0.995025,-0.994949,-0.000118956,0.994954,1.97436e-05,0.995034,-8.564e-05,-0.000178078,1.99004,-6.14781e-05,0.994873,-1.98974,1.98973,-0.995088
0.994875,-0.99334,-0.994783,-0.995279,8.66307e-05,-1.99002,-8.33895e-05,-0.99526,1.98964,-2.32499e-05,0.995137,-0.994978,-0.994754,2.98498,-0.994955,-1.22764e-05,0.995334,-0.994958,-0.000281754,0.994908,1.92463e-05,0.995183,9.68256e-05,-0.000499185,1.98984,-0.000152393,0.995079,-1.98979,1.98949,-0.994923
0.994854,-0.995039,-0.994969,-0.995004,-6.21968e-06,-1.9903,-5.3028e-05,-0.994912,1.98965,1.68058e-05,0.995107,-0.994905,-0.994951,2.98485,-0.994982,-0.000111946,0.995052,-0.994831,-0.000124449,0.994926,9.70133e-05,0.995153,-0.000165316,-0.000235741,1.99012,-8.0675e-05,0.994951,-1.9896,1.98975,-0.995068
0.9949,-0.995013,-0.994951,-0.994955,-4.02863e-05,-1.9901,-0.000128262,-0.995188,1.98965,0.000165295,0.995071,-0.994957,-0.994976,2.98513,-0.995049,-0.000295125,0.995155,-0.995189,-1.52904e-05,0.994989,0.000244678,0.995057,-0.00010343,-0.000227881,1.99017,-0.00028866,0.995132,-1.9897,1.98982,-0.995286
0.994877,-0.994995,-0.995051,-0.994986,-7.05635e-06,-1.99009,-6.08167e-05,-0.994968,1.98966,-0.000102095,0.995203,-0.994915,-0.994896,2.98497,-0.99492,1.1221e-05,0.995025,-0.994949,-0.000184918,0.994936,0.000127284,0.995262,-6.18653e-05,-0.000216292,1.99007,4.00811e-07,0.994863,-1.98975,1.98989,-0.995098
0.994856,-0.99503,-0.99489,-0.994938,-1.59253e-05,-1.99005,-4.9657e-06,-0.995272,1.98965,-8.32314e-05,0.995074,-0.994851,-0.994961,2.98497,-0.995029,-5.93767e-05,0.994826,-0.995022,3.61112e-05,0.994936,7.4916e-06,0.994945,0.000399181,-0.000335933,1.99009,-0.00027241,0.995166,-1.98981,1.98967,-0.995156
0.994904,-0.994971,-0.99488,-0.995032,-1.55384e-05,-1.99009,-6.01844e-05,-0.995342,1.98965,-8.4122e-05,0.995105,-0.99492,-0.995124,2.98505,-0.994997,0.000218251,0.995033,-0.994927,-0.0001291,0.994963,0.000244707,0.994971,-0.000148664,-0.000277636,1.99007,-7.69435e-05,0.995185,-1.9898,1.98933,-0.995153
0.994801,-0.995032,-0.994938,-0.994983,-2.98223e-06,-1.99018,7.38775e-05,-0.995187,1.98964,0.000109582,0.994922,-0.994996,-0.994978,2.98496,-0.995001,-0.000119691,0.99513,-0.995166,-0.000623431,0.994931,8.46613e-05,0.994948,0.000113997,-0.000274953,1.99014,-0.000110132,0.99516,-1.99004,1.98962,-0.995086
0.994903,-0.995009,-0.994885,-0.994936,3.41107e-05,-1.98996,-0.000123912,-0.995155,1.98965,-1.25837e-05,0.99505,-0.99492,-0.995079,2.9849,-0.995027,-6.87835e-05,0.995002,-0.994959,5.2975e-05,0.99493,0.000427612,0.994854,0.000100776,-0.000230229,1.99009,-8.76745e-06,0.995129,-1.98972,1.98937,-0.995152
0.994864,-0.995028,-0.994833,-0.99498,-0.000662702,-1.99002,-3.2949e-05,-0.995068,1.98965,-5.92161e-05,0.995011,-0.99502,-0.994903,2.98528,-0.995022,-0.00015873,0.995002,-0.994972,-6.88721e-05,0.994818,0.000375083,0.995145,0.000475263,-0.000115818,1.99019,-9.03407e-05,0.995235,-1.98996,1.98962,-0.995227
# Iteration 450
0.994951,-0.995021,-0.994985,-0.994973,3.91437e-06,-1.98995,3.28684e-05,-0.994968,1.98965,-2.52188e-05,0.995002,-0.994957,-0.994964,2.98486,-0.994977,1.03214e-05,0.99494,-0.994906,2.33663e-05,0.994954,-1.29709e-05,0.994958,-1.1857e-06,-2.07524e-05,1.98988,-1.55208e-05,0.99496,-1.9899,1.98994,-0.994929
0.994929,-0.995025,-0.994981,-0.994989,-5.89226e-05,-1.98994,3.39198e-05,-0.994945,1.98965,-3.73468e-05,0.995001,-0.994985,-0.994962,2.98484,-0.994985,9.09663e-06,0.99494,-0.994903,2.83611e-05,0.994949,-5.29978e-06,0.99495,1.41129e-05,-2.01188e-05,1.9899,4.48625e-06,0.994926,-1.98992,1.98994,-0.995009
0.994889,-0.995026,-0.99496,-0.994974,-3.39613e-06,-1.98995,3.22772e-05,-0.994971,1.98965,-2.2467e-05,0.995023,-0.994834,-0.994964,2.98486,-0.994977,4.20587e-05,0.99495,-0.994878,2.6785e-05,0.994949,1.41001e-05,0.995003,-2.3943e-06,-1.19339e-05,1.98986,6.62776e-06,0.994891,-1.98993,1.98994,-0.994971
0.994904,-0.994975,-0.994975,-0.994945,1.30532e-05,-1.98994,3.98627e-05,-0.994958,1.98965,-2.47865e-05,0.994999,-0.994974,-0.994947,2.98484,-0.994984,2.69062e-05,0.994945,-0.9949,5.68634e-05,0.994938,-2.08739e-05,0.994985,9.64849e-06,-1.7492e-05,1.9899,-5.74118e-05,0.994946,-1.98993,1.98984,-0.994962
0.994988,-0.995018,-0.994973,-0.994974,1.30097e-06,-1.98996,2.63269e-05,-0.994936,1.98965,-4.36028e-05,0.995002,-0.994908,-0.994956,2.98487,-0.994986,2.28026e-05,0.994955,-0.994902,2.464e-05,0.994948,-2.37126e-05,0.994975,1.4345e-06,-4.99355e-05,1.98988,9.05664e-06,0.994952,-1.9899,1.98992,-0.994956
0.994954,-0.995018,-0.994975,-0.994987,-9.54274e-06,-1.98994,3.85789e-05,-0.994962,1.98965,-1.87874e-05,0.995,-0.994964,-0.994966,2.98486,-0.994981,2.49856e-05,0.994949,-0.9949,2.91769e-05,0.994949,-3.02311e-06,0.994925,2.00447e-06,-2.07787e-05,1.9899,1.58236e-05,0.994954,-1.9899,1.98991,-0.994983
0.994933,-0.995028,-0.994993,-0.99499,-8.53138e-06,-1.98995,3.45067e-05,-0.994961,1.98965,-2.63305e-05,0.995001,-0.99497,-0.994945,2.98486,-0.994986,1.41486e-05,0.994948,-0.994926,7.2646e-06,0.994944,7.34791e-05,0.994948,-5.76335e-05,2.64876e-06,1.98988,5.17455e-06,0.994988,-1.98995,1.98991,-0.994978
0.99485,-0.995029,-0.995018,-0.994971,3.79328e-06,-1.98994,3.29789e-05,-0.994967,1.98965,-2.84256e-05,0.995004,-0.994971,-0.994974,2.98485,-0.994977,4.35231e-05,0.994941,-0.994896,2.68335e-05,0.994954,-9.88411e-06,0.994984,6.0776e-05,-1.15693e-05,1.98986,3.34461e-06,0.994945,-1.98993,1.98994,-0.995004
0.994962,-0.995016,-0.994973,-0.994992,4.94658e-05,-1.98995,3.54132e-05,-0.994956,1.98965,-4.83573e-05,0.995001,-0.99495,-0.994982,2.98495,-0.994982,1.01595e-05,0.994946,-0.994901,2.87857e-05,0.994946,-7.38152e-07,0.994971,5.24288e-05,-5.23102e-05,1.9899,2.61347e-06,0.994938,-1.98995,1.98995,-0.994853
0.994918,-0.995015,-0.994974,-0.994992,-4.54793e-06,-1.98995,3.33809e-05,-0.994947,1.98965,-2.97644e-05,0.994997,-0.994964,-0.994968,2.98486,-0.994985,2.06377e-05,0.994952,-0.994907,2.87e-05,0.994955,8.67979e-07,0.994994,4.29262e-06,-2.31141e-05,1.98989,-1.2823e-07,0.99496,-1.98992,1.98994,-0.994978
0.994936,-0.995014,-0.994979,-0.994971,-1.44533e-05,-1.98995,3.31363e-05,-0.994898,1.98965,-2.49101e-05,0.995001,-0.994966,-0.99497,2.98486,-0.994981,5.05288e-05,0.994943,-0.994904,2.13568e-05,0.99495,-3.85094e-06,0.994968,-5.24653e-05,-2.17252e-05,1.98988,1.30149e-05,0.994964,-1.98995,1.98994,-0.994973
0.994834,-0.995013,-0.994977,-0.995015,2.64632e-05,-1.98995,3.3066e-05,-0.994958,1.98965,-2.97622e-05,0.995002,-0.994966,-0.994969,2.98485,-0.994975,7.04366e-06,0.994953,-0.994909,3.76999e-05,0.99495,2.59739e-05,0.995054,-8.58437e-05,-1.99884e-05,1.98988,-2.43794e-05,0.994948,-1.98985,1.98993,-0.994946
0.994986,-0.99502,-0.994978,-0.994994,-2.62743e-05,-1.98995,2.42504e-05,-0.994968,1.98965,-2.67055e-05,0.994998,-0.994995,-0.99496,2.98486,-0.994979,-2.12686e-05,0.994946,-0.994912,2.76471e-05,0.994961,1.42254e-05,0.994975,1.02521e-05,-1.90081e-05,1.9899,-5.04011e-05,0.99495,-1.98993,1.98994,-0.995007
0.994937,-0.995022,-0.994997,-0.995027,2.59555e-05,-1.98995,2.92999e-05,-0.994972,1.98965,-6.73791e-05,0.995032,-0.994975,-0.994958,2.98487,-0.994982,-2.70495e-05,0.994947,-0.994896,6.7e-06,0.994862,-0.000123364,0.995043,-3.85798e-06,4.0857e-06,1.98997,5.00595e-06,0.994985,-1.98994,1.98999,-0.994965
0.994901,-0.995009,-0.994982,-0.994991,8.8945e-07,-1.98996,2.82254e-05,-0.995003,1.98965,-2.49057e-05,0.995001,-0.994931,-0.994971,2.98487,-0.994982,-1.56056e-05,0.994949,-0.994904,3.63387e-05,0.99503,-2.21065e-05,0.994923,7.89505e-06,-2.8771e-05,1.98986,2.0711e-05,0.994948,-1.98992,1.98995,-0.995053
0.994839,-0.995008,-0.994959,-0.995002,2.29346e-06,-1.98994,2.29653e-05,-0.994967,1.98965,-3.03273e-05,0.994999,-0.994962,-0.994976,2.98486,-0.994984,-3.7382e-06,0.994948,-0.994925,2.6503e-05,0.994956,-1.93448e-05,0.995032,-2.34807e-05,-2.50201e-05,1.98988,-1.964e-05,0.994953,-1.98993,1.98994,-0.995005
0.994981,-0.995022,-0.994978,-0.994981,-1.07641e-05,-1.98995,3.33302e-05,-0.994966,1.98965,-2.51605e-05,0.994999,-0.994976,-0.994979,2.98486,-0.994981,3.79261e-05,0.994947,-0.994911,2.64477e-05,0.994952,-1.01218e-06,0.994992,1.07896e-05,-2.55142e-05,1.98989,8.29952e-07,0.994956,-1.98995,1.98994,-0.994988
0.994767,-0.995006,-0.995008,-0.994968,1.01304e-05,-1.98993,3.05437e-05,-0.994973,1.98965,-2.23598e-05,0.995021,-0.994984,-0.994967,2.98484,-0.994984,2.46653e-05,0.994974,-0.994908,2.28541e-05,0.994947,2.15814e-06,0.994988,1.86817e-06,-5.25471e-05,1.98988,-3.99453e-06,0.994942,-1.98993,1.98995,-0.994777
0.994981,-0.995024,-0.994936,-0.995004,-1.52311e-05,-1.98994,3.5201e-05,-0.994972,1.98965,-2.46663e-05,0.995001,-0.99497,-0.994966,2.98489,-0.994984,4.41921e-06,0.994944,-0.994908,3.0013e-05,0.994964,-5.79837e-06,0.994978,9.74833e-06,-2.46821e-05,1.9899,-1.61478e-06,0.99496,-1.98995,1.98994,-0.994975
0.994887,-0.995022,-0.995058,-0.994992,2.98772e-06,-1.98994,3.2401e-05,-0.994971,1.98965,-4.5038e-05,0.99502,-0.994935,-0.994967,2.98485,-0.994984,3.6051e-06,0.995079,-0.994922,9.04474e-05,0.994955,-2.33094e-05,0.995042,-2.72638e-05,-1.71651e-05,1.98988,0.000848199,0.994997,-1.98981,1.9899,-0.994962
0.994957,-0.995024,-0.994971,-0.994997,3.78567e-06,-1.98993,7.8984e-05,-0.994969,1.98966,-2.63375e-05,0.995002,-0.994963,-0.994969,2.98485,-0.994956,4.68088e-05,0.994947,-0.994905,3.1957e-05,0.994952,-2.07795e-05,0.994923,3.37137e-06,1.26556e-05,1.98988,-2.43871e-06,0.994961,-1.98992,1.98994,-0.994978
0.994954,-0.995018,-0.994984,-0.995117,1.11399e-05,-1.98994,3.53017e-05,-0.994969,1.98964,-3.40182e-05,0.994998,-0.994968,-0.994913,2.98484,-0.99498,-8.82792e-06,0.994949,-0.994892,2.92579e-05,0.994945,1.46759e-05,0.994994,2.93982e-05,-1.9366e-05,1.98987,6.65416e-05,0.994964,-1.98991,1.98992,-0.994973
0.995015,-0.995018,-0.994977,-0.994993,4.47861e-06,-1.98995,2.80029e-05,-0.994762,1.98965,-3.19753e-05,0.995004,-0.994985,-0.994964,2.9849,-0.994985,-1.74814e-06,0.994943,-0.994905,2.13296e-05,0.994961,-3.77319e-05,0.99498,2.2826e-05,-3.28812e-05,1.98991,8.50994e-06,0.994974,-1.98991,1.98994,-0.994902
0.99493,-0.995021,-0.994977,-0.994964,-5.94099e-07,-1.98994,3.53064e-05,-0.994965,1.98965,-2.6921e-05,0.995001,-0.994963,-0.994975,2.98485,-0.99497,4.56654e-05,0.994945,-0.994903,2.39159e-05,0.994956,-6.62328e-07,0.994984,1.71039e-05,-5.49295e-06,1.98988,-2.44507e-05,0.994956,-1.98992,1.98994,-0.99498
0.994915,-0.995012,-0.994975,-0.995007,-3.50564e-06,-1.98995,8.90949e-05,-0.994988,1.98965,-2.60227e-05,0.994946,-0.99494,-0.994956,2.98486,-0.994956,-9.7811e-05,0.994948,-0.993259,4.12614e-05,0.995008,1.25803e-06,0.995022,0.000279561,4.16825e-05,1.9899,-2.11123e-05,0.99503,-1.9899,1.98993,-0.99489
0.994769,-0.995027,-0.994968,-0.994968,3.43658e-05,-1.98995,-3.35668e-06,-0.994994,1.98964,-5.72233e-05,0.995016,-0.994945,-0.994974,2.9849,-0.994997,8.30751e-05,0.995019,-0.99491,6.62782e-05,0.994933,-4.29316e-05,0.995005,0.000160727,-1.31249e-05,1.98994,-5.70534e-05,0.99496,-1.98987,1.98991,-0.994952
0.994926,-0.99502,-0.994946,-0.994982,-3.32498e-06,-1.98994,3.28717e-05,-0.994971,1.98965,-2.24712e-05,0.995002,-0.994975,-0.994974,2.98485,-0.994993,4.60769e-05,0.994946,-0.994912,2.97827e-05,0.994946,-5.16597e-07,0.99494,1.75278e-06,-2.62074e-05,1.98988,-2.39782e-05,0.994946,-1.98997,1.98994,-0.994985
0.994955,-0.995014,-0.994964,-0.994957,2.08792e-05,-1.98994,2.92087e-05,-0.994973,1.98965,-3.29491e-05,0.995,-0.994997,-0.994969,2.98488,-0.994984,-2.38756e-05,0.994947,-0.994903,1.94967e-05,0.994948,-5.66426e-06,0.994978,5.80457e-06,-2.16736e-05,1.98988,-1.5926e-05,0.994941,-1.98994,1.98994,-0.994925
0.994832,-0.995021,-0.994974,-0.994983,4.3835e-06,-1.98994,3.23008e-05,-0.994962,1.98965,-3.01937e-05,0.995,-0.994968,-0.994963,2.98486,-0.994983,4.38777e-05,0.994946,-0.994907,4.03073e-05,0.994935,1.11127e-05,0.994971,1.39817e-05,-2.22674e-05,1.98989,-3.58326e-06,0.994962,-1.98992,1.98993,-0.994961
0.99494,-0.995017,-0.994959,-0.994998,1.73806e-05,-1.98994,3.34891e-05,-0.994965,1.98965,-3.39563e-05,0.995,-0.994968,-0.994981,2.98487,-0.994981,1.75707e-05,0.994938,-0.994903,1.38253e-05,0.994951,-2.75189e-05,0.994974,-1.82737e-06,-3.52244e-05,1.98988,-3.00569e-06,0.994966,-1.98984,1.98994,-0.994932
0.994981,-0.995016,-0.99497,-0.994994,-1.05113e-05,-1.98995,3.26224e-05,-0.994963,1.98965,-2.85191e-05,0.995004,-0.994915,-0.994958,2.98485,-0.994981,3.69742e-05,0.994944,-0.994901,3.13224e-05,0.994952,-1.20265e-07,0.994999,6.28788e-05,-2.12749e-05,1.98989,-4.19825e-06,0.994954,-1.9899,1.98994,-0.99498
0.994967,-0.995018,-0.99499,-0.994998,-2.16438e-06,-1.98995,3.60297e-05,-0.994967,1.98965,-2.75246e-05,0.994968,-0.994953,-0.994929,2.9849,-0.99499,-7.45654e-06,0.994946,-0.994903,3.26667e-05,0.994956,-2.58592e-05,0.995025,1.29943e-05,-2.58168e-05,1.98985,1.23146e-05,0.994942,-1.98997,1.98994,-0.994965
0.994759,-0.995001,-0.994982,-0.994985,1.4666e-05,-1.98996,3.03627e-05,-0.994949,1.98965,-3.13057e-05,0.994968,-0.994949,-0.994949,2.98487,-0.994988,-3.00598e-05,0.994948,-0.994903,2.63149e-05,0.994976,-1.06348e-05,0.995027,3.02235e-05,-3.62271e-05,1.98991,2.37481e-05,0.994961,-1.9899,1.98994,-0.994959
0.994944,-0.995015,-0.994974,-0.995004,-4.96865e-06,-1.98994,2.9208e-05,-0.994961,1.98965,-1.83593e-05,0.995001,-0.994967,-0.994954,2.98485,-0.994983,9.10086e-06,0.994943,-0.994905,1.91457e-05,0.994949,-2.44341e-06,0.994988,6.69344e-06,-3.83339e-05,1.98988,4.27902e-06,0.994968,-1.98993,1.98994,-0.995148
0.994839,-0.995012,-0.99498,-0.995006,-6.75608e-06,-1.98994,1.76246e-05,-0.994971,1.98965,-4.82823e-06,0.995007,-0.994966,-0.99495,2.98486,-0.994962,-1.89565e-05,0.994946,-0.994897,2.58042e-05,0.994938,-2.07438e-05,0.995032,1.56013e-05,-1.3379e-05,1.98989,9.15437e-06,0.99496,-1.98992,1.98994,-0.995013
0.994959,-0.995039,-0.99497,-0.994987,-1.21417e-05,-1.98995,3.38796e-05,-0.994987,1.98965,-2.40319e-05,0.995001,-0.994963,-0.994969,2.98486,-0.994984,1.67706e-05,0.994952,-0.994894,3.58374e-05,0.994948,-5.61035e-06,0.994981,3.80135e-06,-2.74991e-05,1.98988,1.67357e-05,0.994961,-1.98992,1.98994,-0.994915
0.994985,-0.995018,-0.995007,-0.995029,9.25931e-06,-1.98994,3.12527e-05,-0.994978,1.98965,-5.23891e-05,0.995003,-0.994994,-0.995015,2.98487,-0.994989,-1.96183e-06,0.994938,-0.994903,2.71296e-05,0.994953,3.44304e-05,0.99497,-1.56724e-08,2.80376e-05,1.98987,1.00495e-05,0.994949,-1.98987,1.98993,-0.99494
0.994945,-0.995008,-0.994995,-0.995058,8.28954e-06,-1.98996,3.29373e-05,-0.99497,1.98965,-3.07484e-05,0.994999,-0.995142,-0.995017,2.98486,-0.994981,-6.17811e-06,0.994819,-0.994907,-1.90218e-06,0.994945,-3.21244e-05,0.995005,-4.44911e-06,-2.27466e-05,1.98989,4.24921e-05,0.99496,-1.98986,1.98995,-0.994921
0.995046,-0.995021,-0.995041,-0.994988,1.99731e-05,-1.98999,3.91141e-06,-0.994962,1.98965,-4.425e-05,0.995001,-0.994965,-0.994956,2.9849,-0.994955,1.89119e-05,0.994963,-0.994899,1.26651e-05,0.994956,-1.12761e-05,0.994991,-1.07596e-05,-2.80752e-05,1.98984,2.06211e-05,0.995008,-1.98989,1.98993,-0.995007
0.994982,-0.995018,-0.995002,-0.994984,2.21925e-05,-1.98995,3.69252e-05,-0.994974,1.98965,-3.27007e-05,0.994998,-0.994973,-0.994957,2.98486,-0.994983,-1.54659e-06,0.994948,-0.994904,3.36061e-05,0.994953,-1.32569e-05,0.994981,5.33205e-06,-1.95408e-05,1.98988,1.89915e-05,0.994973,-1.9899,1.98994,-0.994968
0.994962,-0.995017,-0.994963,-0.994982,4.85608e-06,-1.98995,3.43654e-05,-0.994985,1.98965,-2.26662e-05,0.995,-0.994948,-0.99496,2.98486,-0.994972,1.23958e-05,0.994951,-0.994906,2.59556e-05,0.994943,3.80544e-06,0.994958,-1.18343e-05,-1.50855e-05,1.98989,9.36581e-06,0.994991,-1.98993,1.98993,-0.994968
0.994985,-0.995019,-0.994976,-0.99498,1.76875e-05,-1.98995,2.94538e-05,-0.994971,1.98965,-3.30834e-05,0.995,-0.994923,-0.994952,2.98487,-0.994983,5.7312e-06,0.994947,-0.994899,2.56272e-05,0.994944,-5.0192e-06,0.994968,2.68463e-05,-1.51655e-05,1.98988,1.89739e-05,0.994997,-1.98993,1.98994,-0.994944
0.994958,-0.995028,-0.994995,-0.994987,1.75647e-05,-1.98995,2.95597e-05,-0.994987,1.98965,-2.19176e-05,0.994999,-0.995007,-0.994961,2.98486,-0.994987,-0.000117419,0.994977,-0.995039,4.55925e-05,0.994943,-1.48093e-05,0.994947,-7.31705e-06,-2.99406e-05,1.98989,4.40486e-05,0.994979,-1.9899,1.98993,-0.994945
0.994984,-0.995018,-0.994974,-0.994984,2.13511e-05,-1.98996,3.69888e-05,-0.994974,1.98965,-6.08807e-05,0.994998,-0.994992,-0.994946,2.98485,-0.994981,-2.75324e-05,0.994965,-0.994897,3.76339e-05,0.994919,-0.000147915,0.995031,-9.2166e-05,0.000223319,1.98989,-6.86393e-05,0.99496,-1.9899,1.98995,-0.994954
0.994961,-0.995019,-0.994959,-0.995005,-1.05861e-05,-1.98995,3.42462e-05,-0.994981,1.98965,-2.09092e-05,0.994999,-0.994957,-0.994965,2.98487,-0.994979,1.19011e-05,0.994946,-0.994906,2.5788e-05,0.994946,1.01988e-05,0.994989,-1.1583e-05,-1.9629e-05,1.98988,-2.57639e-05,0.994979,-1.98993,1.98993,-0.994957
0.994942,-0.995014,-0.994994,-0.994981,-1.83739e-06,-1.98996,3.43364e-05,-0.994975,1.98965,-2.5016e-05,0.995003,-0.994939,-0.994945,2.98485,-0.994978,-1.62805e-07,0.994946,-0.994906,2.85698e-05,0.994954,-1.21413e-05,0.994961,2.2793e-05,-1.69296e-05,1.9899,-8.27234e-06,0.995009,-1.98992,1.98993,-0.994953
0.99495,-0.995017,-0.994963,-0.994993,-1.31202e-05,-1.98995,3.38302e-05,-0.994984,1.98965,-9.43949e-06,0.995,-0.994937,-0.994966,2.98487,-0.994977,8.43259e-06,0.994963,-0.994907,2.85321e-05,0.99494,1.28676e-05,0.994936,-4.96215e-06,-1.83558e-05,1.98988,-5.49469e-07,0.995078,-1.98994,1.98994,-0.994994
0.995025,-0.994987,-0.994995,-0.995015,5.23608e-05,-1.98994,2.95119e-05,-0.994984,1.98965,-3.62555e-05,0.995016,-0.994943,-0.994955,2.98486,-0.994974,-5.0898e-06,0.994934,-0.994925,4.54547e-05,0.99499,2.06588e-05,0.994995,-1.2391e-05,-1.76133e-05,1.98989,4.51633e-05,0.99499,-1.98992,1.98995,-0.994935
0.994925,-0.995014,-0.994999,-0.994982,2.8982e-05,-1.98987,3.16696e-05,-0.994985,1.98965,-1.37529e-05,0.995005,-0.994941,-0.994941,2.98487,-0.994983,-3.73922e-05,0.994951,-0.99489,2.4439e-05,0.994938,-3.44516e-06,0.994995,1.63028e-06,-3.1327e-05,1.98987,5.0541e-05,0.995004,-1.98991,1.98994,-0.994939
0.994767,-0.995013,-0.994949,-0.994979,1.70508e-05,-1.98996,3.35962e-05,-0.995097,1.98965,-5.12366e-05,0.994999,-0.994978,-0.994969,2.98487,-0.995,-1.33804e-05,0.994951,-0.994914,-0.000125489,0.994982,0.00024702,0.995007,-4.17109e-05,1.90252e-05,1.98982,2.39674e-05,0.994954,-1.98991,1.99003,-0.994972
# Iteration 500
0.994957,-0.994956,-0.994954,-0.994965,-7.66991e-06,-1.98991,4.48297e-06,-0.994961,1.98991,4.87839e-07,0.994952,-0.994948,-0.994947,2.98486,-0.994955,3.32385e-06,0.994952,-0.99498,3.52069e-05,0.994958,4.88409e-06,0.994984,-5.49111e-06,-1.4748e-05,1.9899,-4.5146e-06,0.994966,-1.98991,1.98992,-0.994956
0.99495,-0.994959,-0.994945,-0.994968,-3.83649e-06,-1.98991,4.88279e-06,-0.99496,1.98991,-2.3446e-06,0.994954,-0.994957,-0.994953,2.98485,-0.994962,-9.01148e-06,0.994948,-0.994968,3.45749e-05,0.994959,3.56714e-06,0.994981,5.28987e-05,4.12874e-06,1.98989,-2.86273e-06,0.994867,-1.98991,1.98992,-0.994957
0.994958,-0.994946,-0.994942,-0.994971,-2.12845e-06,-1.98993,1.15593e-05,-0.994958,1.98991,3.31961e-06,0.994954,-0.994948,-0.994956,2.98487,-0.994954,-3.58072e-05,0.99493,-0.994993,3.53115e-05,0.994953,2.32721e-05,0.994982,-4.02089e-05,3.42509e-05,1.98994,-6.9069e-06,0.994965,-1.9899,1.98991,-0.994954
0.994953,-0.994953,-0.994947,-0.994966,-8.67342e-06,-1.98991,-3.09453e-06,-0.99496,1.98991,5.86198e-06,0.994949,-0.994951,-0.994955,2.98485,-0.99496,-3.14977e-07,0.994953,-0.994966,3.51079e-05,0.994958,-4.56054e-06,0.994991,-1.00819e-05,-1.44793e-05,1.9899,-3.45644e-06,0.994968,-1.98991,1.98991,-0.994956
0.99495,-0.994963,-0.994946,-0.994969,-5.07963e-06,-1.98991,2.3713e-06,-0.994959,1.98991,-8.0541e-07,0.994951,-0.994948,-0.994964,2.98486,-0.99497,-8.95078e-07,0.994948,-0.994979,3.32195e-05,0.994937,1.19436e-05,0.99498,-1.69849e-06,-1.88418e-05,1.9899,-5.71465e-06,0.994969,-1.98991,1.98992,-0.994959
0.994948,-0.994945,-0.995076,-0.994976,-2.22652e-06,-1.98992,-3.88292e-05,-0.994959,1.98991,-3.81966e-05,0.994953,-0.994946,-0.994974,2.98485,-0.994967,1.41083e-05,0.994953,-0.994968,3.73342e-05,0.99495,3.10661e-05,0.994979,-6.87726e-06,-4.05223e-05,1.98992,-1.08924e-06,0.994966,-1.9899,1.98992,-0.994978
0.994975,-0.994984,-0.994936,-0.994926,-8.83848e-06,-1.98992,4.41903e-06,-0.994959,1.98993,6.76727e-07,0.994947,-0.994955,-0.994964,2.98485,-0.994955,8.35873e-06,0.994952,-0.994943,3.93258e-05,0.994956,-3.18555e-06,0.994978,-5.97659e-06,-5.2443e-06,1.98991,7.54671e-06,0.994963,-1.98993,1.98991,-0.994992
0.994954,-0.994952,-0.994943,-0.994966,-7.31838e-06,-1.98991,-1.0914e-05,-0.994958,1.98992,-2.33726e-06,0.994951,-0.994942,-0.994987,2.98486,-0.994987,-2.56278e-06,0.994949,-0.994953,3.29443e-05,0.99493,1.40413e-05,0.99498,2.06545e-06,-6.33918e-06,1.98991,-1.26661e-05,0.99496,-1.98991,1.98992,-0.994957
0.994954,-0.994943,-0.994951,-0.994971,-5.22105e-06,-1.98991,-1.49016e-05,-0.994958,1.98993,5.58512e-06,0.994952,-0.99495,-0.994964,2.98486,-0.994967,-1.26767e-05,0.994947,-0.994967,3.44608e-05,0.994954,2.51851e-06,0.994979,-4.89879e-06,-1.32669e-05,1.98989,-3.33076e-06,0.994969,-1.98991,1.98991,-0.994964
0.994955,-0.994956,-0.994952,-0.994968,-5.43163e-06,-1.98991,2.31812e-06,-0.99496,1.98991,4.7188e-06,0.994948,-0.994946,-0.994962,2.98486,-0.994962,3.25824e-06,0.994951,-0.994965,3.3088e-05,0.994951,2.30327e-05,0.994983,-3.72942e-06,-3.83726e-06,1.9899,-3.82451e-06,0.994967,-1.98991,1.98992,-0.994969
0.994974,-0.994972,-0.994963,-0.994962,4.76595e-05,-1.98991,-8.9702e-06,-0.994959,1.98989,1.57675e-06,0.994958,-0.994946,-0.994961,2.98486,-0.994968,6.98098e-06,0.994952,-0.994937,3.90071e-05,0.994957,-4.40374e-05,0.994965,-7.06555e-06,-1.26559e-05,1.98991,4.17925e-05,0.994979,-1.98998,1.98991,-0.994951
0.994962,-0.994959,-0.994934,-0.994976,-1.64555e-06,-1.98991,2.00932e-05,-0.994958,1.98995,-2.79343e-06,0.994947,-0.994948,-0.994954,2.98486,-0.994964,-8.03712e-06,0.99495,-0.994952,3.63713e-05,0.994951,-2.37475e-06,0.99498,3.94906e-06,-2.37858e-06,1.98989,1.61775e-05,0.994961,-1.9899,1.98993,-0.994954
0.994962,-0.994962,-0.994973,-0.994972,-2.92065e-06,-1.98992,7.39898e-06,-0.99496,1.98989,6.89903e-06,0.994959,-0.994956,-0.994917,2.98485,-0.994973,-0.00014423,0.994948,-0.994957,3.51332e-05,0.994953,-2.36097e-06,0.994987,-8.54534e-06,-1.1517e-05,1.98989,-9.72105e-06,0.994962,-1.98992,1.98994,-0.994963
0.994963,-0.994962,-0.994953,-0.994966,-3.85318e-06,-1.98991,-7.66101e-06,-0.99496,1.9899,3.17789e-06,0.994951,-0.994947,-0.994951,2.98484,-0.994966,-1.65967e-06,0.994952,-0.994981,3.46996e-05,0.994945,-4.80449e-06,0.994983,-3.22493e-05,-1.91366e-05,1.98991,-7.56599e-06,0.994975,-1.98987,1.98991,-0.994953
0.99496,-0.994957,-0.994951,-0.994969,-4.52132e-06,-1.98991,4.76964e-06,-0.99496,1.9899,-2.86182e-06,0.994946,-0.994946,-0.99496,2.98486,-0.994966,-1.57737e-06,0.994953,-0.994956,3.59705e-05,0.994965,-4.33614e-06,0.994975,-6.49918e-06,-6.42637e-06,1.98991,-4.19787e-06,0.994966,-1.98991,1.98992,-0.994926
0.994953,-0.994943,-0.994945,-0.99497,-3.60292e-06,-1.9899,1.92226e-06,-0.99496,1.98992,3.11453e-06,0.994937,-0.994947,-0.994956,2.98487,-0.994966,-8.81816e-06,0.994951,-0.994958,2.96345e-05,0.994937,4.78701e-06,0.99499,6.69935e-06,-1.78425e-05,1.98991,-4.33828e-06,0.994967,-1.9899,1.98992,-0.994976
0.99495,-0.994955,-0.994952,-0.994965,-1.51292e-06,-1.98991,-5.25563e-08,-0.994959,1.98991,-1.89442e-05,0.994949,-0.994952,-0.99497,2.98488,-0.994966,1.5458e-06,0.994978,-0.994958,3.28696e-05,0.994957,-1.84693e-06,0.994983,-4.21711e-06,-1.02118e-05,1.9899,-5.45818e-06,0.994967,-1.98991,1.98991,-0.994967
0.994947,-0.994962,-0.994965,-0.994972,-8.85506e-06,-1.98991,1.24554e-06,-0.994965,1.98991,5.50085e-06,0.99494,-0.994945,-0.99496,2.98486,-0.994963,6.96258e-07,0.994949,-0.994971,3.34595e-05,0.994944,1.2167e-05,0.99498,-3.21456e-05,-2.03907e-05,1.9899,-3.03612e-06,0.994965,-1.98991,1.98992,-0.994959
0.994956,-0.994954,-0.99496,-0.994966,-3.80857e-06,-1.98991,1.60142e-06,-0.99496,1.98991,1.37428e-06,0.994949,-0.994946,-0.99498,2.98485,-0.994957,3.2939e-06,0.994951,-0.994971,3.56478e-05,0.994966,2.65333e-06,0.994981,-8.28785e-06,-2.05302e-05,1.9899,-1.72548e-06,0.994967,-1.98991,1.98992,-0.994958
0.994946,-0.99495,-0.994943,-0.994971,-3.05946e-06,-1.98991,3.26138e-06,-0.994959,1.98992,1.00942e-06,0.994957,-0.994949,-0.994966,2.98487,-0.994965,5.42321e-06,0.99495,-0.994949,3.33968e-05,0.994947,7.60804e-06,0.99498,-8.25266e-08,-1.24245e-05,1.9899,-3.80572e-06,0.994968,-1.98991,1.98992,-0.994961
0.994964,-0.994953,-0.994951,-0.994962,-1.84704e-06,-1.98993,1.64293e-06,-0.99496,1.98993,-3.05345e-06,0.994955,-0.994951,-0.994946,2.98486,-0.994971,3.94785e-06,0.994952,-0.994951,3.43885e-05,0.994953,-6.24797e-06,0.99498,-7.52155e-06,-2.30582e-05,1.98989,-6.02886e-06,0.994971,-1.98991,1.98992,-0.994961
0.994978,-0.994954,-0.994951,-0.994968,-3.95163e-06,-1.98991,5.54728e-06,-0.994959,1.98993,-1.4697e-06,0.994959,-0.99494,-0.994978,2.98485,-0.994967,-5.7548e-06,0.994953,-0.994951,3.67243e-05,0.994938,8.23265e-06,0.994981,-2.27998e-06,-1.44462e-05,1.9899,-3.69281e-06,0.994967,-1.98991,1.98992,-0.99496
0.994962,-0.994991,-0.994947,-0.994968,-4.50017e-06,-1.98992,7.82269e-08,-0.994958,1.98991,-2.84393e-06,0.99496,-0.994952,-0.994904,2.98485,-0.994972,2.48139e-06,0.994958,-0.994931,3.3518e-05,0.994949,-3.8146e-05,0.994993,-1.06145e-05,1.92824e-05,1.98989,-3.09262e-06,0.994964,-1.98992,1.98992,-0.994959
0.994961,-0.995003,-0.994947,-0.994959,-1.34477e-05,-1.98992,6.26912e-06,-0.994959,1.9899,-1.66254e-06,0.994947,-0.994948,-0.994814,2.98486,-0.994978,2.6878e-05,0.994953,-0.994948,3.54567e-05,0.994956,-3.57485e-06,0.994985,-6.81449e-06,-3.47874e-05,1.9899,3.43817e-06,0.994975,-1.98992,1.98992,-0.994971
0.994963,-0.99496,-0.994941,-0.994965,4.01277e-06,-1.98994,-5.40391e-06,-0.994967,1.98991,7.40918e-06,0.994954,-0.994946,-0.994947,2.98487,-0.994946,9.27705e-06,0.994952,-0.994971,3.13654e-05,0.994934,5.60733e-06,0.994963,-6.00292e-06,-5.65854e-06,1.98991,-4.53568e-06,0.994967,-1.98991,1.98992,-0.994986
0.994955,-0.994948,-0.994957,-0.994967,-2.41401e-06,-1.98991,1.44135e-05,-0.99496,1.98991,1.94213e-06,0.994959,-0.994942,-0.994967,2.98485,-0.994962,-5.23864e-07,0.994958,-0.994953,3.65043e-05,0.994973,8.23481e-06,0.99498,1.05407e-05,-1.13111e-05,1.9899,2.97778e-06,0.99496,-1.98991,1.98992,-0.994955
0.994957,-0.994983,-0.994929,-0.994967,-9.18238e-06,-1.98991,-4.90538e-06,-0.994957,1.98992,1.5146e-06,0.99496,-0.994984,-0.994948,2.98486,-0.994969,-9.42737e-06,0.994951,-0.994943,3.34812e-05,0.994945,4.03608e-05,0.994981,-4.40347e-06,7.71435e-06,1.9899,-8.80403e-06,0.994966,-1.9899,1.98992,-0.994953
0.994954,-0.994977,-0.994944,-0.994971,-2.58704e-06,-1.98991,1.80004e-06,-0.994958,1.98991,-4.29978e-07,0.994951,-0.994952,-0.994969,2.98486,-0.994961,9.96343e-07,0.994955,-0.994964,3.40624e-05,0.994962,-3.53986e-06,0.99498,-8.19648e-06,-9.40293e-06,1.9899,-3.06359e-06,0.994968,-1.98991,1.98992,-0.994952
0.994958,-0.994956,-0.994941,-0.994966,-2.20261e-06,-1.98992,6.06024e-06,-0.994961,1.98992,-1.74088e-05,0.994958,-0.994953,-0.994947,2.98485,-0.994965,5.45383e-06,0.994956,-0.994901,3.43796e-05,0.99495,1.94571e-05,0.994992,-5.85192e-06,3.26471e-06,1.9899,-4.96439e-06,0.994965,-1.9899,1.98992,-0.994963
0.994959,-0.994955,-0.99496,-0.994956,-3.90626e-06,-1.98992,-1.328e-05,-0.99496,1.98991,-8.10417e-07,0.994949,-0.994948,-0.994967,2.98486,-0.994978,1.52699e-06,0.994951,-0.994963,3.43046e-05,0.994946,2.5714e-06,0.994981,-3.22087e-06,-1.34801e-05,1.98989,-5.80745e-06,0.994973,-1.98991,1.98992,-0.994956
0.994957,-0.994958,-0.994945,-0.994967,-4.2392e-06,-1.98991,-1.51759e-06,-0.994959,1.98991,-3.45912e-06,0.994986,-0.994946,-0.994949,2.98487,-0.994965,-2.24802e-05,0.99495,-0.994964,3.33827e-05,0.994954,1.81298e-05,0.994985,-6.66081e-06,-1.19813e-05,1.9899,-4.60598e-06,0.994965,-1.98991,1.98992,-0.994969
0.994961,-0.994965,-0.994954,-0.994968,-3.48051e-06,-1.98992,-4.20819e-05,-0.994961,1.98991,-1.60185e-06,0.994953,-0.994956,-0.994926,2.98486,-0.994959,3.86527e-06,0.994954,-0.994965,3.47211e-05,0.994941,2.42086e-06,0.994984,7.698e-06,-6.79939e-06,1.98992,-3.62416e-06,0.994967,-1.98991,1.98992,-0.994954
0.994953,-0.994963,-0.994942,-0.994968,-1.04705e-06,-1.98992,4.62529e-06,-0.994959,1.98993,6.89703e-06,0.99497,-0.994945,-0.994964,2.98487,-0.994969,-2.66312e-06,0.994948,-0.99496,3.27677e-05,0.99495,2.04102e-06,0.994986,-4.23281e-06,2.2866e-05,1.9899,-9.19773e-06,0.994966,-1.98993,1.98992,-0.994955
0.994956,-0.994938,-0.994947,-0.994967,-7.72158e-06,-1.98993,1.82625e-07,-0.994959,1.98993,-7.57309e-06,0.994953,-0.994946,-0.994956,2.98486,-0.994944,-2.10829e-05,0.994952,-0.994957,3.157e-05,0.994947,1.26592e-05,0.994987,3.84401e-07,-1.21195e-05,1.9899,-3.35554e-06,0.994969,-1.98992,1.98992,-0.994964
0.994958,-0.994955,-0.994945,-0.994967,-5.28162e-06,-1.98991,2.13096e-06,-0.994959,1.98991,1.78694e-06,0.994952,-0.994944,-0.994954,2.98486,-0.99497,-2.57465e-06,0.994951,-0.994948,3.42343e-05,0.994935,1.65809e-05,0.994979,-8.51222e-06,-1.10934e-05,1.9899,-4.06531e-06,0.994966,-1.98991,1.98992,-0.994972
0.994956,-0.994953,-0.994949,-0.994968,-3.72851e-06,-1.98991,9.84282e-07,-0.994956,1.98992,-7.59738e-06,0.994958,-0.994946,-0.994958,2.98486,-0.99496,8.11313e-08,0.994951,-0.994955,3.36626e-05,0.994944,6.32063e-06,0.994981,-5.1908e-06,-1.55954e-05,1.9899,-2.95279e-06,0.994961,-1.98991,1.98991,-0.994961
0.994957,-0.994953,-0.994957,-0.99497,-3.84378e-06,-1.98991,-1.42864e-06,-0.99496,1.9899,3.55747e-06,0.994946,-0.99495,-0.994961,2.98486,-0.994968,-4.09245e-06,0.994951,-0.994955,3.43354e-05,0.994957,4.47308e-06,0.99498,-5.61961e-06,-6.87701e-06,1.9899,-4.54092e-06,0.994967,-1.9899,1.98992,-0.994957
0.994955,-0.994959,-0.994953,-0.994967,-4.91565e-06,-1.9899,-9.04959e-06,-0.994959,1.98992,1.26499e-06,0.994965,-0.994944,-0.994973,2.98486,-0.994964,-4.79514e-06,0.994951,-0.99495,3.27421e-05,0.994951,3.49702e-06,0.99498,-1.1835e-05,-1.09821e-05,1.98989,-4.18044e-06,0.994964,-1.98989,1.98992,-0.994966
0.994956,-0.994959,-0.994951,-0.994966,-6.49253e-06,-1.98992,4.5035e-06,-0.994961,1.98991,-1.63262e-06,0.994956,-0.994947,-0.994941,2.98486,-0.994956,-4.17695e-06,0.994952,-0.994963,3.40263e-05,0.994958,9.51404e-06,0.994988,-1.25403e-05,-1.36201e-05,1.9899,-2.20015e-06,0.994967,-1.98991,1.98991,-0.994958
0.994955,-0.994953,-0.994945,-0.994969,-2.53601e-06,-1.98991,1.34e-06,-0.994959,1.98992,3.09745e-06,0.994949,-0.994945,-0.994963,2.98486,-0.994965,-1.62665e-06,0.99495,-0.994956,3.22913e-05,0.994952,4.69809e-06,0.994979,-4.25805e-06,-1.46655e-05,1.98991,-5.13679e-06,0.994967,-1.98991,1.98992,-0.994962
0.994968,-0.994948,-0.994955,-0.994962,-3.37871e-06,-1.98992,-4.4328e-06,-0.994961,1.98991,-8.06022e-06,0.994919,-0.994934,-0.994956,2.98486,-0.994951,-0.000128892,0.994951,-0.994955,3.50697e-05,0.994951,-2.5056e-05,0.994977,9.24334e-06,-5.22008e-06,1.9899,-2.01446e-06,0.994966,-1.98991,1.98992,-0.994958
0.994958,-0.994957,-0.994951,-0.994972,-3.19788e-06,-1.98991,-3.29054e-06,-0.99496,1.98994,-6.56909e-06,0.994952,-0.994941,-0.994964,2.98494,-0.994965,-3.44849e-06,0.994949,-0.994963,3.48916e-05,0.994955,1.05311e-05,0.99498,-1.29193e-06,-3.06009e-06,1.98989,-4.10534e-06,0.994947,-1.98991,1.98991,-0.994958
0.994956,-0.994957,-0.994948,-0.994964,-3.13896e-06,-1.98991,7.30022e-06,-0.994965,1.98991,1.0401e-05,0.99495,-0.994958,-0.994967,2.98486,-0.994968,-9.67925e-06,0.99495,-0.994964,3.57673e-05,0.994956,-4.6711e-07,0.994976,-4.06972e-06,-1.22745e-05,1.98991,-2.07437e-06,0.994969,-1.98991,1.98992,-0.994958
0.994961,-0.994955,-0.994948,-0.994967,-1.68484e-07,-1.98991,2.16315e-06,-0.994958,1.9899,-5.95668e-06,0.994956,-0.994943,-0.99496,2.98486,-0.994956,2.15637e-05,0.994952,-0.994972,3.55457e-05,0.994956,3.98942e-06,0.994983,-4.65918e-06,-1.35878e-05,1.9899,-9.59412e-08,0.994967,-1.98991,1.98992,-0.994957
0.994955,-0.994947,-0.994956,-0.994968,-2.71256e-06,-1.98991,2.34882e-06,-0.99496,1.98991,6.02488e-06,0.994951,-0.994947,-0.994958,2.98486,-0.994957,-1.04054e-06,0.99495,-0.994955,3.42474e-05,0.994952,3.6824e-06,0.99498,-3.64698e-06,-1.55791e-05,1.9899,-3.24272e-06,0.994967,-1.98991,1.98992,-0.99496
0.994952,-0.99496,-0.994946,-0.994967,-4.35891e-06,-1.98992,9.54807e-07,-0.99496,1.98991,3.93009e-06,0.994949,-0.994946,-0.994949,2.98486,-0.99497,5.64835e-06,0.994952,-0.994964,3.40865e-05,0.994949,6.14248e-06,0.994981,-4.73804e-06,-1.22885e-05,1.9899,-6.71941e-06,0.994967,-1.98991,1.98992,-0.994956
0.994955,-0.994953,-0.994951,-0.994961,-5.0014e-06,-1.98992,2.08888e-06,-0.99496,1.98991,3.89769e-06,0.994955,-0.99495,-0.994951,2.98486,-0.994971,-3.32527e-06,0.99495,-0.994961,3.3873e-05,0.994949,1.8142e-05,0.994979,-4.94425e-06,-1.03333e-05,1.98992,-3.39442e-06,0.994966,-1.98989,1.9899,-0.994957
0.994957,-0.994977,-0.994952,-0.994967,-1.28919e-06,-1.98991,1.4148e-05,-0.994959,1.98991,-7.39673e-07,0.994941,-0.99495,-0.994974,2.98486,-0.994972,-6.69566e-06,0.994942,-0.994956,3.69776e-05,0.994996,-1.35704e-05,0.994979,-4.25086e-06,-1.41206e-05,1.98991,-3.69511e-06,0.99496,-1.9899,1.98992,-0.994964
0.994957,-0.994954,-0.99495,-0.994949,-3.5733e-06,-1.98991,2.08922e-06,-0.994958,1.98991,3.48668e-06,0.994947,-0.994948,-0.994991,2.98486,-0.994947,3.65814e-07,0.99495,-0.994949,3.29288e-05,0.994957,1.263e-05,0.994985,-7.90827e-06,-1.21785e-05,1.9899,-2.84643e-06,0.994967,-1.98991,1.98992,-0.994955
0.994956,-0.994973,-0.994963,-0.994959,-7.38331e-06,-1.98991,-4.29301e-05,-0.994964,1.9899,-1.04894e-05,0.994951,-0.994945,-0.994945,2.98487,-0.994965,-2.7316e-06,0.994952,-0.994965,2.91052e-05,0.994947,3.23086e-06,0.994971,-4.24836e-05,-8.40802e-06,1.9899,-5.2078e-06,0.99497,-1.9899,1.98992,-0.994945
# Iteration 550
0.99496,-0.994959,-0.994957,-0.99496,8.66844e-07,-1.98991,2.5443e-06,-0.994961,1.98992,-3.68252e-06,0.99496,-0.994957,-0.994958,2.98484,-0.994955,5.27354e-07,0.994952,-0.994957,2.38765e-06,0.994963,1.72383e-06,0.994957,5.08291e-07,-1.67735e-06,1.98991,-1.79509e-07,0.994956,-1.98991,1.98991,-0.994961
0.994957,-0.99496,-0.994959,-0.994959,-1.00907e-05,-1.98991,1.88004e-06,-0.994961,1.98991,-2.49589e-06,0.994957,-0.994959,-0.994958,2.98485,-0.994955,4.17074e-07,0.994953,-0.994956,1.20029e-06,0.99496,1.18283e-06,0.994959,5.7064e-07,2.93798e-07,1.98991,4.56464e-07,0.994958,-1.98991,1.98991,-0.994962
0.994958,-0.994957,-0.994957,-0.994955,2.41394e-06,-1.98991,1.61327e-06,-0.99496,1.98992,-1.81763e-06,0.99496,-0.99496,-0.994958,2.98486,-0.994954,8.26344e-07,0.994952,-0.994958,1.66092e-06,0.994962,1.48968e-06,0.994959,-1.40179e-06,-7.85713e-07,1.98991,-6.49951e-08,0.994956,-1.98991,1.98991,-0.99496
0.99496,-0.994958,-0.994962,-0.994961,-3.06564e-06,-1.98991,1.41179e-06,-0.994957,1.98991,-1.63499e-06,0.99496,-0.99496,-0.994958,2.98485,-0.994955,9.64191e-07,0.994953,-0.994957,1.77514e-06,0.994958,7.29518e-07,0.994955,-7.92083e-07,-7.10482e-07,1.98991,1.45827e-06,0.994956,-1.98991,1.98991,-0.99496
0.994957,-0.994957,-0.994957,-0.99496,3.17543e-06,-1.98991,2.97027e-07,-0.994961,1.98992,-3.18599e-06,0.994959,-0.99496,-0.994958,2.98486,-0.994955,2.38853e-07,0.994954,-0.994957,2.33052e-06,0.994965,4.31353e-07,0.99496,5.78631e-08,-9.32389e-07,1.98991,2.29384e-07,0.994956,-1.98991,1.98991,-0.994962
0.994958,-0.994955,-0.994958,-0.99496,2.49622e-06,-1.98991,-2.42472e-07,-0.994961,1.98992,-2.56381e-06,0.99496,-0.994961,-0.994958,2.98486,-0.994951,2.78304e-06,0.994954,-0.994958,1.15134e-06,0.994962,2.52448e-07,0.994961,-7.13271e-07,-3.01834e-06,1.98991,1.65996e-06,0.994956,-1.98991,1.98991,-0.994962
0.994957,-0.99496,-0.994959,-0.994961,3.89044e-07,-1.98991,2.26187e-06,-0.994959,1.98991,-1.15169e-06,0.99496,-0.99496,-0.994958,2.98486,-0.994955,9.7888e-07,0.994954,-0.994957,1.07525e-06,0.994962,6.61401e-07,0.994954,5.16317e-07,3.8844e-08,1.98991,6.85411e-08,0.994957,-1.98991,1.98991,-0.994961
0.994959,-0.994955,-0.994957,-0.994962,-1.87754e-06,-1.98991,-2.11807e-06,-0.99496,1.98992,2.9478e-07,0.994958,-0.994961,-0.994959,2.98486,-0.994955,5.61466e-07,0.994954,-0.994957,4.0107e-06,0.994962,7.82852e-07,0.99496,2.34978e-07,2.5571e-08,1.98991,-6.02227e-07,0.994955,-1.98991,1.98991,-0.994961
0.994958,-0.994957,-0.994958,-0.994961,2.66259e-06,-1.98991,1.12472e-06,-0.994959,1.98992,-2.99318e-06,0.994958,-0.99496,-0.994958,2.98486,-0.994956,5.72496e-07,0.994953,-0.994956,1.77133e-06,0.994964,1.25674e-06,0.994958,2.38937e-07,4.75591e-06,1.98991,-1.41239e-06,0.994956,-1.98991,1.98991,-0.994961
0.994958,-0.994956,-0.994959,-0.994962,2.95273e-06,-1.98991,1.91498e-06,-0.99496,1.98991,-2.58481e-06,0.994959,-0.99496,-0.994958,2.98486,-0.994955,5.3638e-07,0.994953,-0.994957,1.00089e-06,0.994962,4.82482e-07,0.994958,1.21936e-07,-1.68677e-06,1.98991,1.04832e-06,0.994956,-1.98991,1.98991,-0.994961
0.994958,-0.994956,-0.994957,-0.994954,2.18979e-06,-1.98991,1.23892e-06,-0.99496,1.98991,-3.70125e-06,0.994959,-0.99496,-0.994958,2.98486,-0.994955,5.41193e-07,0.994953,-0.994956,3.62449e-06,0.99496,7.0397e-07,0.994961,5.81197e-07,1.11905e-06,1.98991,9.61091e-08,0.994956,-1.98991,1.98991,-0.994961
0.994958,-0.994959,-0.994958,-0.99496,4.05072e-06,-1.98991,1.19097e-06,-0.994959,1.98992,-2.69941e-06,0.994959,-0.994961,-0.994958,2.98486,-0.994957,5.04532e-07,0.994954,-0.994957,1.21013e-06,0.994963,1.55048e-06,0.994958,-7.2558e-07,-3.90001e-07,1.98991,-4.50097e-07,0.994956,-1.98991,1.98991,-0.994961
0.994958,-0.994955,-0.994957,-0.994955,3.03244e-06,-1.98992,1.12211e-06,-0.99496,1.98992,-1.49269e-06,0.994959,-0.994961,-0.994959,2.98486,-0.994955,5.98263e-07,0.994953,-0.994959,3.17584e-06,0.994962,1.97898e-07,0.994962,-3.65321e-07,-2.77261e-06,1.98991,1.18307e-06,0.994957,-1.98991,1.98992,-0.994961
0.994956,-0.994956,-0.994957,-0.994959,1.63903e-06,-1.98991,5.97317e-07,-0.994956,1.98992,-9.33114e-06,0.994962,-0.994961,-0.994958,2.98486,-0.994953,7.55897e-07,0.994954,-0.994958,-4.0018e-06,0.994961,-6.49631e-07,0.994959,-5.16378e-07,-2.73824e-06,1.98991,3.46188e-06,0.994957,-1.98991,1.98991,-0.994962
0.994959,-0.99496,-0.994957,-0.994958,3.13582e-06,-1.98991,2.05364e-06,-0.99496,1.98992,-2.61958e-06,0.994945,-0.994962,-0.994959,2.98486,-0.994954,1.20708e-06,0.994953,-0.994958,1.68127e-06,0.994962,-6.31045e-07,0.994964,1.72633e-07,-2.06371e-06,1.98991,3.29617e-06,0.994956,-1.98991,1.98991,-0.994961
0.994958,-0.994954,-0.994958,-0.994958,2.2301e-06,-1.98992,-2.43015e-09,-0.994959,1.98991,-2.25681e-06,0.994959,-0.994959,-0.994958,2.98486,-0.994953,6.22241e-07,0.994956,-0.994958,2.66165e-06,0.994952,4.92015e-08,0.994965,-7.30764e-07,-3.99953e-06,1.98991,1.17448e-06,0.994957,-1.98991,1.98991,-0.994961
0.994958,-0.994956,-0.994958,-0.994958,1.87145e-06,-1.98991,4.37872e-06,-0.994959,1.98992,1.0986e-05,0.994959,-0.99496,-0.994958,2.98486,-0.994955,3.89029e-07,0.994953,-0.994956,3.23754e-06,0.994959,2.0954e-06,0.994961,-1.55076e-06,-5.89781e-06,1.98991,1.02487e-06,0.994956,-1.98991,1.98991,-0.994961
0.994957,-0.994958,-0.994956,-0.994968,1.87125e-06,-1.98991,3.36749e-07,-0.99496,1.98992,-2.36697e-06,0.99496,-0.99496,-0.994959,2.98484,-0.994954,5.63008e-07,0.994954,-0.994957,1.12225e-06,0.994961,4.60484e-07,0.994962,-5.94655e-07,-1.76276e-06,1.98991,2.32154e-06,0.994956,-1.98991,1.98991,-0.994961
0.99496,-0.994956,-0.994958,-0.99496,1.33228e-06,-1.98992,1.28941e-06,-0.99496,1.98991,-2.2149e-06,0.994962,-0.994963,-0.994958,2.98486,-0.994955,-2.87361e-09,0.994954,-0.994955,6.0507e-06,0.994964,1.09926e-06,0.994961,-7.23867e-07,-7.50288e-06,1.98991,7.11138e-07,0.994956,-1.98991,1.98991,-0.994961
0.994956,-0.994957,-0.994958,-0.994957,1.94699e-06,-1.98991,-5.11244e-07,-0.99496,1.98991,-1.50517e-06,0.994958,-0.99496,-0.994958,2.98486,-0.994955,5.52802e-07,0.994953,-0.994956,-8.63798e-07,0.994963,-2.22158e-06,0.994957,-6.1564e-07,-1.9549e-06,1.98991,2.50562e-07,0.994956,-1.98991,1.98991,-0.994961
0.994958,-0.994956,-0.994956,-0.994956,4.02211e-06,-1.98991,-1.88051e-07,-0.994958,1.98992,-2.64157e-06,0.994959,-0.994962,-0.994959,2.98486,-0.994955,5.93763e-07,0.994953,-0.994959,9.17407e-06,0.994961,1.10263e-06,0.994959,-4.61688e-07,-2.98588e-06,1.98991,9.17706e-07,0.994956,-1.98991,1.98991,-0.994961
0.994959,-0.994957,-0.994957,-0.994957,3.70108e-06,-1.98991,2.07836e-06,-0.994959,1.98991,6.69144e-06,0.994959,-0.994961,-0.994958,2.98486,-0.994943,5.00403e-07,0.994953,-0.994958,4.03927e-06,0.994962,2.31568e-06,0.994961,-3.88437e-07,-2.2968e-07,1.98991,-4.79582e-07,0.994956,-1.98991,1.98991,-0.994961
0.994959,-0.994958,-0.994978,-0.99496,-1.22251e-06,-1.98991,1.07539e-06,-0.994959,1.98992,-1.95503e-06,0.994959,-0.99496,-0.994958,2.98486,-0.994955,5.58918e-07,0.994953,-0.994957,3.81269e-06,0.994952,-6.80112e-08,0.994961,-3.0613e-06,-1.0377e-06,1.98992,9.75791e-07,0.994956,-1.98991,1.98991,-0.994961
0.994957,-0.994958,-0.994958,-0.994946,3.00054e-06,-1.98991,-2.12154e-08,-0.994959,1.98991,-1.74223e-06,0.994959,-0.99496,-0.994958,2.98486,-0.994955,5.44557e-07,0.994954,-0.994957,2.73039e-06,0.994959,-1.15543e-06,0.994963,3.99192e-07,1.00252e-07,1.98991,2.57861e-06,0.994956,-1.98991,1.98991,-0.994961
0.994961,-0.994958,-0.994958,-0.994955,3.53055e-07,-1.98991,1.68627e-07,-0.994959,1.98992,-2.8326e-06,0.994958,-0.994982,-0.994966,2.98486,-0.994952,3.97684e-06,0.994952,-0.994957,7.5749e-06,0.994965,7.4785e-07,0.994966,-2.09109e-06,9.17854e-06,1.98983,3.04087e-06,0.994956,-1.98992,1.98991,-0.994962
0.994961,-0.994945,-0.994957,-0.994964,-4.38835e-07,-1.98991,-6.32555e-07,-0.99496,1.98991,-3.78307e-06,0.994963,-0.994961,-0.994958,2.98486,-0.994954,-2.26092e-06,0.994953,-0.994956,-2.5757e-06,0.994959,6.02379e-07,0.994963,-8.59965e-07,1.86941e-06,1.98991,3.59398e-06,0.994957,-1.98991,1.98991,-0.994961
0.994959,-0.994958,-0.994959,-0.994958,2.47892e-06,-1.98991,2.94724e-06,-0.994959,1.98991,4.74016e-06,0.994959,-0.994955,-0.994957,2.98486,-0.994956,1.85531e-05,0.994952,-0.994958,2.60618e-06,0.994957,1.30142e-06,0.994961,-3.76546e-06,1.44054e-06,1.98991,1.07827e-06,0.994956,-1.98991,1.98991,-0.994961
0.994958,-0.994962,-0.994959,-0.994958,2.9015e-06,-1.98991,2.04916e-06,-0.99496,1.98991,-2.63664e-06,0.994959,-0.99496,-0.994958,2.98486,-0.994954,-1.9426e-06,0.994954,-0.994958,2.96989e-06,0.994962,5.866e-07,0.99496,5.72618e-07,2.3928e-06,1.98991,2.58146e-06,0.994956,-1.98991,1.98991,-0.994961
0.994958,-0.99496,-0.994958,-0.994956,2.41564e-06,-1.98991,1.81993e-06,-0.994959,1.98992,-3.49268e-06,0.994959,-0.994957,-0.994959,2.98486,-0.994956,7.69389e-07,0.99496,-0.994957,1.75027e-06,0.994943,1.21286e-06,0.994956,1.46101e-06,2.37751e-06,1.98991,5.79463e-07,0.994957,-1.98991,1.98992,-0.994962
0.994958,-0.994957,-0.994958,-0.994952,3.85322e-06,-1.98991,3.58142e-08,-0.994959,1.98992,-2.22278e-06,0.994958,-0.99496,-0.994959,2.98486,-0.994956,4.23841e-07,0.994953,-0.994957,3.3084e-06,0.994964,-7.52375e-07,0.994959,6.12157e-08,-7.79406e-07,1.98991,-9.85692e-07,0.994956,-1.98991,1.98991,-0.994961
0.994958,-0.994959,-0.994958,-0.994957,1.66758e-06,-1.98991,5.67559e-07,-0.994959,1.98991,-7.2973e-07,0.994959,-0.994961,-0.994958,2.98485,-0.994955,5.66554e-07,0.994953,-0.994957,1.87663e-06,0.994961,6.38857e-07,0.994959,8.06125e-08,2.42077e-07,1.98991,7.34145e-07,0.994956,-1.98991,1.98991,-0.994962
0.994958,-0.994962,-0.994958,-0.994958,1.71048e-06,-1.98991,-2.1088e-07,-0.994959,1.98991,9.48711e-06,0.994959,-0.99496,-0.994959,2.98486,-0.994952,7.38427e-07,0.994952,-0.994956,-4.0442e-06,0.994965,2.33327e-06,0.994958,9.3107e-07,1.38441e-06,1.98991,-7.57264e-08,0.994955,-1.98991,1.98991,-0.994962
0.994959,-0.99496,-0.994959,-0.994958,1.48869e-06,-1.98991,2.6247e-06,-0.994959,1.98991,-2.1181e-06,0.994954,-0.994961,-0.994958,2.98485,-0.994954,5.16535e-07,0.994952,-0.994957,2.18581e-06,0.994954,-4.94703e-07,0.994958,2.0986e-11,-8.60297e-07,1.98991,1.36833e-06,0.994956,-1.98991,1.98992,-0.994962
0.994959,-0.994953,-0.994958,-0.994959,-1.71871e-06,-1.98991,1.60218e-06,-0.994957,1.98988,-2.29015e-06,0.994959,-0.994966,-0.994955,2.98485,-0.994954,6.05574e-07,0.994953,-0.994958,9.84899e-06,0.994949,1.22025e-06,0.994967,1.80138e-06,-1.84923e-06,1.98991,1.3397e-06,0.994955,-1.98991,1.98991,-0.994961
0.994958,-0.99496,-0.994958,-0.994953,3.19312e-06,-1.98991,2.34106e-07,-0.99496,1.98991,3.47857e-06,0.99496,-0.99496,-0.994958,2.98485,-0.994953,6.37151e-07,0.994953,-0.994957,3.26887e-06,0.994962,5.8419e-07,0.99496,5.63731e-07,-1.32424e-06,1.98991,5.67994e-07,0.994955,-1.98991,1.98992,-0.994961
0.994958,-0.994955,-0.994958,-0.994955,3.41825e-06,-1.98991,2.28871e-06,-0.994959,1.98991,-1.58084e-06,0.994962,-0.994958,-0.994958,2.98485,-0.994953,6.56735e-07,0.994952,-0.994957,3.55887e-06,0.99496,2.48407e-06,0.994961,5.33541e-08,-1.23405e-06,1.98991,2.19992e-06,0.994956,-1.98991,1.98992,-0.994961
0.994958,-0.994958,-0.994958,-0.994957,2.809e-06,-1.98991,1.76791e-06,-0.994959,1.98992,1.62171e-06,0.994959,-0.994961,-0.994958,2.98485,-0.994954,7.9188e-07,0.994953,-0.994957,2.51704e-06,0.99496,1.08251e-06,0.99496,-7.86748e-09,-2.03925e-06,1.98991,1.92356e-06,0.994954,-1.98991,1.98991,-0.994961
0.994958,-0.994958,-0.994959,-0.994963,9.52804e-07,-1.98991,1.87085e-06,-0.994959,1.98991,-2.1385e-06,0.994958,-0.994962,-0.994958,2.98485,-0.994956,4.95215e-07,0.994951,-0.994957,1.80242e-06,0.994962,3.05875e-07,0.994963,-5.16464e-07,-2.22473e-06,1.98991,2.68034e-07,0.994956,-1.98991,1.98991,-0.994961
0.994959,-0.99496,-0.994958,-0.994956,3.32016e-06,-1.98991,7.30318e-07,-0.99496,1.98991,-2.0777e-06,0.99496,-0.994962,-0.994958,2.98485,-0.994956,5.79128e-07,0.994953,-0.994957,2.74062e-06,0.994962,-1.43728e-07,0.994957,5.4168e-07,8.0378e-06,1.98991,1.54596e-06,0.994955,-1.98991,1.98991,-0.99496
0.994959,-0.99496,-0.994959,-0.994949,5.56081e-07,-1.98991,1.15295e-05,-0.994959,1.98991,-7.79403e-07,0.994958,-0.994957,-0.994958,2.98485,-0.994954,5.63283e-07,0.994952,-0.994957,3.43438e-06,0.99496,1.64697e-06,0.994959,3.22831e-06,-1.31775e-06,1.98991,6.31121e-08,0.994956,-1.9899,1.98991,-0.994961
0.994958,-0.994959,-0.994957,-0.994958,2.0833e-06,-1.98991,-1.07441e-06,-0.994958,1.98991,-1.3821e-06,0.99496,-0.99496,-0.994958,2.98485,-0.994955,1.95097e-07,0.994952,-0.994958,1.56225e-06,0.99496,2.13462e-06,0.994959,4.1284e-08,-3.16354e-06,1.98992,1.41363e-06,0.994956,-1.98991,1.98991,-0.994961
0.994958,-0.99496,-0.994958,-0.994965,1.75258e-06,-1.98991,4.09253e-07,-0.994959,1.98992,-8.54202e-07,0.994959,-0.994959,-0.994958,2.98485,-0.994956,5.94842e-07,0.994953,-0.994958,-1.29432e-07,0.99496,-1.10279e-07,0.994958,1.34572e-07,1.46683e-06,1.98991,7.83801e-07,0.994956,-1.98991,1.98992,-0.994963
0.994954,-0.994959,-0.994959,-0.994958,1.10579e-06,-1.98991,2.78473e-06,-0.994959,1.98991,-8.18175e-07,0.994959,-0.994962,-0.994958,2.98485,-0.994955,5.95063e-07,0.994953,-0.994957,-2.20155e-06,0.994962,-2.07897e-07,0.994958,5.96163e-07,2.11528e-06,1.98991,1.84071e-06,0.994956,-1.98991,1.98991,-0.994962
0.994959,-0.994955,-0.994959,-0.994956,3.34662e-06,-1.98991,-2.72359e-06,-0.994958,1.98991,-2.56256e-06,0.994959,-0.994953,-0.994936,2.98485,-0.994955,1.44437e-06,0.994953,-0.994956,1.49808e-06,0.994961,3.48222e-07,0.994961,-1.56318e-06,-1.00453e-06,1.98991,1.56276e-06,0.994955,-1.98991,1.98991,-0.994964
0.994957,-0.994961,-0.994958,-0.99496,2.38224e-06,-1.98991,5.82227e-07,-0.994958,1.98991,5.41982e-07,0.994959,-0.994959,-0.994958,2.98485,-0.994955,5.052e-07,0.994953,-0.994957,2.32566e-06,0.994963,6.22557e-07,0.994958,1.03627e-07,7.87839e-08,1.98991,-3.74865e-07,0.994956,-1.98991,1.98991,-0.994962
0.994958,-0.994954,-0.994959,-0.994948,1.72384e-06,-1.98991,9.55144e-07,-0.99496,1.98992,-1.28678e-06,0.994958,-0.99496,-0.994959,2.98485,-0.994956,1.85048e-06,0.994953,-0.994957,1.88051e-06,0.994961,2.5637e-06,0.99496,1.21527e-09,-4.88685e-06,1.98991,4.60127e-06,0.994956,-1.98991,1.98991,-0.994962
0.994958,-0.994954,-0.994958,-0.994955,2.70263e-06,-1.98991,-4.98943e-07,-0.994959,1.98991,5.41936e-08,0.994959,-0.994959,-0.994958,2.98486,-0.994954,4.88839e-07,0.994953,-0.994958,1.36159e-06,0.994961,1.04061e-06,0.994958,-5.27394e-06,-8.28524e-07,1.98991,-5.19584e-07,0.994955,-1.98991,1.98991,-0.994962
0.994958,-0.994956,-0.994957,-0.994958,1.41866e-06,-1.98991,9.92041e-07,-0.994959,1.98992,-5.60764e-07,0.994959,-0.99497,-0.994959,2.98486,-0.994953,5.07782e-07,0.994953,-0.994958,8.35518e-07,0.994962,8.13217e-07,0.994961,7.07778e-07,-4.1126e-06,1.98991,2.0285e-06,0.994956,-1.98991,1.98991,-0.994961
0.994958,-0.994958,-0.994958,-0.994959,2.88313e-06,-1.98991,3.31486e-07,-0.99496,1.98991,-1.4689e-06,0.994959,-0.994961,-0.994958,2.98485,-0.994955,5.62208e-07,0.994953,-0.994957,1.40872e-06,0.994962,1.15826e-06,0.994959,-2.4836e-08,-2.28836e-07,1.98991,1.4141e-06,0.994956,-1.98991,1.98991,-0.994962
0.994956,-0.99496,-0.99496,-0.994958,1.54526e-06,-1.98991,8.24902e-07,-0.994958,1.98991,6.72693e-08,0.994963,-0.994961,-0.994958,2.98485,-0.994953,6.49675e-07,0.994952,-0.994957,1.68075e-06,0.994958,-3.62797e-08,0.994959,1.52819e-07,-1.36705e-06,1.98991,1.37921e-06,0.994956,-1.98991,1.98991,-0.994962
# Iteration 600
0.994958,-0.994955,-0.994959,-0.994959,2.04294e-07,-1.98991,5.28701e-07,-0.994959,1.98991,-1.55723e-06,0.994959,-0.994959,-0.994958,2.98486,-0.994959,6.9085e-07,0.994958,-0.994959,-1.12128e-06,0.994958,-2.63726e-07,0.994958,9.49095e-07,-1.74187e-07,1.98991,-5.30316e-07,0.994958,-1.98991,1.98991,-0.99496
0.994958,-0.994958,-0.994959,-0.994957,-1.30512e-07,-1.98991,1.34737e-06,-0.994959,1.98991,-2.38445e-07,0.994958,-0.994958,-0.994958,2.98486,-0.99496,8.31791e-07,0.99496,-0.994959,-8.28765e-07,0.994959,-9.75887e-07,0.994958,8.38441e-07,5.22546e-07,1.98991,-1.24807e-06,0.994959,-1.98991,1.98991,-0.994963
0.994958,-0.994959,-0.994959,-0.994957,-1.49018e-06,-1.98991,-5.44989e-07,-0.99496,1.98991,-7.49008e-07,0.994959,-0.994959,-0.994958,2.98486,-0.994959,6.34542e-07,0.994958,-0.994958,-1.04772e-06,0.994958,-2.59921e-08,0.994959,-8.73969e-07,1.30393e-08,1.98991,-4.54283e-07,0.994958,-1.98991,1.98991,-0.99496
0.994959,-0.994958,-0.994959,-0.994959,2.91034e-08,-1.98991,9.79416e-07,-0.994959,1.98991,-9e-07,0.994959,-0.994958,-0.994958,2.98486,-0.994959,6.0135e-07,0.994958,-0.994958,-6.18971e-07,0.994959,9.4323e-08,0.994958,5.0759e-07,-8.19328e-09,1.98991,-4.28873e-07,0.994958,-1.98991,1.98991,-0.99496
0.994958,-0.994959,-0.994959,-0.994959,1.84371e-06,-1.98991,1.10604e-07,-0.99496,1.98991,-6.93789e-07,0.994959,-0.994958,-0.994958,2.98486,-0.994959,5.204e-07,0.99496,-0.994959,-8.8044e-07,0.994959,-9.36347e-08,0.994958,5.5162e-07,3.86968e-08,1.98991,-7.57356e-07,0.994958,-1.98991,1.98991,-0.994961
0.994958,-0.994959,-0.994959,-0.994959,-4.85223e-07,-1.98991,4.8983e-08,-0.99496,1.98991,-1.51223e-07,0.994959,-0.994958,-0.994958,2.98486,-0.994959,5.53948e-07,0.99496,-0.994958,-8.38679e-07,0.994958,-2.60722e-07,0.994959,4.98702e-07,3.76133e-07,1.98991,-5.62699e-07,0.994958,-1.98991,1.98991,-0.994961
0.994958,-0.994959,-0.994959,-0.994959,4.14826e-07,-1.98991,5.43268e-07,-0.994959,1.98991,-5.65463e-07,0.994959,-0.994958,-0.994958,2.98486,-0.994959,6.67767e-07,0.994958,-0.994961,-9.4548e-07,0.994958,-1.88415e-07,0.994958,1.77666e-07,-5.9343e-08,1.98991,-4.01742e-07,0.994958,-1.98991,1.98991,-0.994959
0.994958,-0.994958,-0.994959,-0.994958,1.56309e-06,-1.98991,-1.25756e-07,-0.994959,1.98991,-6.16217e-07,0.994959,-0.994959,-0.994958,2.98486,-0.994958,5.42225e-07,0.994959,-0.994958,-1.23516e-06,0.994957,2.59563e-08,0.994958,2.16871e-07,5.01839e-08,1.98991,-1.86431e-07,0.994959,-1.98991,1.98991,-0.99496
0.994958,-0.994959,-0.994959,-0.99496,3.38231e-07,-1.98991,3.13447e-07,-0.994959,1.98991,-3.86048e-07,0.994958,-0.994958,-0.994958,2.98486,-0.994959,5.83581e-07,0.994958,-0.994959,-1.53103e-06,0.994959,-5.50922e-08,0.994958,2.90247e-07,2.1398e-08,1.98991,-4.69348e-07,0.994958,-1.98991,1.98991,-0.994961
0.994958,-0.994959,-0.994959,-0.994959,-8.39172e-08,-1.98991,7.46823e-07,-0.99496,1.98991,-3.78497e-07,0.994959,-0.994959,-0.994958,2.98486,-0.994959,6.72097e-07,0.994959,-0.994955,-7.84153e-07,0.994958,-2.95328e-08,0.994959,1.38513e-06,8.04417e-08,1.98991,-6.33297e-07,0.994959,-1.98991,1.98991,-0.994964
0.994959,-0.994957,-0.994959,-0.994959,-1.21313e-07,-1.98991,1.12063e-06,-0.99496,1.98991,9.15257e-07,0.994958,-0.994959,-0.994958,2.98486,-0.994959,3.0782e-07,0.994959,-0.99496,-1.07278e-06,0.994959,-4.77813e-08,0.994958,7.37349e-07,-7.93051e-08,1.98991,-4.27022e-07,0.994958,-1.98991,1.98991,-0.994959
0.994958,-0.994958,-0.994959,-0.994959,-1.89322e-07,-1.98991,9.46173e-07,-0.994959,1.98991,-5.20385e-07,0.994959,-0.994959,-0.994958,2.98486,-0.994959,5.90988e-07,0.994959,-0.994959,-9.49716e-07,0.994958,5.38147e-08,0.994958,3.58166e-07,-9.07402e-08,1.98991,-4.34736e-07,0.994958,-1.98991,1.98991,-0.994962
0.994958,-0.994958,-0.994958,-0.994958,-3.46843e-07,-1.98991,3.51576e-07,-0.994959,1.98991,-4.66291e-07,0.994959,-0.994958,-0.994958,2.98486,-0.994959,4.74044e-07,0.994958,-0.994959,-8.70038e-07,0.994958,4.31521e-08,0.994959,6.6158e-07,-4.38711e-07,1.98991,-5.14694e-07,0.994958,-1.98991,1.98991,-0.994959
0.994959,-0.994958,-0.994959,-0.994959,-4.2996e-07,-1.98991,4.76468e-07,-0.994959,1.98991,-5.42325e-07,0.994958,-0.994959,-0.994958,2.98486,-0.994959,7.49681e-07,0.994959,-0.994958,-4.60357e-08,0.994958,2.66027e-07,0.994958,1.10635e-06,7.26016e-08,1.98991,-5.52385e-07,0.994958,-1.98991,1.98991,-0.99496
0.994958,-0.994959,-0.994959,-0.994959,1.20006e-07,-1.98991,5.8234e-07,-0.994959,1.98991,-5.18383e-07,0.994959,-0.994958,-0.994958,2.98486,-0.994959,6.25997e-07,0.994959,-0.994959,-8.92529e-07,0.994958,-1.61783e-07,0.994958,3.954e-07,1.33392e-08,1.98991,-5.18474e-07,0.994958,-1.98991,1.98991,-0.994957
0.994959,-0.994959,-0.994959,-0.994957,2.88871e-07,-1.98991,9.05464e-07,-0.994959,1.98991,-6.68615e-07,0.994959,-0.994958,-0.994959,2.98486,-0.994957,7.26466e-07,0.994955,-0.994957,-2.74215e-07,0.994959,-3.49543e-07,0.994959,-6.58155e-08,1.44734e-07,1.98991,-5.53658e-07,0.994958,-1.98991,1.98991,-0.994958
0.994958,-0.994959,-0.994959,-0.994959,-5.06651e-07,-1.98991,2.72184e-07,-0.994959,1.98991,-6.26533e-07,0.994958,-0.994958,-0.994958,2.98486,-0.994959,6.57765e-07,0.994959,-0.994958,-8.43043e-07,0.994959,-1.21691e-07,0.994959,4.24709e-07,6.97273e-08,1.98991,-3.3962e-07,0.994958,-1.98991,1.98991,-0.994958
0.994959,-0.994959,-0.994958,-0.994959,-4.17446e-07,-1.98991,-9.3923e-08,-0.99496,1.98991,-6.21812e-07,0.994959,-0.994958,-0.994958,2.98486,-0.994959,6.50005e-07,0.994958,-0.994961,-9.15016e-07,0.994959,-2.70363e-07,0.994958,7.61337e-08,2.25185e-07,1.98991,-4.8621e-07,0.994958,-1.98991,1.98991,-0.994961
0.994958,-0.994959,-0.994959,-0.994958,-1.56942e-07,-1.98991,-2.32418e-09,-0.994959,1.98991,-6.7273e-07,0.994958,-0.994959,-0.994958,2.98486,-0.994959,6.36233e-07,0.994959,-0.994959,-1.00908e-06,0.994958,3.10372e-08,0.994958,7.11299e-07,5.67449e-09,1.98991,-9.00853e-07,0.994958,-1.98991,1.98991,-0.994959
0.994959,-0.994959,-0.994959,-0.99496,3.61496e-07,-1.98991,-2.12122e-07,-0.99496,1.98991,-5.68689e-07,0.994959,-0.994958,-0.994958,2.98486,-0.994956,6.49006e-07,0.994959,-0.994958,-3.59838e-07,0.994958,-6.11643e-08,0.994958,1.46434e-07,-1.51485e-07,1.98991,-4.62146e-07,0.994958,-1.98991,1.98991,-0.99496
0.994959,-0.994959,-0.994959,-0.994958,-1.32601e-06,-1.98991,-3.37121e-07,-0.99496,1.98991,-6.5201e-07,0.994959,-0.994958,-0.994958,2.98486,-0.994959,5.00142e-07,0.994959,-0.994958,-7.50221e-07,0.994957,8.05135e-08,0.994958,9.51216e-08,-8.38998e-09,1.98991,-2.05739e-07,0.994958,-1.98991,1.98991,-0.994958
0.994958,-0.994959,-0.994958,-0.994958,-1.49033e-06,-1.98991,6.75144e-07,-0.994959,1.98991,-1.77061e-07,0.994958,-0.994958,-0.994958,2.98486,-0.994959,5.54155e-07,0.994959,-0.994958,-7.98406e-07,0.994958,-1.24302e-07,0.994959,5.81385e-07,6.25156e-08,1.98991,-8.76257e-07,0.994958,-1.98991,1.98991,-0.994959
0.994958,-0.994957,-0.994959,-0.994958,2.79542e-08,-1.98991,-2.37654e-07,-0.99496,1.98991,-4.54935e-07,0.994958,-0.994959,-0.994959,2.98486,-0.994959,5.71112e-07,0.994957,-0.99496,-7.86414e-07,0.994958,2.52609e-08,0.994959,2.51971e-07,2.20373e-07,1.98991,-3.35321e-07,0.994958,-1.98991,1.98991,-0.994958
0.994958,-0.994959,-0.994959,-0.994959,8.61995e-07,-1.98991,7.09059e-07,-0.994959,1.98991,-2.76172e-08,0.994958,-0.994958,-0.994958,2.98486,-0.994959,6.17848e-07,0.99496,-0.994959,-7.47709e-07,0.994959,3.02121e-08,0.994958,3.67515e-07,6.37142e-07,1.98991,-6.95603e-07,0.994958,-1.98991,1.98991,-0.99496
0.994958,-0.994958,-0.994959,-0.994959,-6.16712e-07,-1.98991,1.08647e-06,-0.994959,1.98991,-6.43692e-07,0.994959,-0.994958,-0.994958,2.98486,-0.994959,6.09977e-07,0.994958,-0.994959,-8.24184e-07,0.994959,2.34297e-07,0.994958,3.94964e-07,-1.55428e-07,1.98991,-3.46087e-07,0.994958,-1.98991,1.98991,-0.994961
0.994959,-0.99496,-0.994959,-0.994958,-1.29924e-06,-1.98991,1.47555e-06,-0.99496,1.98991,-4.96635e-07,0.994959,-0.99496,-0.994958,2.98486,-0.994957,-9.10729e-07,0.994959,-0.994959,-2.12403e-06,0.994958,-1.15496e-08,0.994959,-5.69926e-07,1.20704e-07,1.98991,-9.02458e-07,0.994961,-1.98991,1.98991,-0.994959
0.994958,-0.994959,-0.994959,-0.994958,-3.17811e-07,-1.98991,-3.82406e-07,-0.99496,1.98991,-5.55376e-07,0.994958,-0.994958,-0.994958,2.98486,-0.994959,6.46874e-07,0.994958,-0.99496,-8.71854e-07,0.994958,2.17013e-07,0.994959,2.79148e-07,8.50803e-08,1.98991,-6.79943e-07,0.994958,-1.98991,1.98991,-0.994958
0.994958,-0.994961,-0.994959,-0.994959,5.38405e-07,-1.98991,5.98012e-07,-0.99496,1.98991,4.99666e-07,0.994959,-0.994958,-0.994958,2.98486,-0.994959,5.92811e-07,0.994958,-0.994959,-8.31221e-07,0.994958,-5.86031e-08,0.994959,3.23833e-07,-5.90677e-07,1.98991,-1.35227e-07,0.994958,-1.98991,1.98991,-0.99496
0.994959,-0.994959,-0.994959,-0.994958,1.10014e-06,-1.98991,7.17221e-07,-0.99496,1.98991,-7.99699e-07,0.994958,-0.994958,-0.994958,2.98485,-0.994959,6.50667e-07,0.994958,-0.994959,-8.81082e-07,0.994957,1.21044e-06,0.994959,3.19704e-07,9.7618e-08,1.98991,-9.65526e-07,0.994958,-1.98991,1.98991,-0.994959
0.994959,-0.994958,-0.994959,-0.994959,8.16123e-08,-1.98991,6.77115e-07,-0.99496,1.98991,-6.30641e-07,0.994959,-0.994958,-0.994958,2.98486,-0.994959,7.00798e-07,0.994958,-0.994959,-8.85878e-07,0.994958,7.4151e-08,0.994958,4.04096e-07,4.37491e-07,1.98991,-3.19411e-07,0.994958,-1.98991,1.98991,-0.99496
0.994958,-0.994961,-0.994959,-0.994959,-2.62736e-07,-1.98991,5.44196e-07,-0.994959,1.98991,-5.61536e-07,0.994959,-0.994958,-0.994958,2.98486,-0.994959,6.3666e-07,0.994958,-0.994959,-8.98437e-07,0.994958,2.36697e-07,0.994958,3.27015e-07,6.20659e-08,1.98991,-4.55858e-07,0.994958,-1.98991,1.98991,-0.994959
0.994959,-0.994958,-0.99496,-0.994958,-8.85799e-07,-1.98991,1.10149e-07,-0.99496,1.98992,-1.05e-06,0.994959,-0.994958,-0.994957,2.98486,-0.994958,6.50919e-07,0.994958,-0.994958,-7.74129e-07,0.994958,3.0703e-07,0.994959,5.51009e-07,2.51644e-07,1.98991,-2.19251e-06,0.994958,-1.98991,1.98991,-0.994959
0.994958,-0.994959,-0.994959,-0.994958,-4.6717e-08,-1.98991,9.35954e-08,-0.994959,1.98991,-5.9018e-07,0.994959,-0.994959,-0.994958,2.98486,-0.994959,5.6717e-07,0.994958,-0.994959,-7.71583e-07,0.994958,2.07404e-07,0.994959,3.64548e-07,-1.11098e-07,1.98991,-3.61504e-07,0.994958,-1.98991,1.98991,-0.99496
0.994958,-0.994958,-0.994959,-0.994958,2.29931e-07,-1.98991,-2.17831e-08,-0.99496,1.98991,-7.43091e-07,0.994964,-0.994959,-0.994958,2.98486,-0.994959,5.37631e-07,0.994957,-0.994958,-5.43593e-06,0.994957,-1.25209e-07,0.994958,4.74953e-07,7.89107e-08,1.98991,-4.50465e-07,0.994959,-1.98991,1.98991,-0.994963
0.994959,-0.994959,-0.994959,-0.994958,-7.62207e-08,-1.98991,7.6883e-08,-0.994959,1.98991,-5.12528e-08,0.994958,-0.994958,-0.994958,2.98486,-0.994959,6.58154e-07,0.994958,-0.994959,-6.05852e-07,0.994959,1.55781e-07,0.994959,3.04655e-07,-9.5728e-10,1.98991,-9.52889e-07,0.994958,-1.98991,1.98991,-0.994959
0.994959,-0.994959,-0.994959,-0.994958,7.60599e-08,-1.98991,1.67293e-07,-0.994959,1.98991,-5.8207e-07,0.994959,-0.994958,-0.994958,2.98486,-0.994959,6.78132e-07,0.994958,-0.994958,-8.64317e-07,0.994958,1.5289e-07,0.994959,1.2724e-06,3.44264e-07,1.98991,-7.35023e-07,0.994958,-1.98991,1.98991,-0.994958
0.994959,-0.994961,-0.994959,-0.994959,-6.41715e-07,-1.98991,7.4228e-08,-0.994959,1.98991,-9.23067e-07,0.994958,-0.994959,-0.994958,2.98486,-0.99496,6.39118e-07,0.994958,-0.994958,-8.17817e-07,0.994958,-1.13536e-07,0.994958,2.95592e-06,7.92972e-08,1.98991,-5.43013e-07,0.994958,-1.98991,1.98991,-0.994957
0.994958,-0.99496,-0.994959,-0.994959,3.77718e-07,-1.98991,4.92059e-07,-0.994959,1.98991,-1.17319e-06,0.994959,-0.994958,-0.994958,2.98486,-0.994959,5.96618e-07,0.994959,-0.994958,-7.45265e-07,0.994959,-2.04751e-07,0.994958,8.00344e-07,-6.75444e-08,1.98991,-4.16566e-07,0.994958,-1.98991,1.98991,-0.994957
0.994958,-0.994958,-0.994959,-0.994959,-6.50742e-08,-1.98991,1.06057e-06,-0.994959,1.98991,-5.34468e-07,0.994959,-0.994958,-0.994958,2.98486,-0.994959,5.55067e-07,0.99496,-0.994959,-9.24802e-07,0.994958,2.65274e-08,0.994958,6.47476e-07,-5.05475e-07,1.98991,-2.67373e-07,0.994958,-1.98991,1.98991,-0.994961
0.994958,-0.994959,-0.994959,-0.994959,-2.56315e-07,-1.98991,2.02423e-06,-0.994959,1.98992,1.87766e-07,0.994959,-0.994959,-0.994958,2.98486,-0.994957,6.56496e-07,0.994958,-0.994959,-1.21134e-06,0.994958,-1.55937e-07,0.994959,7.96084e-07,-3.71446e-07,1.98991,-3.94315e-07,0.994958,-1.98991,1.98991,-0.994958
0.994959,-0.994958,-0.994959,-0.99496,1.00666e-06,-1.98991,2.1338e-07,-0.99496,1.98991,-6.45294e-07,0.994958,-0.994958,-0.994958,2.98486,-0.994959,3.94874e-07,0.994957,-0.994958,-9.90884e-07,0.994958,1.23889e-07,0.994959,3.18513e-07,2.38355e-07,1.98991,-1.91207e-07,0.994958,-1.98991,1.98991,-0.994957
0.994958,-0.99496,-0.994959,-0.994958,-6.20523e-08,-1.98991,6.30324e-07,-0.99496,1.98991,-6.8791e-07,0.994959,-0.994958,-0.994958,2.98486,-0.994959,7.24227e-07,0.994959,-0.994958,-7.84776e-07,0.994958,3.47245e-07,0.994958,4.54627e-07,7.47944e-08,1.98991,-1.85199e-06,0.994958,-1.98991,1.98991,-0.994957
0.994957,-0.994959,-0.994959,-0.994959,-7.14985e-07,-1.98991,-6.12925e-07,-0.99496,1.98991,-4.06743e-07,0.994958,-0.994959,-0.994958,2.98485,-0.994959,6.02233e-07,0.994958,-0.994958,-1.2522e-06,0.994958,2.70446e-07,0.99496,7.98035e-07,4.92173e-07,1.98991,-2.29131e-06,0.994958,-1.98991,1.98991,-0.99496
0.994958,-0.994958,-0.994959,-0.994959,-7.35554e-07,-1.98991,1.91128e-06,-0.994959,1.98991,-9.29164e-09,0.994959,-0.994959,-0.994959,2.98486,-0.994958,4.34823e-07,0.994958,-0.994958,-8.59925e-07,0.994958,2.18372e-07,0.994958,2.7474e-07,-1.81944e-07,1.98991,-4.53781e-07,0.994958,-1.98991,1.98991,-0.99496
0.994959,-0.994959,-0.994959,-0.994959,-2.82803e-07,-1.98991,4.17455e-07,-0.99496,1.98991,-2.42204e-08,0.994958,-0.994958,-0.994958,2.98486,-0.994959,5.57011e-07,0.994958,-0.994959,-6.64928e-07,0.994958,-5.33163e-08,0.994959,4.32827e-09,-3.50293e-07,1.98991,-5.78414e-07,0.994958,-1.98991,1.98991,-0.99496
0.994959,-0.994958,-0.994958,-0.994958,7.73917e-09,-1.98991,-9.77959e-09,-0.994959,1.98991,-4.58767e-07,0.994958,-0.994959,-0.994958,2.98486,-0.994959,5.90582e-07,0.994958,-0.994958,-8.22726e-07,0.994958,-6.58262e-07,0.994959,6.05752e-07,-1.21183e-08,1.98991,-3.54377e-07,0.994958,-1.98991,1.98991,-0.994958
0.994958,-0.994958,-0.994959,-0.994959,-7.33219e-08,-1.98991,2.97623e-07,-0.994959,1.98991,-5.0112e-07,0.994959,-0.994958,-0.994958,2.98486,-0.994959,6.31602e-07,0.994958,-0.994959,-1.01289e-06,0.994959,4.43063e-07,0.994958,1.06468e-06,-4.36684e-08,1.98991,-6.01557e-07,0.994958,-1.98991,1.98991,-0.994958
0.994958,-0.994958,-0.994959,-0.994959,-8.48391e-08,-1.98991,-1.35785e-07,-0.99496,1.98991,-7.68216e-07,0.994958,-0.994958,-0.994958,2.98486,-0.994959,5.38451e-07,0.994955,-0.994959,-8.07939e-07,0.994959,-3.3261e-07,0.994958,2.8317e-07,9.78919e-08,1.98991,-5.47347e-07,0.994958,-1.98991,1.98991,-0.994959
0.994959,-0.994959,-0.994959,-0.99496,1.69467e-07,-1.98991,8.15103e-08,-0.994959,1.98991,-6.83249e-07,0.994959,-0.994959,-0.994958,2.98486,-0.994959,7.56803e-07,0.994959,-0.994958,-8.89393e-07,0.994958,1.06544e-07,0.994958,3.21673e-08,-1.83868e-07,1.98991,-4.70779e-07,0.994958,-1.98991,1.98991,-0.994958
0.994958,-0.994959,-0.994959,-0.994958,5.74864e-07,-1.98991,9.19971e-07,-0.994959,1.98991,-4.26471e-07,0.994959,-0.994958,-0.994958,2.98486,-0.994959,6.54686e-07,0.994959,-0.994959,-1.06788e-06,0.994958,1.98353e-07,0.994958,4.00469e-07,-7.15856e-08,1.98991,-5.8141e-07,0.994958,-1.98991,1.98991,-0.99496
# Iteration 650
0.994959,-0.994958,-0.994958,-0.994958,-5.21855e-08,-1.98991,2.07269e-08,-0.994959,1.98991,-8.60842e-08,0.994958,-0.994959,-0.994959,2.98486,-0.994959,4.68991e-07,0.994959,-0.994958,3.80933e-07,0.994958,-3.72533e-07,0.994958,-9.44055e-08,-1.15991e-07,1.98991,8.4835e-08,0.994959,-1.98991,1.98991,-0.994959
0.994959,-0.994959,-0.994959,-0.994959,7.44357e-08,-1.98991,-1.56321e-07,-0.994959,1.98991,-7.73082e-08,0.994958,-0.994958,-0.994958,2.98486,-0.994959,1.71299e-07,0.994959,-0.994959,-8.58689e-07,0.994959,-1.44931e-07,0.994958,-1.37233e-08,-2.03882e-08,1.98991,-2.33283e-07,0.994959,-1.98991,1.98991,-0.994958
0.994959,-0.994959,-0.994959,-0.994959,-3.77548e-07,-1.98991,1.20956e-07,-0.994959,1.98991,-8.87338e-08,0.994958,-0.994959,-0.994959,2.98486,-0.994959,1.62789e-07,0.994959,-0.994959,1.47026e-07,0.994959,-5.60518e-08,0.994958,-1.1238e-07,-1.10824e-07,1.98991,-9.65065e-08,0.994959,-1.98991,1.98991,-0.994959
0.994959,-0.994959,-0.994959,-0.994959,2.75946e-08,-1.98991,7.06048e-08,-0.994959,1.98991,-1.01438e-07,0.994958,-0.994959,-0.994959,2.98486,-0.994959,1.8032e-07,0.994959,-0.994958,1.08064e-07,0.994959,-3.09799e-08,0.994959,-1.28932e-07,-1.25953e-07,1.98991,-1.61946e-07,0.994959,-1.98991,1.98991,-0.994959
0.994959,-0.994959,-0.994958,-0.994959,2.02703e-07,-1.98991,1.27013e-08,-0.994959,1.98991,-1.18781e-07,0.994959,-0.994959,-0.994958,2.98486,-0.994959,1.74805e-07,0.994959,-0.994959,1.04949e-07,0.994959,-9.11256e-08,0.994958,-1.90073e-07,-1.03197e-07,1.98991,3.73929e-08,0.994959,-1.98991,1.98991,-0.994958
0.994959,-0.994959,-0.994959,-0.994958,7.53212e-08,-1.98991,2.46079e-07,-0.994959,1.98991,-2.77728e-07,0.994958,-0.994959,-0.994959,2.98486,-0.994959,1.72546e-07,0.994959,-0.994959,8.11653e-08,0.994959,-3.76826e-08,0.994959,1.36697e-07,-1.26259e-07,1.98991,1.51819e-07,0.994959,-1.98991,1.98991,-0.994958
0.994959,-0.994959,-0.994959,-0.994959,8.21595e-09,-1.98991,2.38458e-07,-0.994959,1.98991,-1.04426e-07,0.994958,-0.994959,-0.994959,2.98486,-0.994959,6.09339e-07,0.994959,-0.994959,1.05499e-07,0.994959,-1.25373e-07,0.994958,-1.46714e-07,-1.53077e-07,1.98991,3.4194e-08,0.994959,-1.98991,1.98991,-0.994959
0.994959,-0.994959,-0.994959,-0.994959,2.18845e-07,-1.98991,1.33654e-07,-0.994959,1.98991,-8.19907e-08,0.994958,-0.994959,-0.994958,2.98486,-0.994959,1.26474e-07,0.994959,-0.994958,4.13101e-08,0.994959,-6.01041e-08,0.994958,-2.43895e-07,-1.3192e-07,1.98991,-5.14274e-08,0.994959,-1.98991,1.98991,-0.994959
0.994959,-0.994958,-0.994959,-0.994959,5.88295e-08,-1.98991,1.44986e-07,-0.994959,1.98991,-1.67261e-07,0.994959,-0.994959,-0.994958,2.98486,-0.994959,1.62581e-08,0.994959,-0.994959,6.66773e-08,0.994959,-3.2496e-08,0.994958,-7.53446e-08,-1.31618e-07,1.98991,-1.64058e-07,0.994959,-1.98991,1.98991,-0.994959
0.994959,-0.994959,-0.994959,-0.994959,-1.16769e-07,-1.98991,-6.32648e-08,-0.99496,1.98991,-2.04368e-07,0.994959,-0.994959,-0.994959,2.98485,-0.994959,1.62172e-07,0.994959,-0.994959,-2.69715e-08,0.994958,-7.87903e-08,0.994958,-1.7601e-07,-1.44457e-07,1.98991,-7.74776e-08,0.994959,-1.98991,1.98991,-0.994959
0.994959,-0.994959,-0.994959,-0.994959,3.38646e-08,-1.98991,1.23075e-07,-0.994959,1.98991,-9.81658e-08,0.994958,-0.994959,-0.994959,2.98486,-0.994959,1.95241e-07,0.994959,-0.994958,7.41264e-08,0.994959,-4.05515e-08,0.994958,-1.9673e-07,-1.42239e-07,1.98991,-1.32527e-07,0.994959,-1.98991,1.98991,-0.994959
0.994959,-0.994958,-0.994959,-0.994959,9.87516e-08,-1.98991,5.40348e-08,-0.994959,1.98991,7.50669e-08,0.994958,-0.994958,-0.994959,2.98486,-0.994959,1.23158e-07,0.994959,-0.994959,-1.6977e-07,0.994959,-4.04921e-08,0.994958,-1.82507e-07,-9.39175e-08,1.98991,-9.956e-08,0.994959,-1.98991,1.98991,-0.994958
0.994959,-0.994958,-0.994959,-0.994959,1.5301e-07,-1.98991,1.49443e-07,-0.994959,1.98991,-1.50218e-07,0.994959,-0.994959,-0.994959,2.98486,-0.994959,1.80116e-07,0.994959,-0.994959,1.49903e-07,0.994959,-2.23246e-08,0.994958,-1.36397e-08,-1.07377e-07,1.98991,-1.07155e-07,0.994959,-1.98991,1.98991,-0.994959
0.994959,-0.994959,-0.994959,-0.994959,7.36966e-08,-1.98991,5.3438e-08,-0.994959,1.98991,4.23947e-07,0.994958,-0.994959,-0.994958,2.98486,-0.994959,1.65375e-07,0.994959,-0.994958,-1.15179e-07,0.994959,-5.64024e-08,0.994958,-2.46472e-08,-1.04011e-07,1.98991,-8.022e-08,0.994959,-1.98991,1.98991,-0.994958
0.994959,-0.994959,-0.994959,-0.994959,1.22823e-07,-1.98991,-8.33598e-09,-0.994959,1.98991,-2.41261e-08,0.994958,-0.994959,-0.994958,2.98486,-0.994959,2.19724e-07,0.994959,-0.994958,5.04487e-07,0.994958,-1.81895e-08,0.994958,-3.67556e-08,-1.39344e-07,1.98991,-1.8458e-07,0.994959,-1.98991,1.98991,-0.994959
0.994959,-0.994959,-0.994959,-0.994959,-5.0566e-08,-1.98991,1.10902e-07,-0.994959,1.98991,-1.43956e-07,0.994959,-0.994958,-0.994959,2.98486,-0.994959,2.07604e-07,0.994958,-0.994959,1.2833e-07,0.994959,-3.88224e-08,0.994959,-1.019e-07,-1.50315e-07,1.98991,-1.04768e-07,0.994959,-1.98991,1.98991,-0.994959
0.994959,-0.994959,-0.994958,-0.994958,7.68756e-08,-1.98991,8.42808e-08,-0.994959,1.98991,-6.9526e-07,0.994958,-0.994959,-0.994959,2.98486,-0.994959,1.93208e-07,0.994959,-0.994959,3.34844e-08,0.994958,-1.04767e-07,0.994959,-3.25124e-07,-1.59134e-07,1.98991,-1.58846e-07,0.994959,-1.98991,1.98991,-0.994959
0.994959,-0.994959,-0.994959,-0.994959,1.66319e-07,-1.98991,-1.11831e-08,-0.994959,1.98991,5.06289e-07,0.994959,-0.994958,-0.994958,2.98486,-0.994959,1.74142e-07,0.994959,-0.994959,1.34579e-07,0.994959,-2.38588e-09,0.994959,-2.71595e-07,-9.46769e-08,1.98991,-1.18244e-07,0.994958,-1.98991,1.98991,-0.994958
0.994959,-0.994959,-0.994958,-0.994959,-1.94261e-07,-1.98991,1.11514e-07,-0.994959,1.98991,-1.05492e-07,0.994958,-0.994959,-0.994959,2.98486,-0.994959,2.1002e-07,0.994959,-0.994959,1.64658e-07,0.994959,-3.80997e-08,0.994958,-1.92248e-07,-1.35557e-07,1.98991,-2.09765e-07,0.994959,-1.98991,1.98991,-0.994959
0.994958,-0.994959,-0.994958,-0.994958,1.15514e-07,-1.98991,1.41426e-07,-0.994959,1.98991,-1.30053e-07,0.994958,-0.994959,-0.994958,2.98486,-0.994959,1.60027e-07,0.994959,-0.994959,7.03776e-08,0.994959,7.67465e-09,0.994958,3.13135e-07,-1.23449e-07,1.98991,1.82706e-07,0.994959,-1.98991,1.98991,-0.994959
0.994959,-0.994959,-0.994959,-0.994959,2.97557e-08,-1.98991,1.78491e-08,-0.994959,1.98991,-3.04107e-08,0.994959,-0.994959,-0.994959,2.98486,-0.994959,1.2485e-07,0.994959,-0.994959,8.82007e-08,0.994959,-8.24858e-08,0.994958,-1.82083e-07,-1.23465e-07,1.98991,-9.02828e-08,0.994959,-1.98991,1.98991,-0.994959
0.994959,-0.994959,-0.994959,-0.994959,5.35262e-09,-1.98991,9.57848e-08,-0.994959,1.98991,-9.21122e-08,0.994959,-0.994959,-0.994959,2.98486,-0.994959,1.93593e-07,0.994959,-0.994959,2.54573e-08,0.994959,-3.2935e-08,0.994958,-1.34068e-07,-1.08337e-07,1.98991,-1.30144e-07,0.994959,-1.98991,1.98991,-0.994958
0.994959,-0.994959,-0.994958,-0.994959,4.0243e-08,-1.98991,2.20747e-07,-0.994959,1.98991,-9.99062e-08,0.994958,-0.994958,-0.994958,2.98486,-0.994959,1.46284e-07,0.994959,-0.994959,1.36324e-07,0.994959,-4.15665e-09,0.994959,-9.41376e-08,-1.29213e-07,1.98991,2.22669e-07,0.994958,-1.98991,1.98991,-0.994958
0.994959,-0.994959,-0.994959,-0.994959,1.33868e-07,-1.98991,1.4846e-07,-0.994959,1.98991,-5.30632e-08,0.994959,-0.994959,-0.994959,2.98486,-0.994959,1.96621e-07,0.994959,-0.994958,1.06322e-07,0.994958,-3.41989e-08,0.994959,-4.99851e-08,-1.09671e-07,1.98991,-5.99028e-08,0.994959,-1.98991,1.98991,-0.994959
0.994959,-0.994959,-0.994959,-0.994959,5.19115e-08,-1.98991,-8.8299e-10,-0.994959,1.98991,-2.83161e-07,0.994959,-0.994959,-0.994959,2.98486,-0.994959,-2.34537e-07,0.994959,-0.994959,4.85033e-08,0.994958,1.12967e-07,0.994958,-2.34639e-07,-1.11094e-07,1.98991,-1.48903e-07,0.994958,-1.98991,1.98991,-0.994958
0.994958,-0.994959,-0.994959,-0.994958,1.12817e-07,-1.98991,6.19586e-09,-0.994959,1.98991,4.17169e-08,0.994959,-0.994958,-0.994959,2.98486,-0.994959,2.7687e-07,0.994959,-0.994959,-4.79133e-08,0.994958,-8.21505e-08,0.994959,-1.41261e-07,-1.01095e-07,1.98991,-8.86671e-08,0.994959,-1.98991,1.98991,-0.994959
0.994959,-0.994959,-0.994959,-0.994959,4.53322e-08,-1.98991,1.08742e-07,-0.994959,1.98991,1.37349e-07,0.994958,-0.994959,-0.994959,2.98486,-0.994959,3.67656e-07,0.994959,-0.994959,-9.13151e-08,0.994959,1.46311e-08,0.994959,-1.8144e-07,-1.01133e-07,1.98991,1.06811e-06,0.994959,-1.98991,1.98991,-0.994959
0.994959,-0.994959,-0.994959,-0.994959,1.07684e-07,-1.98991,6.77822e-08,-0.994959,1.98991,-1.16848e-07,0.994959,-0.994959,-0.994959,2.98486,-0.994959,1.99713e-07,0.994959,-0.994959,1.07562e-07,0.994959,-4.60249e-08,0.994958,2.94362e-07,-8.9025e-08,1.98991,-1.9362e-08,0.994959,-1.98991,1.98991,-0.994959
0.994959,-0.994959,-0.994959,-0.994959,9.41899e-08,-1.98991,1.26242e-07,-0.994959,1.98991,-1.07254e-07,0.994958,-0.994959,-0.994958,2.98486,-0.994959,2.04262e-07,0.994959,-0.994959,1.82691e-08,0.994959,-5.89337e-08,0.994959,-1.29793e-07,-1.29213e-07,1.98991,-1.28489e-07,0.994959,-1.98991,1.98991,-0.994959
0.994959,-0.994959,-0.994959,-0.994959,8.26241e-09,-1.98991,6.1659e-08,-0.994959,1.98991,-2.71579e-07,0.994958,-0.994959,-0.994958,2.98486,-0.994959,6.12751e-09,0.994959,-0.994959,1.06373e-07,0.994959,-2.52677e-08,0.994959,-3.27977e-08,-8.72475e-08,1.98991,-1.20644e-07,0.994959,-1.98991,1.98991,-0.994959
0.994959,-0.994959,-0.994959,-0.994959,7.45087e-09,-1.98991,-1.33979e-08,-0.994959,1.98991,-9.34572e-08,0.994959,-0.994959,-0.994958,2.98486,-0.994959,1.94054e-07,0.994959,-0.994959,1.82346e-07,0.994959,-2.95871e-08,0.994958,-3.2291e-07,-1.01668e-07,1.98991,-1.13754e-07,0.994959,-1.98991,1.98991,-0.994958
0.994959,-0.994959,-0.994958,-0.994959,7.51211e-08,-1.98991,1.44391e-07,-0.994959,1.98991,-9.60859e-08,0.994959,-0.994959,-0.994959,2.98486,-0.994959,1.92188e-07,0.994959,-0.994958,8.08745e-08,0.994959,-4.61503e-08,0.994959,-1.05729e-07,-1.05036e-07,1.98991,-1.11243e-07,0.994959,-1.98991,1.98991,-0.994959
0.994959,-0.994959,-0.994959,-0.994959,3.75157e-08,-1.98991,1.14179e-07,-0.994959,1.98991,-8.52018e-08,0.994959,-0.994959,-0.994959,2.98486,-0.994959,1.53534e-07,0.994959,-0.994959,4.06816e-08,0.994959,-1.21637e-08,0.994958,-5.94468e-08,-1.48679e-07,1.98991,1.06863e-06,0.994959,-1.98991,1.98991,-0.994959
0.994959,-0.994959,-0.994959,-0.994959,3.08863e-08,-1.98991,1.13474e-07,-0.994959,1.98991,-1.89524e-07,0.994959,-0.994959,-0.994958,2.98486,-0.994959,1.18742e-07,0.994959,-0.994959,1.92796e-07,0.994959,2.99715e-09,0.994959,-1.96756e-07,-1.16244e-07,1.98991,-1.23154e-07,0.994959,-1.98991,1.98991,-0.994959
0.994959,-0.994959,-0.994959,-0.994959,8.13905e-08,-1.98991,1.08658e-07,-0.994959,1.98991,-8.38899e-08,0.994958,-0.994959,-0.994959,2.98486,-0.994959,-9.16151e-08,0.994959,-0.994959,1.48848e-07,0.994959,5.52771e-09,0.994959,-4.47378e-08,-1.49975e-07,1.98991,-7.84623e-08,0.994958,-1.98991,1.98991,-0.994959
0.994959,-0.994959,-0.994959,-0.994959,2.39992e-08,-1.98991,1.39633e-07,-0.994959,1.98991,-9.51972e-08,0.994959,-0.994959,-0.994959,2.98486,-0.994959,2.43823e-07,0.994959,-0.994959,1.86269e-07,0.994959,-7.08006e-09,0.994959,1.43577e-07,-1.30419e-07,1.98991,-1.07955e-07,0.994959,-1.98991,1.98991,-0.994959
0.994959,-0.994959,-0.994959,-0.994959,3.97591e-08,-1.98991,1.66423e-07,-0.994959,1.98991,-8.36399e-08,0.994958,-0.994959,-0.994959,2.98486,-0.994959,9.94618e-08,0.994959,-0.994959,3.44612e-08,0.994959,-1.00784e-07,0.994959,1.03478e-07,-1.12341e-07,1.98991,-1.27034e-07,0.994959,-1.98991,1.98991,-0.994959
0.994959,-0.994959,-0.994959,-0.994959,2.7179e-07,-1.98991,1.65139e-07,-0.994959,1.98991,2.12474e-07,0.994959,-0.994959,-0.994958,2.98486,-0.994959,1.62513e-07,0.994959,-0.994958,2.93237e-07,0.994959,7.72095e-08,0.994959,-2.55807e-07,-8.92491e-08,1.98991,1.73443e-07,0.994959,-1.98991,1.98991,-0.994958
0.994959,-0.994959,-0.994959,-0.994959,1.24423e-08,-1.98991,8.64843e-08,-0.994959,1.98991,-6.18579e-08,0.994959,-0.994959,-0.994958,2.98486,-0.994959,1.8341e-07,0.994959,-0.994959,1.39115e-07,0.994959,-3.18595e-08,0.994958,-1.00367e-07,-1.3159e-07,1.98991,-2.05856e-07,0.994959,-1.98991,1.98991,-0.994959
0.994959,-0.994959,-0.994958,-0.994959,1.30791e-07,-1.98991,1.20972e-07,-0.994959,1.98991,-1.09084e-07,0.994958,-0.994959,-0.994958,2.98486,-0.994959,1.72342e-07,0.994959,-0.994958,1.34322e-07,0.994959,1.91365e-07,0.994959,-1.38969e-07,-1.47345e-07,1.98991,-7.5867e-08,0.994959,-1.98991,1.98991,-0.994959
0.994959,-0.994959,-0.994959,-0.994959,-1.45524e-08,-1.98991,1.1007e-07,-0.994959,1.98991,-6.62701e-08,0.994959,-0.994959,-0.994959,2.98486,-0.994959,1.29024e-07,0.994959,-0.994958,-2.89453e-09,0.994959,9.76776e-10,0.994959,-4.50918e-07,-8.29748e-08,1.98991,-7.25134e-08,0.994959,-1.98991,1.98991,-0.994959
0.994959,-0.994959,-0.994959,-0.994959,7.20675e-08,-1.98991,2.02346e-07,-0.994959,1.98991,1.74137e-07,0.994959,-0.994959,-0.994959,2.98486,-0.994959,1.93116e-07,0.994959,-0.994959,3.55787e-07,0.994959,-6.15029e-08,0.994959,-1.03237e-07,-1.36464e-07,1.98991,-9.10471e-08,0.994959,-1.98991,1.98991,-0.994959
0.994959,-0.994959,-0.994959,-0.994959,1.14897e-07,-1.98991,5.84095e-08,-0.994959,1.98991,-1.06487e-07,0.994959,-0.994959,-0.994958,2.98486,-0.994959,2.12931e-07,0.994959,-0.994959,2.0527e-07,0.994959,-3.4016e-08,0.994959,-2.86373e-07,-1.06011e-07,1.98991,-1.26284e-07,0.994959,-1.98991,1.98991,-0.994959
0.994959,-0.994959,-0.994958,-0.994959,7.03819e-08,-1.98991,7.99231e-09,-0.994959,1.98991,1.08255e-07,0.994959,-0.994959,-0.994958,2.98486,-0.994959,2.5329e-07,0.994959,-0.994959,3.10962e-07,0.994959,-2.82282e-08,0.994958,8.47381e-08,-9.74149e-08,1.98991,-1.44424e-07,0.994959,-1.98991,1.98991,-0.994959
0.994959,-0.994959,-0.994959,-0.994959,-1.00171e-07,-1.98991,8.23489e-08,-0.994959,1.98991,-1.00371e-07,0.994959,-0.994958,-0.994959,2.98486,-0.994959,2.10788e-07,0.994959,-0.994959,1.91478e-07,0.994959,-5.46405e-08,0.994958,-2.15581e-07,-1.229e-07,1.98991,-9.77318e-08,0.994959,-1.98991,1.98991,-0.994959
0.994959,-0.994959,-0.994959,-0.994959,6.24131e-08,-1.98991,1.16282e-07,-0.994959,1.98991,-1.1415e-07,0.994958,-0.994959,-0.994959,2.98486,-0.994959,2.0653e-07,0.994959,-0.994959,1.55637e-07,0.994959,-5.59499e-08,0.994958,-3.22302e-07,-1.08506e-07,1.98991,-1.07265e-07,0.994959,-1.98991,1.98991,-0.994959
0.994959,-0.994959,-0.994959,-0.994959,-1.45727e-08,-1.98991,7.35257e-08,-0.994959,1.98991,2.35923e-07,0.994959,-0.994959,-0.994959,2.98486,-0.994959,1.8277e-07,0.994959,-0.994959,1.80167e-07,0.994959,-5.01632e-08,0.994958,3.78929e-08,-1.2104e-07,1.98991,-1.06158e-08,0.994959,-1.98991,1.98991,-0.994959
0.994959,-0.994959,-0.994958,-0.994959,4.87415e-08,-1.98991,3.04593e-08,-0.994959,1.98991,-1.00084e-07,0.994959,-0.994959,-0.994959,2.98486,-0.994959,1.67423e-07,0.994959,-0.994959,1.45331e-07,0.994959,-3.15097e-08,0.994959,-2.70685e-07,-1.28769e-07,1.98991,-1.60893e-07,0.994959,-1.98991,1.98991,-0.994959
0.994959,-0.994959,-0.994959,-0.994959,-8.67616e-08,-1.98991,2.92026e-07,-0.994959,1.98991,-1.05446e-07,0.994958,-0.994958,-0.994959,2.98486,-0.994959,1.84999e-07,0.994959,-0.994959,4.78446e-08,0.994959,-2.55347e-08,0.994959,-1.03212e-07,-1.53885e-07,1.98991,-1.21896e-07,0.994959,-1.98991,1.98991,-0.994958
0.994959,-0.994959,-0.994958,-0.994959,6.44077e-08,-1.98991,9.42058e-08,-0.994959,1.98991,-8.9046e-08,0.994958,-0.994959,-0.994959,2.98486,-0.994959,1.92672e-07,0.994959,-0.994959,1.35145e-07,0.994959,-2.75858e-08,0.994959,-9.5388e-08,-1.33231e-07,1.98991,-1.28976e-07,0.994959,-1.98991,1.98991,-0.994959
# Iteration 700
0.994959,-0.994959,-0.994959,-0.994959,2.62952e-09,-1.98991,1.83153e-08,-0.994959,1.98991,-9.6464e-09,0.994959,-0.994959,-0.994959,2.98486,-0.994959,-2.43371e-09,0.994959,-0.994959,1.3512e-08,0.994959,2.56947e-08,0.994959,1.75684e-09,-4.91121e-08,1.98991,1.39109e-08,0.994959,-1.98991,1.98991,-0.994959
0.994959,-0.994959,-0.994959,-0.994959,-3.75781e-09,-1.98991,2.80738e-08,-0.994959,1.98991,-2.35576e-08,0.994959,-0.994959,-0.994959,2.98486,-0.994959,2.99987e-07,0.994959,-0.994959,-6.49931e-09,0.994959,1.96228e-08,0.994959,1.23264e-07,-6.44111e-08,1.98991,3.2727e-08,0.994959,-1.98991,1.98991,-0.994959
0.994959,-0.994959,-0.994959,-0.994959,-2.66456e-08,-1.98991,2.10136e-08,-0.994959,1.98991,4.13007e-08,0.994959,-0.994959,-0.994959,2.98486,-0.994959,-2.01679e-08,0.994959,-0.994959,2.08217e-09,0.994958,6.33067e-09,0.994959,-2.475e-08,-5.22743e-08,1.98991,1.68283e-08,0.994959,-1.98991,1.98991,-0.994959
0.994959,-0.994959,-0.994959,-0.994959,-1.15942e-07,-1.98991,-4.62214e-09,-0.994959,1.98991,4.03802e-08,0.994958,-0.994959,-0.994959,2.98486,-0.994959,2.95034e-08,0.994959,-0.994959,-8.76492e-09,0.994959,-1.40223e-07,0.994959,1.2427e-07,-5.88881e-08,1.98991,8.78123e-08,0.994959,-1.98991,1.98991,-0.994959
0.994959,-0.994959,-0.994959,-0.994959,-2.06764e-09,-1.98991,-5.41989e-08,-0.994959,1.98991,1.17363e-08,0.994959,-0.994959,-0.994959,2.98486,-0.994959,2.39851e-08,0.994959,-0.994959,-9.26058e-09,0.994959,6.60164e-08,0.994959,-2.21434e-08,-3.66886e-08,1.98991,7.28475e-09,0.994959,-1.98991,1.98991,-0.994959
0.994959,-0.994959,-0.994959,-0.994959,5.78936e-09,-1.98991,6.73559e-08,-0.994959,1.98991,1.22388e-06,0.994959,-0.994959,-0.994959,2.98486,-0.994959,8.34162e-08,0.994959,-0.994959,-3.64233e-09,0.994959,-1.51597e-08,0.994959,2.76186e-08,-4.3281e-08,1.98991,-3.77899e-09,0.994959,-1.98991,1.98991,-0.994959
0.994959,-0.994959,-0.994959,-0.994959,-2.56298e-09,-1.98991,1.9907e-08,-0.994959,1.98991,2.52633e-08,0.994959,-0.994959,-0.994959,2.98486,-0.994959,-2.3563e-08,0.994959,-0.994959,-9.56942e-09,0.994959,-2.30178e-08,0.994959,-1.27189e-09,-6.45401e-08,1.98991,1.23986e-08,0.994959,-1.98991,1.98991,-0.994959
0.994959,-0.994959,-0.994959,-0.994959,1.11574e-07,-1.98991,-4.41662e-08,-0.994959,1.98991,3.5955e-08,0.994959,-0.994959,-0.994959,2.98486,-0.994959,-2.77615e-08,0.994959,-0.994959,2.07945e-08,0.994959,-4.80015e-08,0.994959,1.269e-08,-1.70003e-08,1.98991,4.09755e-08,0.994959,-1.98991,1.98991,-0.994959
0.994959,-0.994959,-0.994959,-0.994959,-6.02145e-09,-1.98991,1.77649e-08,-0.994959,1.98991,-1.27633e-07,0.994959,-0.994959,-0.994959,2.98486,-0.994959,-1.72517e-08,0.994959,-0.994959,1.14465e-08,0.994959,4.38284e-08,0.994959,5.52224e-08,-4.76626e-08,1.98991,2.46988e-08,0.994959,-1.98991,1.98991,-0.994959
0.994959,-0.994959,-0.994959,-0.994959,-6.34096e-09,-1.98991,4.8047e-08,-0.994959,1.98991,-1.38529e-08,0.994959,-0.994959,-0.994959,2.98486,-0.994959,1.92529e-08,0.994959,-0.994959,3.83204e-08,0.994959,-3.94542e-09,0.994959,2.69801e-08,-5.79533e-08,1.98991,1.1725e-08,0.994959,-1.98991,1.98991,-0.994959
0.994959,-0.994959,-0.994959,-0.994959,-1.77526e-08,-1.98991,-5.35256e-09,-0.994959,1.98991,-2.04286e-08,0.994959,-0.994959,-0.994959,2.98486,-0.994959,-1.09698e-08,0.994959,-0.994959,-4.0593e-09,0.994959,-1.50724e-07,0.994959,6.82007e-08,-4.45564e-08,1.98991,-3.07156e-08,0.994959,-1.98991,1.98991,-0.994959
0.994959,-0.994959,-0.994959,-0.994959,-1.59884e-08,-1.98991,-9.45396e-09,-0.994959,1.98991,-1.03035e-08,0.994959,-0.994959,-0.994958,2.98486,-0.994959,3.19766e-08,0.994959,-0.994959,4.62808e-09,0.994959,9.20792e-09,0.994959,-5.90521e-09,-3.18026e-08,1.98991,2.53886e-08,0.994959,-1.98991,1.98991,-0.994959
0.994959,-0.994959,-0.994959,-0.994959,-6.58991e-09,-1.98991,3.46558e-08,-0.994959,1.98991,-8.25957e-09,0.994959,-0.994959,-0.994959,2.98486,-0.994959,-4.60308e-08,0.994959,-0.994959,1.93039e-08,0.994959,1.15794e-08,0.994959,4.81928e-08,-5.94577e-08,1.98991,1.01103e-08,0.994959,-1.98991,1.98991,-0.994959
0.994959,-0.994959,-0.994959,-0.994959,1.21773e-08,-1.98991,-1.28785e-08,-0.994959,1.98991,-1.6009e-08,0.994959,-0.994959,-0.994959,2.98486,-0.994959,2.32733e-08,0.994959,-0.994959,6.81859e-09,0.994959,-1.29465e-08,0.994959,4.07059e-08,-4.86223e-08,1.98991,2.06851e-08,0.994959,-1.98991,1.98991,-0.994959
0.994959,-0.994959,-0.994959,-0.994959,-1.23502e-08,-1.98991,3.99181e-09,-0.994959,1.98991,-8.59517e-09,0.994959,-0.994959,-0.994959,2.98486,-0.994959,1.63168e-09,0.994959,-0.994959,-3.87553e-09,0.994959,-5.902e-08,0.994959,-1.35487e-08,-4.70954e-08,1.98991,1.93436e-08,0.994959,-1.98991,1.98991,-0.994959
0.994959,-0.994959,-0.994959,-0.994959,-1.78612e-08,-1.98991,9.9363e-09,-0.994959,1.98991,-1.00963e-08,0.994959,-0.994959,-0.994959,2.98486,-0.994959,-1.09476e-07,0.994959,-0.994959,-2.91068e-09,0.994959,-5.81606e-08,0.994959,2.05525e-08,-1.47828e-08,1.98991,3.3893e-08,0.994959,-1.98991,1.98991,-0.994959
0.994959,-0.994959,-0.994959,-0.994959,4.35593e-10,-1.98991,4.34879e-08,-0.994959,1.98991,-9.27413e-09,0.994959,-0.994959,-0.994959,2.98486,-0.994959,5.70023e-09,0.994959,-0.994959,1.63953e-08,0.994959,4.12268e-09,0.994959,5.86958e-09,-4.01824e-08,1.98991,2.07329e-08,0.994959,-1.98991,1.98991,-0.994959
0.994959,-0.994959,-0.994959,-0.994959,-1.05186e-08,-1.98991,5.07031e-09,-0.994959,1.98991,-8.51867e-09,0.994959,-0.994959,-0.994959,2.98486,-0.994959,-7.16404e-09,0.994959,-0.994959,-4.12637e-09,0.994959,6.03831e-09,0.994959,-1.48512e-08,-8.58783e-08,1.98991,4.99211e-08,0.994959,-1.98991,1.98991,-0.994959
0.994959,-0.994959,-0.994959,-0.994959,7.19274e-09,-1.98991,2.86943e-08,-0.994959,1.98991,-2.05973e-09,0.994956,-0.994959,-0.994959,2.98486,-0.994959,-8.97673e-08,0.994959,-0.994959,9.55937e-09,0.994959,-4.58021e-08,0.994959,9.52942e-08,-6.25052e-08,1.98991,2.92314e-08,0.994959,-1.98991,1.98991,-0.994959
0.994959,-0.994959,-0.994959,-0.994959,-1.2727e-08,-1.98991,-8.66839e-09,-0.994959,1.98991,-1.11754e-08,0.994959,-0.994959,-0.994959,2.98486,-0.994959,9.01653e-09,0.994959,-0.994959,6.78972e-09,0.994959,-2.44781e-08,0.994959,2.8726e-08,-4.54703e-08,1.98991,1.01608e-08,0.994959,-1.98991,1.98991,-0.994959
0.994959,-0.994959,-0.994959,-0.994959,-9.42873e-09,-1.98991,5.11425e-09,-0.994959,1.98991,-1.97443e-09,0.994959,-0.994959,-0.994959,2.98486,-0.994959,-9.59611e-09,0.994959,-0.994959,-1.48751e-08,0.994959,1.87267e-08,0.994959,4.92921e-08,-1.32264e-08,1.98991,2.7068e-08,0.994959,-1.98991,1.98991,-0.994959
0.994959,-0.994959,-0.994959,-0.994959,-3.51644e-09,-1.98991,1.9458e-08,-0.994959,1.98991,-1.10042e-08,0.994959,-0.994959,-0.994959,2.98486,-0.994959,-1.36365e-07,0.994959,-0.994959,2.10858e-08,0.994959,-1.35102e-08,0.994959,3.98102e-09,-1.45548e-08,1.98991,4.44109e-09,0.994959,-1.98991,1.98991,-0.994959
0.994959,-0.994959,-0.994959,-0.994959,-9.53132e-09,-1.98991,6.80348e-09,-0.994959,1.98991,-1.23853e-08,0.994959,-0.994959,-0.994959,2.98486,-0.994959,-5.40214e-09,0.994959,-0.994959,-5.30458e-09,0.994959,-2.18936e-08,0.994959,5.42844e-08,-3.002e-08,1.98991,3.30298e-08,0.994959,-1.98991,1.98991,-0.994959
0.994959,-0.994959,-0.994959,-0.994959,-4.17973e-09,-1.98991,1.17414e-08,-0.994959,1.98991,-9.53566e-09,0.994959,-0.994959,-0.994959,2.98486,-0.994959,-1.78088e-08,0.994959,-0.994959,4.02697e-09,0.994959,-1.14109e-08,0.994959,1.61765e-08,-4.18088e-08,1.98991,-4.83884e-09,0.994959,-1.98991,1.98991,-0.994959
0.994959,-0.994959,-0.994959,-0.994959,6.39905e-08,-1.98991,2.61622e-08,-0.994959,1.98991,1.80372e-08,0.994959,-0.994959,-0.994959,2.98486,-0.994959,1.07909e-07,0.994959,-0.994959,-1.28035e-08,0.994959,3.59537e-08,0.994959,-5.29737e-09,-4.69689e-08,1.98991,2.07868e-10,0.994959,-1.98991,1.98991,-0.994959
0.994959,-0.994959,-0.994959,-0.994959,-1.94934e-08,-1.98991,8.16616e-09,-0.994959,1.98991,-1.04054e-08,0.994959,-0.994959,-0.994959,2.98486,-0.994959,4.58725e-08,0.994959,-0.994959,-2.98818e-09,0.994959,4.50386e-08,0.994959,6.80999e-09,-4.15655e-08,1.98991,2.34355e-08,0.994959,-1.98991,1.98991,-0.994959
0.994959,-0.994959,-0.994959,-0.994959,-8.65095e-09,-1.98991,-1.49281e-08,-0.994959,1.98991,-1.06312e-08,0.994959,-0.994959,-0.994959,2.98486,-0.994959,3.03715e-08,0.994959,-0.994959,-1.14204e-08,0.994959,4.2816e-08,0.994959,2.11472e-08,-3.86021e-08,1.98991,3.04199e-08,0.994959,-1.98991,1.98991,-0.994959
0.994959,-0.994959,-0.994959,-0.994959,-4.88034e-08,-1.98991,3.12794e-08,-0.994959,1.98991,-3.24392e-09,0.994959,-0.994959,-0.994959,2.98486,-0.994959,4.80876e-08,0.994959,-0.994959,1.12356e-09,0.994959,-2.0827e-08,0.994959,5.66756e-08,-5.00358e-08,1.98991,1.34064e-08,0.994959,-1.98991,1.98991,-0.994959
0.994959,-0.994959,-0.994959,-0.994959,-6.10399e-09,-1.98991,3.07038e-08,-0.994959,1.98991,-8.60809e-09,0.994959,-0.994959,-0.994959,2.98486,-0.994959,1.11831e-08,0.994959,-0.994959,1.80194e-08,0.994959,2.95053e-09,0.994959,7.39318e-09,-1.25529e-08,1.98991,1.37739e-08,0.994959,-1.98991,1.98991,-0.994959
0.994959,-0.994959,-0.994959,-0.994959,-6.7266e-09,-1.98991,9.67036e-09,-0.994959,1.98991,3.48558e-08,0.994959,-0.994959,-0.994959,2.98486,-0.994959,2.51862e-08,0.994959,-0.994959,-2.22843e-09,0.994959,-2.27138e-08,0.994959,1.52163e-08,-2.56491e-08,1.98991,8.40997e-09,0.994959,-1.98991,1.98991,-0.994959
0.994959,-0.994959,-0.994959,-0.994959,-7.88882e-09,-1.98991,2.33188e-08,-0.994959,1.98991,-4.10894e-08,0.994959,-0.994959,-0.994959,2.98486,-0.994959,-2.17309e-08,0.994959,-0.994959,-8.27171e-09,0.994959,1.18374e-08,0.994959,1.39078e-08,-5.47027e-08,1.98991,3.28776e-08,0.994959,-1.98991,1.98991,-0.994959
0.994959,-0.994959,-0.994959,-0.994959,-9.47895e-09,-1.98991,4.71671e-08,-0.994959,1.98991,-1.63735e-08,0.994959,-0.994959,-0.994959,2.98486,-0.994959,-2.93113e-08,0.994959,-0.994959,8.63116e-10,0.994959,2.297e-08,0.994959,3.87991e-08,-1.82295e-08,1.98991,1.84311e-08,0.994959,-1.98991,1.98991,-0.994959
0.994959,-0.994959,-0.994959,-0.994959,-9.9021e-09,-1.98991,2.97037e-08,-0.994959,1.98991,3.95965e-09,0.994959,-0.994959,-0.994959,2.98486,-0.994959,2.0198e-08,0.994959,-0.994959,-1.09532e-08,0.994959,3.36195e-08,0.994959,2.65625e-08,-3.92939e-08,1.98991,-2.87523e-08,0.994959,-1.98991,1.98991,-0.994959
0.994959,-0.994959,-0.994959,-0.994959,-3.77794e-09,-1.98991,3.19719e-08,-0.994959,1.98991,-9.44191e-09,0.994959,-0.994959,-0.994959,2.98486,-0.994959,4.07211e-09,0.994959,-0.994959,-2.75285e-09,0.994959,6.19833e-08,0.994959,2.79353e-08,-4.23632e-08,1.98991,2.96925e-08,0.994959,-1.98991,1.98991,-0.994959
0.994959,-0.994959,-0.994959,-0.994959,-8.2666e-09,-1.98991,1.83034e-08,-0.994959,1.98991,-4.00994e-09,0.994959,-0.994959,-0.994959,2.98486,-0.994959,-6.42554e-09,0.994959,-0.994959,-1.04419e-08,0.994959,-1.19422e-08,0.994959,2.02151e-08,-5.78431e-08,1.98991,2.19107e-08,0.994959,-1.98991,1.98991,-0.994959
0.994959,-0.994959,-0.994959,-0.994959,-5.52616e-08,-1.98991,3.89981e-08,-0.994959,1.98991,3.87575e-09,0.994959,-0.994959,-0.994959,2.98486,-0.994959,-1.84364e-08,0.994959,-0.994959,1.63344e-08,0.994959,1.32724e-08,0.994959,-1.0793e-08,-8.16272e-08,1.98991,5.7759e-09,0.994959,-1.98991,1.98991,-0.994959
0.994959,-0.994959,-0.994959,-0.994959,-3.88197e-10,-1.98991,5.18903e-09,-0.994959,1.98991,-1.07025e-08,0.994959,-0.994959,-0.994959,2.98486,-0.994959,1.71909e-08,0.994959,-0.994959,3.1175e-09,0.994959,5.43038e-09,0.994959,1.22812e-08,-5.71515e-08,1.98991,4.73512e-08,0.994959,-1.98991,1.98991,-0.994959
0.994959,-0.994959,-0.994959,-0.994959,-1.32606e-08,-1.98991,-8.17919e-10,-0.994959,1.98991,-8.26078e-09,0.994959,-0.994959,-0.994959,2.98486,-0.994959,-1.80761e-09,0.994959,-0.994959,-2.6252e-09,0.994959,-8.56406e-08,0.994959,1.61509e-08,-7.28291e-08,1.98991,1.35115e-08,0.994959,-1.98991,1.98991,-0.994959
0.994959,-0.994959,-0.994959,-0.994959,6.28172e-09,-1.98991,3.66221e-08,-0.994959,1.98991,-5.75801e-09,0.994959,-0.994959,-0.994959,2.98486,-0.994959,-7.63207e-08,0.994959,-0.994959,6.61659e-09,0.994959,-1.02706e-08,0.994959,1.33171e-08,-6.38371e-08,1.98991,2.42052e-08,0.994959,-1.98991,1.98991,-0.994959
0.994959,-0.994959,-0.994959,-0.994959,7.34072e-09,-1.98991,1.07091e-08,-0.994959,1.98991,-1.25202e-08,0.994959,-0.994959,-0.994959,2.98486,-0.994959,6.0765e-08,0.994959,-0.994959,-2.03138e-08,0.994959,-1.31768e-08,0.994959,4.34774e-08,-4.15e-08,1.98991,1.17705e-08,0.994959,-1.98991,1.98991,-0.994959
0.994959,-0.994959,-0.994959,-0.994959,3.40211e-09,-1.98991,-5.87139e-11,-0.994959,1.98991,-2.94828e-09,0.994959,-0.994959,-0.994959,2.98486,-0.994959,-1.72924e-08,0.994959,-0.994959,-3.21798e-08,0.994959,-2.57273e-09,0.994959,-3.02633e-08,-3.97914e-08,1.98991,-6.51074e-08,0.994959,-1.98991,1.98991,-0.994959
0.994959,-0.994959,-0.994959,-0.994959,-4.37202e-09,-1.98991,2.15523e-08,-0.994959,1.98991,-7.17297e-09,0.994959,-0.994959,-0.994959,2.98486,-0.994959,-2.01997e-08,0.994959,-0.994959,1.27824e-08,0.994959,-1.27503e-08,0.994959,-1.05375e-10,-6.90699e-08,1.98991,2.25047e-08,0.994959,-1.98991,1.98991,-0.994959
0.994959,-0.994959,-0.994959,-0.994959,2.38997e-08,-1.98991,3.55974e-08,-0.994959,1.98991,-1.84279e-09,0.994959,-0.994959,-0.994959,2.98486,-0.994959,-1.29224e-08,0.994959,-0.994959,-2.90622e-08,0.994959,6.32366e-10,0.994959,1.38911e-07,-4.26726e-08,1.98991,-2.53012e-08,0.994959,-1.98991,1.98991,-0.994959
0.994959,-0.994959,-0.994959,-0.994959,4.86753e-09,-1.98991,9.93798e-09,-0.994959,1.98991,-6.2346e-09,0.994959,-0.994959,-0.994959,2.98486,-0.994959,-5.65138e-09,0.994959,-0.994959,-2.3651e-08,0.994959,-6.95903e-08,0.994959,-9.15529e-10,-4.96945e-08,1.98991,5.81155e-08,0.994959,-1.98991,1.98991,-0.994959
0.994959,-0.994959,-0.994959,-0.994959,-1.5045e-08,-1.98991,1.67699e-08,-0.994959,1.98991,-2.5568e-08,0.994959,-0.994959,-0.994959,2.98486,-0.994959,-1.95961e-08,0.994959,-0.994959,-8.85759e-09,0.994959,-6.13345e-09,0.994959,-9.31325e-09,-9.5818e-10,1.98991,1.43435e-08,0.994959,-1.98991,1.98991,-0.994959
0.994959,-0.994959,-0.994959,-0.994959,-2.86862e-08,-1.98991,-1.33079e-09,-0.994959,1.98991,-8.12417e-09,0.994959,-0.994959,-0.994959,2.98486,-0.994959,-2.09538e-08,0.994959,-0.994959,-3.70982e-08,0.994959,1.86757e-08,0.994959,1.83064e-08,-8.79869e-09,1.98991,7.93063e-08,0.994959,-1.98991,1.98991,-0.994959
0.994959,-0.994959,-0.994959,-0.994959,-6.49357e-09,-1.98991,2.91239e-08,-0.994959,1.98991,-1.05302e-08,0.994958,-0.994959,-0.994959,2.98486,-0.994959,-6.2826e-08,0.994959,-0.994959,-9.12838e-09,0.994959,1.46316e-07,0.994959,4.86894e-08,-9.25699e-08,1.98991,1.64835e-08,0.994959,-1.98991,1.98991,-0.994959
0.994959,-0.994959,-0.994959,-0.994959,-1.25178e-08,-1.98991,-3.66938e-09,-0.994959,1.98991,-7.03309e-09,0.994959,-0.994959,-0.994959,2.98486,-0.994959,4.30744e-09,0.994959,-0.994959,-2.20084e-08,0.994959,-1.00231e-07,0.994959,2.79304e-08,-4.34464e-08,1.98991,2.1167e-08,0.994959,-1.98991,1.98991,-0.994959
0.994959,-0.994959,-0.994959,-0.994959,-1.35496e-08,-1.98991,1.90421e-08,-0.994959,1.98991,-8.31342e-09,0.994959,-0.994959,-0.994959,2.98486,-0.994959,-1.13815e-08,0.994959,-0.994959,8.32246e-09,0.994959,-4.2409e-09,0.994959,4.5126e-08,-4.90208e-08,1.98991,2.40825e-08,0.994959,-1.98991,1.98991,-0.994959
0.994959,-0.994959,-0.994959,-0.994959,2.21793e-08,-1.98991,5.7919e-09,-0.994959,1.98991,-7.35894e-10,0.994959,-0.994959,-0.994959,2.98486,-0.994959,-2.2548e-08,0.994959,-0.994959,-1.72424e-09,0.994959,5.81292e-08,0.994959,8.65017e-09,-5.98589e-08,1.98991,1.81879e-08,0.994959,-1.98991,1.98991,-0.994959
# Iteration 750
0.994959,-0.994959,-0.994959,-0.994959,3.15155e-09,-1.98991,6.74711e-10,-0.994959,1.98991,6.95535e-09,0.994959,-0.994959,-0.994959,2.98486,-0.994959,-5.55848e-09,0.994959,-0.994959,4.07789e-09,0.994959,-3.91322e-09,0.994959,9.18791e-09,-4.47363e-09,1.98991,3.64514e-09,0.994959,-1.98991,1.98991,-0.994959
0.994959,-0.994959,-0.994959,-0.994959,-3.26184e-09,-1.98991,3.06556e-09,-0.994959,1.98991,8.14401e-09,0.994959,-0.994959,-0.994959,2.98486,-0.994959,-1.15758e-08,0.994959,-0.994959,-2.39598e-09,0.994959,-3.18148e-09,0.994959,2.01458e-09,5.77416e-08,1.98991,2.86633e-09,0.994959,-1.98991,1.98991,-0.994959
0.994959,-0.994959,-0.994959,-0.994959,5.777e-09,-1.98991,2.01605e-09,-0.994959,1.98991,7.08001e-09,0.994959,-0.994959,-0.994959,2.98486,-0.994959,2.90612e-09,0.994959,-0.994959,-1.87922e-10,0.994959,-4.91534e-09,0.994959,9.94882e-09,-2.12625e-09,1.98991,1.9579e-09,0.994959,-1.98991,1.98991,-0.994959
0.994959,-0.994959,-0.994959,-0.994959,3.98448e-09,-1.98991,2.47882e-10,-0.994959,1.98991,2.72755e-09,0.994959,-0.994959,-0.994959,2.98486,-0.994959,2.18769e-09,0.994959,-0.994959,1.16606e-09,0.994959,-2.72065e-10,0.994959,1.03867e-08,1.35714e-09,1.98991,-1.85312e-09,0.994959,-1.98991,1.98991,-0.994959
0.994959,-0.994959,-0.994959,-0.994959,3.01705e-09,-1.98991,4.03882e-09,-0.994959,1.98991,2.02743e-09,0.994959,-0.994959,-0.994959,2.98486,-0.994959,3.08567e-09,0.994959,-0.994959,-2.51021e-09,0.994959,-4.67317e-09,0.994959,1.17052e-08,-4.18398e-09,1.98991,-1.04562e-09,0.994959,-1.98991,1.98991,-0.994959
0.994959,-0.994959,-0.994959,-0.994959,2.72888e-09,-1.98991,3.47574e-09,-0.994959,1.98991,2.15459e-09,0.994959,-0.994959,-0.994959,2.98486,-0.994959,4.67409e-09,0.994959,-0.994959,9.14327e-10,0.994959,-5.66972e-09,0.994959,8.90997e-09,-9.63018e-09,1.98991,-4.99191e-09,0.994959,-1.98991,1.98991,-0.994959
0.994959,-0.994959,-0.994959,-0.994959,2.92851e-09,-1.98991,1.0544e-08,-0.994959,1.98991,1.37574e-09,0.994959,-0.994959,-0.994959,2.98486,-0.994959,-1.93698e-09,0.994959,-0.994959,1.31759e-08,0.994959,-4.13792e-09,0.994959,9.35178e-09,-3.79911e-09,1.98991,3.11661e-10,0.994959,-1.98991,1.98991,-0.994959
0.994959,-0.994959,-0.994959,-0.994959,2.68698e-09,-1.98991,-2.33163e-09,-0.994959,1.98991,3.0528e-09,0.994959,-0.994959,-0.994959,2.98486,-0.994959,3.50643e-09,0.994959,-0.994959,-1.00218e-09,0.994959,-7.51765e-09,0.994959,5.39283e-09,-3.91023e-09,1.98991,-3.04228e-08,0.994959,-1.98991,1.98991,-0.994959
0.994959,-0.994959,-0.994959,-0.994959,3.19797e-09,-1.98991,2.95041e-09,-0.994959,1.98991,2.07019e-09,0.994959,-0.994959,-0.994959,2.98486,-0.994959,-1.52918e-09,0.994959,-0.994959,-2.06243e-09,0.994959,-2.297e-09,0.994959,1.0459e-08,-1.09036e-08,1.98991,2.20385e-09,0.994959,-1.98991,1.98991,-0.994959
0.994959,-0.994959,-0.994959,-0.994959,2.70714e-09,-1.98991,3.40041e-09,-0.994959,1.98991,1.82056e-09,0.994959,-0.994959,-0.994959,2.98486,-0.994959,1.38689e-09,0.994959,-0.994959,-1.62743e-09,0.994959,-5.26438e-09,0.994959,9.66072e-09,-8.21505e-09,1.98991,1.15087e-09,0.994959,-1.98991,1.98991,-0.994959
0.994959,-0.994959,-0.994959,-0.994959,2.2221e-09,-1.98991,1.99333e-09,-0.994959,1.98991,6.30644e-09,0.994959,-0.994959,-0.994959,2.98486,-0.994959,3.18806e-09,0.994959,-0.994959,7.29073e-08,0.994959,1.87654e-09,0.994959,9.7679e-09,-5.25339e-09,1.98991,1.51479e-08,0.994959,-1.98991,1.98991,-0.994959
0.994959,-0.994959,-0.994959,-0.994959,1.31316e-09,-1.98991,3.43753e-09,-0.994959,1.98991,3.49114e-09,0.994959,-0.994959,-0.994959,2.98486,-0.994959,5.73033e-09,0.994959,-0.994959,3.23196e-10,0.994959,-4.71723e-09,0.994959,8.89572e-09,-4.12993e-09,1.98991,5.60745e-09,0.994959,-1.98991,1.98991,-0.994959
0.994959,-0.994959,-0.994959,-0.994959,4.72628e-09,-1.98991,2.25353e-09,-0.994959,1.98991,4.44157e-09,0.994959,-0.994959,-0.994959,2.98486,-0.994959,2.28913e-09,0.994959,-0.994959,-9.97734e-09,0.994959,-4.24611e-09,0.994959,9.34165e-09,-1.81556e-08,1.98991,-1.82675e-09,0.994959,-1.98991,1.98991,-0.994959
0.994959,-0.994959,-0.994959,-0.994959,3.46501e-09,-1.98991,1.0824e-08,-0.994959,1.98991,2.85422e-09,0.994959,-0.994959,-0.994959,2.98486,-0.994959,1.41956e-09,0.994959,-0.994959,-2.60479e-09,0.994959,-5.15008e-09,0.994959,9.98922e-09,-1.21578e-08,1.98991,3.22894e-09,0.994959,-1.98991,1.98991,-0.994959
0.994959,-0.994959,-0.994959,-0.994959,4.31256e-09,-1.98991,2.97126e-09,-0.994959,1.98991,3.18501e-09,0.994959,-0.994959,-0.994959,2.98486,-0.994959,-4.27679e-10,0.994959,-0.994959,-8.12087e-09,0.994959,-4.11417e-09,0.994959,8.90737e-09,-9.18624e-10,1.98991,1.88579e-09,0.994959,-1.98991,1.98991,-0.994959
0.994959,-0.994959,-0.994959,-0.994959,4.96283e-10,-1.98991,-1.28722e-08,-0.994959,1.98991,1.72684e-09,0.994959,-0.994959,-0.994959,2.98486,-0.994959,-2.21999e-09,0.994959,-0.994959,-2.94645e-10,0.994959,-4.0974e-09,0.994959,9.16556e-09,-4.35565e-09,1.98991,6.98659e-10,0.994959,-1.98991,1.98991,-0.994959
0.994959,-0.994959,-0.994959,-0.994959,2.73626e-09,-1.98991,9.27157e-10,-0.994959,1.98991,1.55318e-09,0.994959,-0.994959,-0.994959,2.98486,-0.994959,2.44112e-09,0.994959,-0.994959,5.30878e-11,0.994959,-2.46114e-09,0.994959,8.62559e-09,-6.40906e-09,1.98991,-5.1724e-09,0.994959,-1.98991,1.98991,-0.994959
0.994959,-0.994959,-0.994959,-0.994959,5.01977e-09,-1.98991,-6.4976e-10,-0.994959,1.98991,1.64907e-09,0.994959,-0.994959,-0.994959,2.98486,-0.994959,-4.78059e-10,0.994959,-0.994959,-7.73062e-09,0.994959,-5.10405e-09,0.994959,9.36013e-09,-4.07814e-09,1.98991,2.5904e-09,0.994959,-1.98991,1.98991,-0.994959
0.994959,-0.994959,-0.994959,-0.994959,2.28317e-09,-1.98991,5.49305e-09,-0.994959,1.98991,3.50021e-09,0.994959,-0.994959,-0.994959,2.98486,-0.994959,-1.04864e-09,0.994959,-0.994959,6.11186e-09,0.994959,-3.7741e-09,0.994959,9.41095e-09,-2.36372e-09,1.98991,-3.48198e-10,0.994959,-1.98991,1.98991,-0.994959
0.994959,-0.994959,-0.994959,-0.994959,2.91436e-09,-1.98991,2.30944e-09,-0.994959,1.98991,1.61053e-09,0.994959,-0.994959,-0.994959,2.98486,-0.994959,5.62186e-10,0.994959,-0.994959,4.9067e-09,0.994959,-5.86724e-09,0.994959,9.41818e-09,-4.44663e-09,1.98991,-3.55194e-10,0.994959,-1.98991,1.98991,-0.994959
0.994959,-0.994959,-0.994959,-0.994959,3.5761e-09,-1.98991,4.04304e-09,-0.994959,1.98991,8.69921e-09,0.994959,-0.994959,-0.994959,2.98486,-0.994959,1.6084e-09,0.994959,-0.994959,3.07618e-09,0.994959,-5.0544e-09,0.994959,8.6266e-09,3.49015e-09,1.98991,-3.18333e-09,0.994959,-1.98991,1.98991,-0.994959
0.994959,-0.994959,-0.994959,-0.994959,4.29498e-09,-1.98991,2.64718e-09,-0.994959,1.98991,3.32016e-09,0.994959,-0.994959,-0.994959,2.98486,-0.994959,1.05575e-09,0.994959,-0.994959,-2.39801e-09,0.994959,-7.40875e-09,0.994959,1.12665e-08,1.4364e-09,1.98991,2.06122e-10,0.994959,-1.98991,1.98991,-0.994959
0.994959,-0.994959,-0.994959,-0.994959,3.02722e-09,-1.98991,4.22987e-09,-0.994959,1.98991,1.72416e-09,0.994959,-0.994959,-0.994959,2.98486,-0.994959,-2.22611e-09,0.994959,-0.994959,-3.22305e-09,0.994959,-4.83126e-09,0.994959,8.99513e-09,-9.92268e-10,1.98991,-8.17981e-10,0.994959,-1.98991,1.98991,-0.994959
0.994959,-0.994959,-0.994959,-0.994959,1.94859e-09,-1.98991,4.25007e-09,-0.994959,1.98991,2.44273e-09,0.994959,-0.994959,-0.994959,2.98486,-0.994959,-2.23151e-09,0.994959,-0.994959,-5.45389e-09,0.994959,-2.25393e-09,0.994959,8.57591e-09,-2.64541e-09,1.98991,6.63207e-10,0.994959,-1.98991,1.98991,-0.994959
0.994959,-0.994959,-0.994959,-0.994959,3.27191e-09,-1.98991,7.22498e-09,-0.994959,1.98991,2.17909e-09,0.994959,-0.994959,-0.994959,2.98486,-0.994959,8.5473e-10,0.994959,-0.994959,-5.93902e-09,0.994959,-5.50917e-09,0.994959,9.7075e-09,-2.84417e-09,1.98991,6.65857e-09,0.994959,-1.98991,1.98991,-0.994959
0.994959,-0.994959,-0.994959,-0.994959,3.33855e-09,-1.98991,-4.47776e-09,-0.994959,1.98991,3.8595e-09,0.994959,-0.994959,-0.994959,2.98486,-0.994959,2.59857e-09,0.994959,-0.994959,-2.85223e-09,0.994959,-5.54301e-09,0.994959,9.74704e-09,8.64775e-09,1.98991,4.92333e-10,0.994959,-1.98991,1.98991,-0.994959
0.994959,-0.994959,-0.994959,-0.994959,2.88089e-09,-1.98991,2.58106e-09,-0.994959,1.98991,2.5139e-09,0.994959,-0.994959,-0.994959,2.98486,-0.994959,1.72494e-09,0.994959,-0.994959,8.81839e-10,0.994959,-2.34784e-09,0.994959,9.49781e-09,-5.64573e-09,1.98991,-7.8138e-10,0.994959,-1.98991,1.98991,-0.994959
0.994959,-0.994959,-0.994959,-0.994959,4.0562e-09,-1.98991,1.58118e-09,-0.994959,1.98991,6.60392e-10,0.994959,-0.994959,-0.994959,2.98486,-0.994959,7.79492e-09,0.994959,-0.994959,-5.60554e-10,0.994959,-8.50585e-11,0.994959,9.32389e-09,-6.37538e-09,1.98991,3.70041e-09,0.994959,-1.98991,1.98991,-0.994959
0.994959,-0.994959,-0.994959,-0.994959,4.927e-09,-1.98991,3.65353e-09,-0.994959,1.98991,1.99401e-09,0.994959,-0.994959,-0.994959,2.98486,-0.994959,-4.03629e-10,0.994959,-0.994959,2.28939e-10,0.994959,-3.98072e-09,0.994959,9.64587e-09,-3.44991e-09,1.98991,5.6353e-10,0.994959,-1.98991,1.98991,-0.994959
0.994959,-0.994959,-0.994959,-0.994959,4.06405e-09,-1.98991,2.67926e-09,-0.994959,1.98991,4.31577e-09,0.994959,-0.994959,-0.994959,2.98486,-0.994959,2.69389e-09,0.994959,-0.994959,-2.02937e-09,0.994959,-1.66701e-09,0.994959,9.74561e-09,-6.11188e-09,1.98991,-2.26565e-09,0.994959,-1.98991,1.98991,-0.994959
0.994959,-0.994959,-0.994959,-0.994959,1.99782e-09,-1.98991,4.03141e-09,-0.994959,1.98991,1.30083e-09,0.994959,-0.994959,-0.994959,2.98486,-0.994959,1.18437e-09,0.994959,-0.994959,5.89883e-10,0.994959,-3.66161e-09,0.994959,9.11845e-09,-4.59209e-09,1.98991,-5.3432e-09,0.994959,-1.98991,1.98991,-0.994959
0.994959,-0.994959,-0.994959,-0.994959,5.05074e-10,-1.98991,-5.15939e-09,-0.994959,1.98991,3.99458e-09,0.994959,-0.994959,-0.994959,2.98486,-0.994959,-3.88774e-10,0.994959,-0.994959,4.97492e-09,0.994959,-7.22663e-09,0.994959,7.97411e-09,-5.33515e-09,1.98991,1.12505e-09,0.994959,-1.98991,1.98991,-0.994959
0.994959,-0.994959,-0.994959,-0.994959,3.54749e-09,-1.98991,3.77097e-09,-0.994959,1.98991,-7.7752e-09,0.994959,-0.994959,-0.994959,2.98486,-0.994959,2.65664e-09,0.994959,-0.994959,1.32486e-09,0.994959,-5.02855e-09,0.994959,8.71324e-09,-3.78086e-09,1.98991,1.3537e-08,0.994959,-1.98991,1.98991,-0.994959
0.994959,-0.994959,-0.994959,-0.994959,7.21528e-09,-1.98991,3.03665e-09,-0.994959,1.98991,2.21614e-09,0.994959,-0.994959,-0.994959,2.98486,-0.994959,-5.91456e-09,0.994959,-0.994959,-2.70001e-09,0.994959,-5.65483e-09,0.994959,8.63388e-09,-4.70088e-09,1.98991,1.2219e-09,0.994959,-1.98991,1.98991,-0.994959
0.994959,-0.994959,-0.994959,-0.994959,2.08416e-09,-1.98991,3.22945e-09,-0.994959,1.98991,1.03497e-09,0.994959,-0.994959,-0.994959,2.98486,-0.994959,2.81733e-09,0.994959,-0.994959,-3.74245e-09,0.994959,-6.75308e-09,0.994959,8.16872e-09,-3.78197e-09,1.98991,-1.96888e-08,0.994959,-1.98991,1.98991,-0.994959
0.994959,-0.994959,-0.994959,-0.994959,3.50184e-09,-1.98991,2.70866e-09,-0.994959,1.98991,-2.45476e-08,0.994959,-0.994959,-0.994959,2.98486,-0.994959,6.14237e-09,0.994959,-0.994959,9.62941e-09,0.994959,-1.1428e-08,0.994959,9.71967e-09,-3.38253e-09,1.98991,-1.80419e-09,0.994959,-1.98991,1.98991,-0.994959
0.994959,-0.994959,-0.994959,-0.994959,-2.961e-09,-1.98991,4.65748e-09,-0.994959,1.98991,2.27376e-09,0.994959,-0.994959,-0.994959,2.98486,-0.994959,-4.73357e-09,0.994959,-0.994959,-2.02036e-09,0.994959,-7.13268e-09,0.994959,7.79067e-09,-3.19738e-09,1.98991,1.31131e-09,0.994959,-1.98991,1.98991,-0.994959
0.994959,-0.994959,-0.994959,-0.994959,1.19302e-09,-1.98991,5.67017e-09,-0.994959,1.98991,-7.98112e-10,0.994959,-0.994959,-0.994959,2.98486,-0.994959,-3.27688e-09,0.994959,-0.994959,-5.81531e-09,0.994959,-5.18599e-09,0.994959,5.21352e-09,-3.09485e-09,1.98991,1.14202e-09,0.994959,-1.98991,1.98991,-0.994959
0.994959,-0.994959,-0.994959,-0.994959,2.70352e-09,-1.98991,-2.99654e-10,-0.994959,1.98991,3.20319e-09,0.994959,-0.994959,-0.994959,2.98486,-0.994959,8.84916e-10,0.994959,-0.994959,4.93235e-09,0.994959,-4.30231e-09,0.994959,9.95554e-09,7.31729e-09,1.98991,1.492e-09,0.994959,-1.98991,1.98991,-0.994959
0.994959,-0.994959,-0.994959,-0.994959,3.81992e-09,-1.98991,1.85081e-09,-0.994959,1.98991,-6.65518e-11,0.994959,-0.994959,-0.994959,2.98486,-0.994959,-4.80456e-10,0.994959,-0.994959,1.46946e-09,0.994959,-5.03967e-09,0.994959,9.53095e-09,-4.33998e-09,1.98991,4.80669e-09,0.994959,-1.98991,1.98991,-0.994959
0.994959,-0.994959,-0.994959,-0.994959,3.2316e-09,-1.98991,3.30883e-09,-0.994959,1.98991,1.55178e-09,0.994959,-0.994959,-0.994959,2.98486,-0.994959,-1.0184e-09,0.994959,-0.994959,-7.03351e-09,0.994959,-5.66219e-09,0.994959,8.59935e-09,-9.97589e-09,1.98991,3.47868e-10,0.994959,-1.98991,1.98991,-0.994959
0.994959,-0.994959,-0.994959,-0.994959,4.52167e-09,-1.98991,4.24558e-09,-0.994959,1.98991,2.28044e-09,0.994959,-0.994959,-0.994959,2.98486,-0.994959,1.32349e-09,0.994959,-0.994959,-3.24329e-09,0.994959,-1.54836e-09,0.994959,9.75306e-09,-3.55416e-09,1.98991,5.64057e-10,0.994959,-1.98991,1.98991,-0.994959
0.994959,-0.994959,-0.994959,-0.994959,2.5916e-09,-1.98991,4.33412e-09,-0.994959,1.98991,9.73203e-10,0.994959,-0.994959,-0.994959,2.98486,-0.994959,-2.44091e-09,0.994959,-0.994959,4.88505e-09,0.994959,-2.41768e-09,0.994959,9.83317e-09,-2.71406e-09,1.98991,2.15233e-10,0.994959,-1.98991,1.98991,-0.994959
0.994959,-0.994959,-0.994959,-0.994959,6.18564e-09,-1.98991,2.84846e-09,-0.994959,1.98991,-3.82446e-09,0.994959,-0.994959,-0.994959,2.98486,-0.994959,-7.92698e-09,0.994959,-0.994959,2.57881e-09,0.994959,-1.99306e-09,0.994959,9.92081e-09,-4.34796e-09,1.98991,-5.55249e-09,0.994959,-1.98991,1.98991,-0.994959
0.994959,-0.994959,-0.994959,-0.994959,3.2219e-09,-1.98991,-1.11044e-08,-0.994959,1.98991,2.03493e-09,0.994959,-0.994959,-0.994959,2.98486,-0.994959,-2.28799e-09,0.994959,-0.994959,6.31801e-10,0.994959,-6.00968e-09,0.994959,1.30912e-08,-4.01714e-09,1.98991,1.25989e-09,0.994959,-1.98991,1.98991,-0.994959
0.994959,-0.994959,-0.994959,-0.994959,2.60265e-09,-1.98991,6.28155e-09,-0.994959,1.98991,2.13967e-09,0.994959,-0.994959,-0.994959,2.98486,-0.994959,-2.87227e-09,0.994959,-0.994959,4.87756e-11,0.994959,-6.79032e-09,0.994959,1.11495e-08,-1.39902e-09,1.98991,3.76965e-09,0.994959,-1.98991,1.98991,-0.994959
0.994959,-0.994959,-0.994959,-0.994959,2.46381e-09,-1.98991,1.78119e-09,-0.994959,1.98991,2.14858e-09,0.994959,-0.994959,-0.994959,2.98486,-0.994959,1.00519e-09,0.994959,-0.994959,-1.09328e-09,0.994959,-4.45921e-09,0.994959,1.10724e-08,-4.68739e-09,1.98991,2.60414e-09,0.994959,-1.98991,1.98991,-0.994959
0.994959,-0.994959,-0.994959,-0.994959,4.1754e-09,-1.98991,2.13929e-09,-0.994959,1.98991,2.1658e-09,0.994959,-0.994959,-0.994959,2.98486,-0.994959,6.16447e-09,0.994959,-0.994959,-1.33999e-09,0.994959,-4.94089e-09,0.994959,9.66957e-09,-3.51888e-09,1.98991,4.6533e-10,0.994959,-1.98991,1.98991,-0.994959
0.994959,-0.994959,-0.994959,-0.994959,1.34323e-09,-1.98991,7.66538e-09,-0.994959,1.98991,-2.14837e-09,0.994959,-0.994959,-0.994959,2.98486,-0.994959,-2.28616e-09,0.994959,-0.994959,-7.90219e-10,0.994959,-7.39936e-09,0.994959,7.60639e-09,-5.32988e-09,1.98991,-8.68984e-09,0.994959,-1.98991,1.98991,-0.994959
0.994959,-0.994959,-0.994959,-0.994959,3.61695e-09,-1.98991,-2.44311e-10,-0.994959,1.98991,4.35112e-09,0.994959,-0.994959,-0.994959,2.98486,-0.994959,6.37405e-10,0.994959,-0.994959,7.58642e-10,0.994959,-6.57788e-09,0.994959,9.67237e-09,-3.15148e-09,1.98991,-2.00337e-09,0.994959,-1.98991,1.98991,-0.994959
# Iteration 800
0.994959,-0.994959,-0.994959,-0.994959,4.29571e-10,-1.98991,-5.5987e-09,-0.994959,1.98991,4.02834e-09,0.994959,-0.994959,-0.994959,2.98486,-0.994959,5.7433e-09,0.994959,-0.994959,-1.71277e-09,0.994959,-4.52258e-09,0.994959,6.44595e-09,-4.58485e-09,1.98991,-4.94637e-09,0.994959,-1.98991,1.98991,-0.994959
0.994959,-0.994959,-0.994959,-0.994959,-4.48409e-09,-1.98991,-9.67886e-09,-0.994959,1.98991,9.68535e-10,0.994959,-0.994959,-0.994959,2.98486,-0.994959,-3.41836e-09,0.994959,-0.994959,-2.25278e-10,0.994959,-3.79409e-09,0.994959,-3.14569e-10,-3.66505e-09,1.98991,-4.68633e-09,0.994959,-1.98991,1.98991,-0.994959
0.994959,-0.994959,-0.994959,-0.994959,1.98249e-09,-1.98991,-6.39327e-09,-0.994959,1.98991,2.41756e-09,0.994959,-0.994959,-0.994959,2.98486,-0.994959,4.63525e-09,0.994959,-0.994959,-9.99965e-10,0.994959,-4.3601e-09,0.994959,7.41766e-09,-4.55814e-09,1.98991,-5.18952e-09,0.994959,-1.98991,1.98991,-0.994959
0.994959,-0.994959,-0.994959,-0.994959,6.67234e-10,-1.98991,-6.08527e-09,-0.994959,1.98991,1.94596e-09,0.994959,-0.994959,-0.994959,2.98486,-0.994959,4.4587e-09,0.994959,-0.994959,-1.03659e-09,0.994959,-4.10548e-09,0.994959,-1.69082e-09,-4.00902e-09,1.98991,-5.00988e-09,0.994959,-1.98991,1.98991,-0.994959
0.994959,-0.994959,-0.994959,-0.994959,2.37766e-10,-1.98991,-6.3139e-09,-0.994959,1.98991,2.36921e-09,0.994959,-0.994959,-0.994959,2.98486,-0.994959,4.0698e-09,0.994959,-0.994959,-2.95884e-10,0.994959,-4.38108e-09,0.994959,3.90654e-09,-4.52551e-09,1.98991,-5.29642e-09,0.994959,-1.98991,1.98991,-0.994959
0.994959,-0.994959,-0.994959,-0.994959,-1.40612e-10,-1.98991,-5.37439e-09,-0.994959,1.98991,2.29654e-09,0.994959,-0.994959,-0.994959,2.98486,-0.994959,3.89489e-09,0.994959,-0.994959,-2.03138e-09,0.994959,-4.38178e-09,0.994959,4.14177e-09,-4.22489e-09,1.98991,-1.79277e-09,0.994959,-1.98991,1.98991,-0.994959
0.994959,-0.994959,-0.994959,-0.994959,3.66869e-10,-1.98991,-1.28727e-09,-0.994959,1.98991,2.41848e-09,0.994959,-0.994959,-0.994959,2.98486,-0.994959,3.54512e-09,0.994959,-0.994959,-6.22181e-10,0.994959,-4.39047e-09,0.994959,3.37094e-09,-4.50353e-09,1.98991,-4.86887e-09,0.994959,-1.98991,1.98991,-0.994959
0.994959,-0.994959,-0.994959,-0.994959,5.27172e-10,-1.98991,-8.58626e-09,-0.994959,1.98991,2.34342e-09,0.994959,-0.994959,-0.994959,2.98486,-0.994959,5.31354e-09,0.994959,-0.994959,-1.07782e-09,0.994959,-1.48892e-09,0.994959,5.93056e-09,-4.46765e-09,1.98991,-4.7507e-09,0.994959,-1.98991,1.98991,-0.994959
0.994959,-0.994959,-0.994959,-0.994959,-4.54963e-10,-1.98991,-7.15601e-09,-0.994959,1.98991,2.32878e-09,0.994959,-0.994959,-0.994959,2.98486,-0.994959,4.5175e-09,0.994959,-0.994959,-1.06248e-09,0.994959,-4.35279e-09,0.994959,4.09603e-09,-4.63136e-09,1.98991,-5.54324e-09,0.994959,-1.98991,1.98991,-0.994959
0.994959,-0.994959,-0.994959,-0.994959,1.92734e-09,-1.98991,-7.62601e-09,-0.994959,1.98991,2.29193e-09,0.994959,-0.994959,-0.994959,2.98486,-0.994959,4.12602e-09,0.994959,-0.994959,-1.03494e-09,0.994959,-4.33587e-09,0.994959,4.65291e-09,-5.03417e-09,1.98991,-5.38548e-09,0.994959,-1.98991,1.98991,-0.994959
0.994959,-0.994959,-0.994959,-0.994959,1.94076e-10,-1.98991,-7.83417e-09,-0.994959,1.98991,2.33622e-09,0.994959,-0.994959,-0.994959,2.98486,-0.994959,4.07449e-09,0.994959,-0.994959,-1.24512e-09,0.994959,-4.35374e-09,0.994959,-6.1147e-09,-4.61379e-09,1.98991,-3.95498e-09,0.994959,-1.98991,1.98991,-0.994959
0.994959,-0.994959,-0.994959,-0.994959,7.45915e-10,-1.98991,-5.49027e-09,-0.994959,1.98991,2.87462e-09,0.994959,-0.994959,-0.994959,2.98486,-0.994959,4.27088e-09,0.994959,-0.994959,-1.67619e-09,0.994959,-4.28213e-09,0.994959,4.76636e-09,-8.07753e-10,1.98991,-4.0564e-09,0.994959,-1.98991,1.98991,-0.994959
0.994959,-0.994959,-0.994959,-0.994959,5.33568e-10,-1.98991,-6.29877e-09,-0.994959,1.98991,1.93913e-09,0.994959,-0.994959,-0.994959,2.98486,-0.994959,4.13683e-09,0.994959,-0.994959,-7.12608e-10,0.994959,-4.26654e-09,0.994959,4.9713e-09,-4.06412e-09,1.98991,-3.47261e-09,0.994959,-1.98991,1.98991,-0.994959
0.994959,-0.994959,-0.994959,-0.994959,8.05446e-10,-1.98991,-6.0386e-09,-0.994959,1.98991,2.18885e-09,0.994959,-0.994959,-0.994959,2.98486,-0.994959,4.16163e-09,0.994959,-0.994959,-9.38535e-10,0.994959,-4.41935e-09,0.994959,5.30374e-09,-4.27858e-09,1.98991,-5.37777e-09,0.994959,-1.98991,1.98991,-0.994959
0.994959,-0.994959,-0.994959,-0.994959,5.58379e-10,-1.98991,-2.99526e-09,-0.994959,1.98991,2.41695e-09,0.994959,-0.994959,-0.994959,2.98486,-0.994959,5.39802e-09,0.994959,-0.994959,3.41797e-10,0.994959,-4.3518e-09,0.994959,4.34383e-09,-4.19386e-09,1.98991,-5.16732e-09,0.994959,-1.98991,1.98991,-0.994959
0.994959,-0.994959,-0.994959,-0.994959,5.01289e-10,-1.98991,-5.80414e-09,-0.994959,1.98991,2.266e-09,0.994959,-0.994959,-0.994959,2.98486,-0.994959,3.80041e-09,0.994959,-0.994959,5.91724e-11,0.994959,-4.39318e-09,0.994959,-8.5799e-11,-4.90143e-09,1.98991,-5.85446e-09,0.994959,-1.98991,1.98991,-0.994959
0.994959,-0.994959,-0.994959,-0.994959,4.46994e-10,-1.98991,-1.29634e-08,-0.994959,1.98991,1.68828e-09,0.994959,-0.994959,-0.994959,2.98486,-0.994959,-3.17867e-09,0.994959,-0.994959,-2.13512e-09,0.994959,-2.88282e-09,0.994959,1.31161e-09,-5.19874e-09,1.98991,-5.16083e-09,0.994959,-1.98991,1.98991,-0.994959
0.994959,-0.994959,-0.994959,-0.994959,1.28522e-09,-1.98991,-7.50066e-09,-0.994959,1.98991,2.42078e-09,0.994959,-0.994959,-0.994959,2.98486,-0.994959,3.49815e-09,0.994959,-0.994959,-9.9577e-10,0.994959,-4.48038e-09,0.994959,5.6178e-09,-4.63167e-09,1.98991,1.28643e-08,0.994959,-1.98991,1.98991,-0.994959
0.994959,-0.994959,-0.994959,-0.994959,-2.96066e-09,-1.98991,-2.96658e-09,-0.994959,1.98991,1.57185e-09,0.994959,-0.994959,-0.994959,2.98486,-0.994959,3.09733e-10,0.994959,-0.994959,-4.015e-10,0.994959,-4.17884e-09,0.994959,3.80211e-09,-4.62146e-09,1.98991,-4.74933e-09,0.994959,-1.98991,1.98991,-0.994959
0.994959,-0.994959,-0.994959,-0.994959,7.18773e-10,-1.98991,-6.24174e-09,-0.994959,1.98991,2.31757e-09,0.994959,-0.994959,-0.994959,2.98486,-0.994959,5.73921e-09,0.994959,-0.994959,-1.12059e-09,0.994959,-4.44894e-09,0.994959,5.62152e-09,-4.51884e-09,1.98991,-1.60787e-09,0.994959,-1.98991,1.98991,-0.994959
0.994959,-0.994959,-0.994959,-0.994959,-8.98378e-10,-1.98991,-5.76135e-09,-0.994959,1.98991,2.10801e-09,0.994959,-0.994959,-0.994959,2.98486,-0.994959,4.02939e-09,0.994959,-0.994959,-1.32474e-09,0.994959,-4.29915e-09,0.994959,4.25221e-09,-2.48336e-09,1.98991,-6.05774e-09,0.994959,-1.98991,1.98991,-0.994959
0.994959,-0.994959,-0.994959,-0.994959,9.16423e-11,-1.98991,-6.07978e-09,-0.994959,1.98991,2.32783e-09,0.994959,-0.994959,-0.994959,2.98486,-0.994959,4.12124e-09,0.994959,-0.994959,1.57161e-09,0.994959,-4.12895e-09,0.994959,-7.19315e-09,-4.5073e-09,1.98991,-4.69522e-09,0.994959,-1.98991,1.98991,-0.994959
0.994959,-0.994959,-0.994959,-0.994959,1.70232e-09,-1.98991,2.95287e-09,-0.994959,1.98991,2.36074e-09,0.994959,-0.994959,-0.994959,2.98486,-0.994959,-2.45368e-09,0.994959,-0.994959,3.32526e-09,0.994959,-4.25405e-09,0.994959,4.66027e-09,-6.60207e-09,1.98991,-6.21944e-09,0.994959,-1.98991,1.98991,-0.994959
0.994959,-0.994959,-0.994959,-0.994959,1.49653e-09,-1.98991,-6.357e-09,-0.994959,1.98991,2.21875e-09,0.994959,-0.994959,-0.994959,2.98486,-0.994959,4.7321e-09,0.994959,-0.994959,-4.41735e-10,0.994959,-4.63498e-09,0.994959,1.42247e-09,-4.39105e-09,1.98991,-4.85888e-09,0.994959,-1.98991,1.98991,-0.994959
0.994959,-0.994959,-0.994959,-0.994959,-4.0376e-10,-1.98991,-6.10283e-09,-0.994959,1.98991,2.32183e-09,0.994959,-0.994959,-0.994959,2.98486,-0.994959,4.29376e-09,0.994959,-0.994959,5.10686e-09,0.994959,-4.72005e-09,0.994959,1.15021e-08,-4.56771e-09,1.98991,-5.44355e-09,0.994959,-1.98991,1.98991,-0.994959
0.994959,-0.994959,-0.994959,-0.994959,6.52084e-10,-1.98991,-4.65925e-09,-0.994959,1.98991,2.62425e-09,0.994959,-0.994959,-0.994959,2.98486,-0.994959,4.46087e-09,0.994959,-0.994959,-1.4165e-09,0.994959,-4.31295e-09,0.994959,2.03574e-09,-4.47938e-09,1.98991,-5.45744e-09,0.994959,-1.98991,1.98991,-0.994959
0.994959,-0.994959,-0.994959,-0.994959,5.64691e-10,-1.98991,-6.10239e-09,-0.994959,1.98991,2.23589e-09,0.994959,-0.994959,-0.994959,2.98486,-0.994959,4.80348e-09,0.994959,-0.994959,-8.1706e-10,0.994959,-4.34072e-09,0.994959,-1.11043e-09,-4.41006e-09,1.98991,-5.68503e-09,0.994959,-1.98991,1.98991,-0.994959
0.994959,-0.994959,-0.994959,-0.994959,-1.16769e-11,-1.98991,-6.85714e-09,-0.994959,1.98991,8.16688e-10,0.994959,-0.994959,-0.994959,2.98486,-0.994959,3.73404e-09,0.994959,-0.994959,4.81954e-10,0.994959,-3.97195e-09,0.994959,4.61739e-09,-4.39403e-09,1.98991,-4.26694e-09,0.994959,-1.98991,1.98991,-0.994959
0.994959,-0.994959,-0.994959,-0.994959,-7.72783e-10,-1.98991,-4.42629e-09,-0.994959,1.98991,2.11389e-09,0.994959,-0.994959,-0.994959,2.98486,-0.994959,3.88221e-09,0.994959,-0.994959,-1.07248e-09,0.994959,-4.36394e-09,0.994959,2.35971e-09,-4.52996e-09,1.98991,-5.33828e-09,0.994959,-1.98991,1.98991,-0.994959
0.994959,-0.994959,-0.994959,-0.994959,7.18417e-10,-1.98991,-6.24631e-09,-0.994959,1.98991,4.16456e-09,0.994959,-0.994959,-0.994959,2.98486,-0.994959,4.56442e-09,0.994959,-0.994959,-1.98155e-09,0.994959,-3.75814e-09,0.994959,5.81858e-09,-3.87715e-09,1.98991,-5.23348e-09,0.994959,-1.98991,1.98991,-0.994959
0.994959,-0.994959,-0.994959,-0.994959,2.72018e-10,-1.98991,-6.17441e-09,-0.994959,1.98991,2.35638e-09,0.994959,-0.994959,-0.994959,2.98486,-0.994959,7.10283e-09,0.994959,-0.994959,-3.56028e-10,0.994959,-3.23161e-09,0.994959,7.72349e-09,-4.52612e-09,1.98991,-5.15255e-09,0.994959,-1.98991,1.98991,-0.994959
0.994959,-0.994959,-0.994959,-0.994959,5.54019e-10,-1.98991,-6.6032e-09,-0.994959,1.98991,2.24852e-09,0.994959,-0.994959,-0.994959,2.98486,-0.994959,3.44522e-09,0.994959,-0.994959,-7.89855e-10,0.994959,-4.23199e-09,0.994959,2.45311e-09,-5.02014e-09,1.98991,-5.38097e-09,0.994959,-1.98991,1.98991,-0.994959
0.994959,-0.994959,-0.994959,-0.994959,4.8513e-10,-1.98991,-6.49087e-09,-0.994959,1.98991,3.65435e-09,0.994959,-0.994959,-0.994959,2.98486,-0.994959,4.17931e-09,0.994959,-0.994959,-4.52184e-10,0.994959,-4.33966e-09,0.994959,4.54046e-09,-4.52752e-09,1.98991,-1.06361e-09,0.994959,-1.98991,1.98991,-0.994959
0.994959,-0.994959,-0.994959,-0.994959,6.57503e-10,-1.98991,-6.1308e-09,-0.994959,1.98991,2.33553e-09,0.994959,-0.994959,-0.994959,2.98486,-0.994959,4.08197e-09,0.994959,-0.994959,-1.10236e-09,0.994959,-4.34064e-09,0.994959,2.12539e-09,-4.55264e-09,1.98991,-4.70641e-09,0.994959,-1.98991,1.98991,-0.994959
0.994959,-0.994959,-0.994959,-0.994959,6.34558e-10,-1.98991,-1.93797e-09,-0.994959,1.98991,2.8673e-09,0.994959,-0.994959,-0.994959,2.98486,-0.994959,4.0597e-09,0.994959,-0.994959,-7.54186e-10,0.994959,-4.35353e-09,0.994959,6.41153e-09,-4.47097e-09,1.98991,-5.19403e-09,0.994959,-1.98991,1.98991,-0.994959
0.994959,-0.994959,-0.994959,-0.994959,-3.43328e-10,-1.98991,-5.72013e-09,-0.994959,1.98991,2.51035e-09,0.994959,-0.994959,-0.994959,2.98486,-0.994959,4.19888e-09,0.994959,-0.994959,-5.70023e-10,0.994959,-4.18455e-09,0.994959,3.21165e-09,-4.50513e-09,1.98991,-5.23863e-09,0.994959,-1.98991,1.98991,-0.994959
0.994959,-0.994959,-0.994959,-0.994959,5.33591e-10,-1.98991,4.5893e-10,-0.994959,1.98991,2.57711e-09,0.994959,-0.994959,-0.994959,2.98486,-0.994959,4.23966e-09,0.994959,-0.994959,3.26822e-10,0.994959,-3.86567e-09,0.994959,3.76856e-09,-4.89197e-09,1.98991,-2.23312e-09,0.994959,-1.98991,1.98991,-0.994959
0.994959,-0.994959,-0.994959,-0.994959,4.15572e-10,-1.98991,5.20957e-09,-0.994959,1.98991,1.23301e-08,0.994959,-0.994959,-0.994959,2.98486,-0.994959,6.45214e-09,0.994959,-0.994959,1.88274e-09,0.994959,-4.15728e-09,0.994959,9.67725e-10,-4.51834e-09,1.98991,-3.88968e-09,0.994959,-1.98991,1.98991,-0.994959
0.994959,-0.994959,-0.994959,-0.994959,2.80187e-10,-1.98991,-4.15039e-09,-0.994959,1.98991,2.27585e-09,0.994959,-0.994959,-0.994959,2.98486,-0.994959,3.54328e-09,0.994959,-0.994959,-9.99587e-10,0.994959,-4.34094e-09,0.994959,5.75172e-09,-4.481e-09,1.98991,-4.07709e-09,0.994959,-1.98991,1.98991,-0.994959
0.994959,-0.994959,-0.994959,-0.994959,1.10706e-09,-1.98991,-4.98612e-09,-0.994959,1.98991,3.09459e-09,0.994959,-0.994959,-0.994959,2.98486,-0.994959,3.94857e-09,0.994959,-0.994959,-9.54965e-10,0.994959,-4.39302e-09,0.994959,5.48224e-09,-4.51692e-09,1.98991,-3.86258e-09,0.994959,-1.98991,1.98991,-0.994959
0.994959,-0.994959,-0.994959,-0.994959,4.40397e-10,-1.98991,-6.18488e-09,-0.994959,1.98991,2.62323e-09,0.994959,-0.994959,-0.994959,2.98486,-0.994959,4.423e-09,0.994959,-0.994959,-2.0984e-09,0.994959,-4.54433e-09,0.994959,4.28064e-09,-4.38217e-09,1.98991,-5.21188e-09,0.994959,-1.98991,1.98991,-0.994959
0.994959,-0.994959,-0.994959,-0.994959,2.70433e-09,-1.98991,-3.30382e-09,-0.994959,1.98991,2.53055e-09,0.994959,-0.994959,-0.994959,2.98486,-0.994959,4.13386e-09,0.994959,-0.994959,-1.22681e-09,0.994959,-4.50461e-09,0.994959,4.19106e-09,-4.85403e-09,1.98991,-5.7124e-09,0.994959,-1.98991,1.98991,-0.994959
0.994959,-0.994959,-0.994959,-0.994959,1.81556e-09,-1.98991,-6.25867e-09,-0.994959,1.98991,2.32034e-09,0.994959,-0.994959,-0.994959,2.98486,-0.994959,4.04526e-09,0.994959,-0.994959,-4.39115e-09,0.994959,-3.72365e-09,0.994959,1.9942e-09,-4.52881e-09,1.98991,-4.67244e-09,0.994959,-1.98991,1.98991,-0.994959
0.994959,-0.994959,-0.994959,-0.994959,2.13181e-09,-1.98991,-6.22987e-09,-0.994959,1.98991,1.96859e-09,0.994959,-0.994959,-0.994959,2.98486,-0.994959,-4.35505e-09,0.994959,-0.994959,-1.4179e-09,0.994959,-4.18282e-09,0.994959,5.71148e-09,-4.35681e-09,1.98991,-5.19212e-09,0.994959,-1.98991,1.98991,-0.994959
0.994959,-0.994959,-0.994959,-0.994959,-2.70641e-10,-1.98991,-2.5573e-09,-0.994959,1.98991,3.17747e-09,0.994959,-0.994959,-0.994959,2.98486,-0.994959,2.4649e-09,0.994959,-0.994959,-1.04567e-08,0.994959,-4.67412e-09,0.994959,6.1818e-09,-4.2262e-09,1.98991,-5.49951e-09,0.994959,-1.98991,1.98991,-0.994959
0.994959,-0.994959,-0.994959,-0.994959,1.41529e-09,-1.98991,-2.77063e-09,-0.994959,1.98991,2.32336e-09,0.994959,-0.994959,-0.994959,2.98486,-0.994959,2.68007e-09,0.994959,-0.994959,6.83841e-11,0.994959,-4.32145e-09,0.994959,-3.33305e-09,-4.50223e-09,1.98991,5.86666e-09,0.994959,-1.98991,1.98991,-0.994959
0.994959,-0.994959,-0.994959,-0.994959,5.73707e-10,-1.98991,-6.02712e-09,-0.994959,1.98991,2.31649e-09,0.994959,-0.994959,-0.994959,2.98486,-0.994959,3.94977e-09,0.994959,-0.994959,-8.8131e-10,0.994959,-4.78239e-09,0.994959,2.29874e-09,-4.76814e-09,1.98991,-5.44469e-09,0.994959,-1.98991,1.98991,-0.994959
0.994959,-0.994959,-0.994959,-0.994959,4.32363e-13,-1.98991,-4.22011e-09,-0.994959,1.98991,2.34279e-09,0.994959,-0.994959,-0.994959,2.98486,-0.994959,3.88243e-09,0.994959,-0.994959,-9.89484e-10,0.994959,-4.72393e-09,0.994959,4.74723e-09,-4.9927e-09,1.98991,-1.02395e-08,0.994959,-1.98991,1.98991,-0.994959
0.994959,-0.994959,-0.994959,-0.994959,5.52668e-10,-1.98991,-6.43504e-09,-0.994959,1.98991,2.33494e-09,0.994959,-0.994959,-0.994959,2.98486,-0.994959,-3.3397e-09,0.994959,-0.994959,-2.14217e-09,0.994959,-5.0845e-09,0.994959,5.31659e-09,-5.16591e-09,1.98991,-5.6661e-09,0.994959,-1.98991,1.98991,-0.994959
0.994959,-0.994959,-0.994959,-0.994959,5.07218e-10,-1.98991,-6.1468e-09,-0.994959,1.98991,2.32317e-09,0.994959,-0.994959,-0.994959,2.98486,-0.994959,4.06212e-09,0.994959,-0.994959,-9.77718e-10,0.994959,-4.3429e-09,0.994959,4.13337e-09,-4.53021e-09,1.98991,-5.20563e-09,0.994959,-1.98991,1.98991,-0.994959
# Iteration 850
0.994959,-0.994959,-0.994959,-0.994959,9.41716e-10,-1.98991,-6.08351e-09,-0.994959,1.98991,3.50521e-09,0.994959,-0.994959,-0.994959,2.98486,-0.994959,-5.76864e-10,0.994959,-0.994959,-1.6045e-10,0.994959,-3.31255e-09,0.994959,1.90246e-09,-4.71867e-09,1.98991,-5.4163e-09,0.994959,-1.98991,1.98991,-0.994959
0.994959,-0.994959,-0.994959,-0.994959,-9.28632e-10,-1.98991,-5.89203e-09,-0.994959,1.98991,-2.25234e-09,0.994959,-0.994959,-0.994959,2.98486,-0.994959,-8.3872e-09,0.994959,-0.994959,5.71932e-11,0.994959,-4.31033e-09,0.994959,4.31159e-09,-5.52985e-09,1.98991,-4.3688e-09,0.994959,-1.98991,1.98991,-0.994959
0.994959,-0.994959,-0.994959,-0.994959,1.06461e-09,-1.98991,-6.36614e-09,-0.994959,1.98991,2.48144e-09,0.994959,-0.994959,-0.994959,2.98486,-0.994959,4.31623e-09,0.994959,-0.994959,-1.01827e-09,0.994959,-4.36192e-09,0.994959,1.29912e-09,-4.52866e-09,1.98991,-5.15309e-09,0.994959,-1.98991,1.98991,-0.994959
0.994959,-0.994959,-0.994959,-0.994959,4.43864e-10,-1.98991,-6.16969e-09,-0.994959,1.98991,2.54362e-09,0.994959,-0.994959,-0.994959,2.98486,-0.994959,4.05916e-09,0.994959,-0.994959,-9.8385e-10,0.994959,-4.28682e-09,0.994959,1.45682e-09,-4.95555e-09,1.98991,-5.45328e-09,0.994959,-1.98991,1.98991,-0.994959
0.994959,-0.994959,-0.994959,-0.994959,-1.37349e-10,-1.98991,-6.96995e-09,-0.994959,1.98991,2.33518e-09,0.994959,-0.994959,-0.994959,2.98486,-0.994959,3.21522e-09,0.994959,-0.994959,-1.01083e-09,0.994959,-4.34242e-09,0.994959,4.19892e-09,-4.5227e-09,1.98991,-5.1058e-09,0.994959,-1.98991,1.98991,-0.994959
0.994959,-0.994959,-0.994959,-0.994959,2.90969e-09,-1.98991,-4.93869e-09,-0.994959,1.98991,2.33311e-09,0.994959,-0.994959,-0.994959,2.98486,-0.994959,3.60951e-09,0.994959,-0.994959,-1.7717e-09,0.994959,-4.38037e-09,0.994959,4.22207e-09,-4.04025e-09,1.98991,-1.53954e-09,0.994959,-1.98991,1.98991,-0.994959
0.994959,-0.994959,-0.994959,-0.994959,4.35198e-10,-1.98991,-2.15524e-09,-0.994959,1.98991,1.21362e-09,0.994959,-0.994959,-0.994959,2.98486,-0.994959,3.54204e-09,0.994959,-0.994959,-9.21793e-10,0.994959,-4.37024e-09,0.994959,4.1157e-09,-4.7601e-09,1.98991,-5.45788e-09,0.994959,-1.98991,1.98991,-0.994959
0.994959,-0.994959,-0.994959,-0.994959,5.66609e-10,-1.98991,3.78777e-09,-0.994959,1.98991,2.31597e-09,0.994959,-0.994959,-0.994959,2.98486,-0.994959,4.46853e-09,0.994959,-0.994959,-1.06853e-09,0.994959,-3.82441e-09,0.994959,3.85951e-09,-4.46717e-09,1.98991,-3.21751e-09,0.994959,-1.98991,1.98991,-0.994959
0.994959,-0.994959,-0.994959,-0.994959,-5.45264e-10,-1.98991,-6.87451e-09,-0.994959,1.98991,2.32823e-09,0.994959,-0.994959,-0.994959,2.98486,-0.994959,4.29648e-09,0.994959,-0.994959,-1.00181e-09,0.994959,-4.36257e-09,0.994959,4.17918e-09,-4.78757e-09,1.98991,-4.50078e-09,0.994959,-1.98991,1.98991,-0.994959
0.994959,-0.994959,-0.994959,-0.994959,4.39741e-11,-1.98991,-4.70153e-09,-0.994959,1.98991,2.37008e-09,0.994959,-0.994959,-0.994959,2.98486,-0.994959,3.91722e-09,0.994959,-0.994959,-1.00709e-09,0.994959,-4.27201e-09,0.994959,4.64987e-09,-4.4989e-09,1.98991,-5.1192e-09,0.994959,-1.98991,1.98991,-0.994959
0.994959,-0.994959,-0.994959,-0.994959,3.23191e-10,-1.98991,-6.10821e-09,-0.994959,1.98991,2.32946e-09,0.994959,-0.994959,-0.994959,2.98486,-0.994959,4.08918e-09,0.994959,-0.994959,-1.00197e-09,0.994959,-4.33818e-09,0.994959,-1.63142e-09,-4.71247e-09,1.98991,-5.46759e-09,0.994959,-1.98991,1.98991,-0.994959
0.994959,-0.994959,-0.994959,-0.994959,4.92322e-10,-1.98991,-8.70391e-09,-0.994959,1.98991,9.47533e-10,0.994959,-0.994959,-0.994959,2.98486,-0.994959,4.07248e-09,0.994959,-0.994959,-1.24829e-09,0.994959,-4.4504e-09,0.994959,4.85392e-09,-4.84748e-09,1.98991,-4.1593e-09,0.994959,-1.98991,1.98991,-0.994959
0.994959,-0.994959,-0.994959,-0.994959,5.58491e-10,-1.98991,-6.46188e-09,-0.994959,1.98991,2.47891e-09,0.994959,-0.994959,-0.994959,2.98486,-0.994959,3.974e-09,0.994959,-0.994959,-5.25747e-10,0.994959,-4.31363e-09,0.994959,2.71742e-09,1.11822e-09,1.98991,-1.74908e-09,0.994959,-1.98991,1.98991,-0.994959
0.994959,-0.994959,-0.994959,-0.994959,7.43763e-10,-1.98991,-5.74054e-09,-0.994959,1.98991,2.22974e-09,0.994959,-0.994959,-0.994959,2.98486,-0.994959,3.81309e-09,0.994959,-0.994959,-9.73077e-10,0.994959,-4.36217e-09,0.994959,5.46801e-09,-4.45801e-09,1.98991,-5.30587e-09,0.994959,-1.98991,1.98991,-0.994959
0.994959,-0.994959,-0.994959,-0.994959,5.68793e-10,-1.98991,-6.28122e-09,-0.994959,1.98991,2.31815e-09,0.994959,-0.994959,-0.994959,2.98486,-0.994959,4.99124e-09,0.994959,-0.994959,-1.04459e-09,0.994959,-4.33918e-09,0.994959,4.13812e-09,-4.11396e-09,1.98991,-5.36028e-09,0.994959,-1.98991,1.98991,-0.994959
0.994959,-0.994959,-0.994959,-0.994959,1.0021e-09,-1.98991,-5.69184e-09,-0.994959,1.98991,2.56166e-09,0.994959,-0.994959,-0.994959,2.98486,-0.994959,3.86437e-09,0.994959,-0.994959,7.35019e-10,0.994959,-4.38805e-09,0.994959,-3.66105e-09,-4.16278e-09,1.98991,-5.0416e-09,0.994959,-1.98991,1.98991,-0.994959
0.994959,-0.994959,-0.994959,-0.994959,1.08513e-09,-1.98991,6.85343e-09,-0.994959,1.98991,2.88933e-09,0.994959,-0.994959,-0.994959,2.98486,-0.994959,4.55325e-09,0.994959,-0.994959,-2.65995e-09,0.994959,-4.23313e-09,0.994959,2.91835e-09,-4.5169e-09,1.98991,-5.25797e-09,0.994959,-1.98991,1.98991,-0.994959
0.994959,-0.994959,-0.994959,-0.994959,6.57986e-10,-1.98991,-8.35586e-09,-0.994959,1.98991,2.5497e-09,0.994959,-0.994959,-0.994959,2.98486,-0.994959,4.1363e-09,0.994959,-0.994959,-9.72039e-10,0.994959,-4.48827e-09,0.994959,4.20079e-09,-4.55764e-09,1.98991,-4.9502e-09,0.994959,-1.98991,1.98991,-0.994959
0.994959,-0.994959,-0.994959,-0.994959,1.05655e-09,-1.98991,-4.7598e-09,-0.994959,1.98991,2.33997e-09,0.994959,-0.994959,-0.994959,2.98486,-0.994959,5.00339e-09,0.994959,-0.994959,1.17383e-09,0.994959,-4.31138e-09,0.994959,4.69397e-09,-3.1082e-09,1.98991,-5.38359e-09,0.994959,-1.98991,1.98991,-0.994959
0.994959,-0.994959,-0.994959,-0.994959,7.14629e-10,-1.98991,-6.15793e-09,-0.994959,1.98991,2.30836e-09,0.994959,-0.994959,-0.994959,2.98486,-0.994959,3.96535e-09,0.994959,-0.994959,1.94205e-10,0.994959,-4.52645e-09,0.994959,1.38642e-09,-4.50522e-09,1.98991,-1.84115e-09,0.994959,-1.98991,1.98991,-0.994959
0.994959,-0.994959,-0.994959,-0.994959,4.51738e-10,-1.98991,4.38597e-09,-0.994959,1.98991,2.16701e-09,0.994959,-0.994959,-0.994959,2.98486,-0.994959,3.2908e-09,0.994959,-0.994959,-1.15968e-09,0.994959,-4.3643e-09,0.994959,4.29581e-09,-4.47333e-09,1.98991,-1.64214e-08,0.994959,-1.98991,1.98991,-0.994959
0.994959,-0.994959,-0.994959,-0.994959,1.65834e-10,-1.98991,-6.1946e-09,-0.994959,1.98991,2.34384e-09,0.994959,-0.994959,-0.994959,2.98486,-0.994959,4.13459e-09,0.994959,-0.994959,3.62869e-09,0.994959,-4.35246e-09,0.994959,3.16782e-09,-5.01927e-09,1.98991,-5.28155e-09,0.994959,-1.98991,1.98991,-0.994959
0.994959,-0.994959,-0.994959,-0.994959,4.97338e-10,-1.98991,7.73858e-09,-0.994959,1.98991,2.0804e-09,0.994959,-0.994959,-0.994959,2.98486,-0.994959,2.9607e-09,0.994959,-0.994959,5.11185e-09,0.994959,-4.61909e-09,0.994959,5.13229e-09,-2.64507e-09,1.98991,-3.46271e-08,0.994959,-1.98991,1.98991,-0.994959
0.994959,-0.994959,-0.994959,-0.994959,1.82832e-09,-1.98991,-6.1673e-09,-0.994959,1.98991,2.44698e-09,0.994959,-0.994959,-0.994959,2.98486,-0.994959,4.56565e-09,0.994959,-0.994959,2.46495e-10,0.994959,-4.55878e-09,0.994959,2.84966e-09,-4.0702e-09,1.98991,-5.23771e-09,0.994959,-1.98991,1.98991,-0.994959
0.994959,-0.994959,-0.994959,-0.994959,8.62231e-10,-1.98991,-9.15232e-09,-0.994959,1.98991,2.32592e-09,0.994959,-0.994959,-0.994959,2.98486,-0.994959,3.5249e-09,0.994959,-0.994959,2.59684e-09,0.994959,-4.72987e-09,0.994959,6.3466e-09,-4.12161e-09,1.98991,-5.85818e-09,0.994959,-1.98991,1.98991,-0.994959
0.994959,-0.994959,-0.994959,-0.994959,3.03611e-10,-1.98991,-6.21377e-09,-0.994959,1.98991,2.33084e-09,0.994959,-0.994959,-0.994959,2.98486,-0.994959,4.37868e-09,0.994959,-0.994959,-8.18255e-10,0.994959,-4.34596e-09,0.994959,1.28904e-09,-4.44532e-09,1.98991,-5.44381e-09,0.994959,-1.98991,1.98991,-0.994959
0.994959,-0.994959,-0.994959,-0.994959,5.73925e-10,-1.98991,-6.08066e-09,-0.994959,1.98991,2.31146e-09,0.994959,-0.994959,-0.994959,2.98486,-0.994959,4.0995e-09,0.994959,-0.994959,2.36394e-10,0.994959,-4.46494e-09,0.994959,-1.8876e-10,-4.13145e-09,1.98991,2.7517e-10,0.994959,-1.98991,1.98991,-0.994959
0.994959,-0.994959,-0.994959,-0.994959,3.55056e-09,-1.98991,-6.10806e-09,-0.994959,1.98991,3.01271e-09,0.994959,-0.994959,-0.994959,2.98486,-0.994959,4.04659e-09,0.994959,-0.994959,-6.96772e-10,0.994959,-5.11e-09,0.994959,4.2879e-09,-4.36772e-09,1.98991,-5.872e-09,0.994959,-1.98991,1.98991,-0.994959
0.994959,-0.994959,-0.994959,-0.994959,-2.0658e-09,-1.98991,-6.47128e-09,-0.994959,1.98991,2.24238e-09,0.994959,-0.994959,-0.994959,2.98486,-0.994959,4.0236e-09,0.994959,-0.994959,-1.00642e-09,0.994959,-4.91403e-09,0.994959,2.26352e-10,-4.52755e-09,1.98991,-5.26113e-09,0.994959,-1.98991,1.98991,-0.994959
0.994959,-0.994959,-0.994959,-0.994959,5.59501e-10,-1.98991,-5.65197e-09,-0.994959,1.98991,3.4232e-09,0.994959,-0.994959,-0.994959,2.98486,-0.994959,3.86614e-09,0.994959,-0.994959,-1.01394e-09,0.994959,-3.41743e-09,0.994959,3.55142e-09,-4.53922e-09,1.98991,-5.22291e-09,0.994959,-1.98991,1.98991,-0.994959
0.994959,-0.994959,-0.994959,-0.994959,3.45915e-10,-1.98991,-8.99734e-09,-0.994959,1.98991,2.41613e-09,0.994959,-0.994959,-0.994959,2.98486,-0.994959,4.9506e-09,0.994959,-0.994959,-1.94513e-09,0.994959,-4.37942e-09,0.994959,-9.65251e-09,-4.49301e-09,1.98991,-4.50559e-09,0.994959,-1.98991,1.98991,-0.994959
0.994959,-0.994959,-0.994959,-0.994959,6.46221e-10,-1.98991,-7.89774e-09,-0.994959,1.98991,3.16289e-09,0.994959,-0.994959,-0.994959,2.98486,-0.994959,3.7557e-09,0.994959,-0.994959,-1.65911e-09,0.994959,-4.40161e-09,0.994959,1.06138e-09,-4.63736e-09,1.98991,-5.13052e-09,0.994959,-1.98991,1.98991,-0.994959
0.994959,-0.994959,-0.994959,-0.994959,5.71346e-10,-1.98991,-4.73782e-09,-0.994959,1.98991,3.43995e-09,0.994959,-0.994959,-0.994959,2.98486,-0.994959,2.2495e-09,0.994959,-0.994959,-1.84904e-09,0.994959,-4.35211e-09,0.994959,4.98783e-09,-4.50303e-09,1.98991,-5.14693e-09,0.994959,-1.98991,1.98991,-0.994959
0.994959,-0.994959,-0.994959,-0.994959,5.68085e-10,-1.98991,-6.11547e-09,-0.994959,1.98991,2.329e-09,0.994959,-0.994959,-0.994959,2.98486,-0.994959,4.07951e-09,0.994959,-0.994959,-1.08998e-09,0.994959,-4.34309e-09,0.994959,-4.5244e-11,-4.50542e-09,1.98991,-1.0012e-09,0.994959,-1.98991,1.98991,-0.994959
0.994959,-0.994959,-0.994959,-0.994959,4.47966e-10,-1.98991,-6.17928e-09,-0.994959,1.98991,2.44458e-09,0.994959,-0.994959,-0.994959,2.98486,-0.994959,4.06453e-09,0.994959,-0.994959,-1.0329e-09,0.994959,-4.35183e-09,0.994959,4.62536e-09,-4.58581e-09,1.98991,-5.2093e-09,0.994959,-1.98991,1.98991,-0.994959
0.994959,-0.994959,-0.994959,-0.994959,7.76759e-10,-1.98991,-4.874e-09,-0.994959,1.98991,2.17211e-09,0.994959,-0.994959,-0.994959,2.98486,-0.994959,3.50717e-09,0.994959,-0.994959,-1.90222e-11,0.994959,-3.6524e-09,0.994959,4.6366e-09,-4.5324e-09,1.98991,-5.27639e-09,0.994959,-1.98991,1.98991,-0.994959
0.994959,-0.994959,-0.994959,-0.994959,4.2676e-10,-1.98991,4.02359e-09,-0.994959,1.98991,2.14818e-09,0.994959,-0.994959,-0.994959,2.98486,-0.994959,-8.40242e-10,0.994959,-0.994959,-4.14591e-11,0.994959,-4.42561e-09,0.994959,4.29615e-09,-4.84646e-09,1.98991,-1.95391e-09,0.994959,-1.98991,1.98991,-0.994959
0.994959,-0.994959,-0.994959,-0.994959,1.41532e-09,-1.98991,-3.91621e-11,-0.994959,1.98991,-8.35891e-09,0.994959,-0.994959,-0.994959,2.98486,-0.994959,3.58749e-09,0.994959,-0.994959,1.3203e-09,0.994959,-4.31484e-09,0.994959,1.40066e-09,-4.49676e-09,1.98991,-4.9724e-09,0.994959,-1.98991,1.98991,-0.994959
0.994959,-0.994959,-0.994959,-0.994959,8.52479e-10,-1.98991,-3.31908e-09,-0.994959,1.98991,2.29918e-09,0.994959,-0.994959,-0.994959,2.98486,-0.994959,3.19053e-09,0.994959,-0.994959,-9.83774e-10,0.994959,-4.34542e-09,0.994959,4.80064e-09,-4.47307e-09,1.98991,-4.7892e-09,0.994959,-1.98991,1.98991,-0.994959
0.994959,-0.994959,-0.994959,-0.994959,1.79644e-09,-1.98991,-4.07296e-09,-0.994959,1.98991,4.33212e-09,0.994959,-0.994959,-0.994959,2.98486,-0.994959,4.54563e-09,0.994959,-0.994959,-1.00455e-09,0.994959,-4.40601e-09,0.994959,3.69511e-09,-4.52063e-09,1.98991,-5.31623e-09,0.994959,-1.98991,1.98991,-0.994959
0.994959,-0.994959,-0.994959,-0.994959,4.20444e-10,-1.98991,-6.15047e-09,-0.994959,1.98991,2.45056e-09,0.994959,-0.994959,-0.994959,2.98486,-0.994959,4.93238e-09,0.994959,-0.994959,4.02526e-09,0.994959,-4.91149e-09,0.994959,4.23582e-09,-4.47763e-09,1.98991,-5.30019e-09,0.994959,-1.98991,1.98991,-0.994959
0.994959,-0.994959,-0.994959,-0.994959,1.58924e-09,-1.98991,-4.35901e-09,-0.994959,1.98991,2.38047e-09,0.994959,-0.994959,-0.994959,2.98486,-0.994959,4.08695e-09,0.994959,-0.994959,-1.17793e-09,0.994959,-4.33172e-09,0.994959,4.2062e-09,-4.79742e-09,1.98991,-5.18425e-09,0.994959,-1.98991,1.98991,-0.994959
0.994959,-0.994959,-0.994959,-0.994959,7.5656e-10,-1.98991,-6.08941e-09,-0.994959,1.98991,2.33027e-09,0.994959,-0.994959,-0.994959,2.98486,-0.994959,4.06838e-09,0.994959,-0.994959,-2.69348e-09,0.994959,-4.14221e-09,0.994959,2.04551e-09,-4.51419e-09,1.98991,-4.0565e-09,0.994959,-1.98991,1.98991,-0.994959
0.994959,-0.994959,-0.994959,-0.994959,1.06882e-09,-1.98991,-6.94103e-09,-0.994959,1.98991,2.21924e-09,0.994959,-0.994959,-0.994959,2.98486,-0.994959,-1.58779e-09,0.994959,-0.994959,-1.18939e-09,0.994959,-4.31056e-09,0.994959,4.34679e-09,-4.28629e-09,1.98991,-5.16292e-09,0.994959,-1.98991,1.98991,-0.994959
0.994959,-0.994959,-0.994959,-0.994959,7.11833e-10,-1.98991,-6.21354e-09,-0.994959,1.98991,2.06471e-09,0.994959,-0.994959,-0.994959,2.98486,-0.994959,3.82103e-09,0.994959,-0.994959,4.85974e-11,0.994959,-4.45451e-09,0.994959,3.12037e-09,-4.77473e-09,1.98991,-5.20681e-09,0.994959,-1.98991,1.98991,-0.994959
0.994959,-0.994959,-0.994959,-0.994959,-1.63603e-09,-1.98991,1.2347e-09,-0.994959,1.98991,2.33246e-09,0.994959,-0.994959,-0.994959,2.98486,-0.994959,3.02109e-09,0.994959,-0.994959,-1.8825e-10,0.994959,-4.31973e-09,0.994959,7.23941e-10,-4.69568e-09,1.98991,1.81123e-09,0.994959,-1.98991,1.98991,-0.994959
0.994959,-0.994959,-0.994959,-0.994959,5.70408e-10,-1.98991,-5.87299e-09,-0.994959,1.98991,2.32045e-09,0.994959,-0.994959,-0.994959,2.98486,-0.994959,4.12529e-09,0.994959,-0.994959,-9.99218e-10,0.994959,-4.31433e-09,0.994959,2.26928e-09,-4.75714e-09,1.98991,-4.26186e-09,0.994959,-1.98991,1.98991,-0.994959
0.994959,-0.994959,-0.994959,-0.994959,3.73858e-10,-1.98991,-4.53816e-09,-0.994959,1.98991,2.32888e-09,0.994959,-0.994959,-0.994959,2.98486,-0.994959,3.88492e-09,0.994959,-0.994959,-1.2755e-09,0.994959,-4.71492e-09,0.994959,2.86949e-09,-3.80195e-09,1.98991,-2.43604e-10,0.994959,-1.98991,1.98991,-0.994959
0.994959,-0.994959,-0.994959,-0.994959,6.63539e-10,-1.98991,-5.76217e-09,-0.994959,1.98991,2.33176e-09,0.994959,-0.994959,-0.994959,2.98486,-0.994959,1.73574e-09,0.994959,-0.994959,-8.35878e-09,0.994959,-4.56934e-09,0.994959,1.79462e-08,-4.34146e-09,1.98991,-5.24422e-09,0.994959,-1.98991,1.98991,-0.994959
0.994959,-0.994959,-0.994959,-0.994959,5.66766e-10,-1.98991,-6.13804e-09,-0.994959,1.98991,2.32814e-09,0.994959,-0.994959,-0.994959,2.98486,-0.994959,4.07086e-09,0.994959,-0.994959,-1.02e-09,0.994959,-4.34211e-09,0.994959,4.17052e-09,-4.51732e-09,1.98991,-5.22338e-09,0.994959,-1.98991,1.98991,-0.994959
# Iteration 900
0.994959,-0.994959,-0.994959,-0.994959,9.7092e-10,-1.98991,-4.21959e-09,-0.994959,1.98991,4.09131e-09,0.994959,-0.994959,-0.994959,2.98486,-0.994959,3.46584e-09,0.994959,-0.994959,7.56905e-10,0.994959,-5.13384e-09,0.994959,2.63682e-09,-4.34565e-09,1.98991,-4.51026e-09,0.994959,-1.98991,1.98991,-0.994959
0.994959,-0.994959,-0.994959,-0.994959,-2.17663e-09,-1.98991,-1.8188e-09,-0.994959,1.98991,1.88799e-09,0.994959,-0.994959,-0.994959,2.98486,-0.994959,-1.13194e-08,0.994959,-0.994959,-1.96065e-09,0.994959,-3.96147e-09,0.994959,2.78833e-09,-3.4312e-09,1.98991,-4.21773e-09,0.994959,-1.98991,1.98991,-0.994959
0.994959,-0.994959,-0.994959,-0.994959,1.31556e-09,-1.98991,-6.47137e-09,-0.994959,1.98991,2.02679e-09,0.994959,-0.994959,-0.994959,2.98486,-0.994959,4.292e-09,0.994959,-0.994959,-1.00893e-09,0.994959,-4.34499e-09,0.994959,5.49853e-09,-4.57779e-09,1.98991,-5.23844e-09,0.994959,-1.98991,1.98991,-0.994959
0.994959,-0.994959,-0.994959,-0.994959,6.79304e-10,-1.98991,-6.13714e-09,-0.994959,1.98991,1.61733e-09,0.994959,-0.994959,-0.994959,2.98486,-0.994959,4.08991e-09,0.994959,-0.994959,-1.04066e-09,0.994959,-4.26728e-09,0.994959,1.03123e-08,-4.42502e-09,1.98991,-5.45817e-09,0.994959,-1.98991,1.98991,-0.994959
0.994959,-0.994959,-0.994959,-0.994959,4.48535e-10,-1.98991,-6.481e-09,-0.994959,1.98991,2.43142e-09,0.994959,-0.994959,-0.994959,2.98486,-0.994959,4.70888e-09,0.994959,-0.994959,-6.5229e-10,0.994959,-4.46999e-09,0.994959,3.95294e-09,-4.52153e-09,1.98991,-4.8829e-09,0.994959,-1.98991,1.98991,-0.994959
0.994959,-0.994959,-0.994959,-0.994959,6.54991e-09,-1.98991,-3.84657e-09,-0.994959,1.98991,2.29694e-09,0.994959,-0.994959,-0.994959,2.98486,-0.994959,3.67044e-09,0.994959,-0.994959,-2.07484e-09,0.994959,-4.36028e-09,0.994959,4.2303e-09,-4.18399e-09,1.98991,-4.43361e-09,0.994959,-1.98991,1.98991,-0.994959
0.994959,-0.994959,-0.994959,-0.994959,2.22753e-10,-1.98991,8.35036e-09,-0.994959,1.98991,2.43035e-09,0.994959,-0.994959,-0.994959,2.98486,-0.994959,4.08484e-09,0.994959,-0.994959,-6.64681e-10,0.994959,-4.39716e-09,0.994959,3.67272e-09,-4.62566e-09,1.98991,-5.82619e-09,0.994959,-1.98991,1.98991,-0.994959
0.994959,-0.994959,-0.994959,-0.994959,5.66247e-10,-1.98991,-5.38865e-09,-0.994959,1.98991,2.3502e-09,0.994959,-0.994959,-0.994959,2.98486,-0.994959,4.16457e-09,0.994959,-0.994959,-1.05676e-09,0.994959,-3.40053e-09,0.994959,4.82097e-09,-4.47197e-09,1.98991,-3.25979e-09,0.994959,-1.98991,1.98991,-0.994959
0.994959,-0.994959,-0.994959,-0.994959,7.48486e-11,-1.98991,-6.19293e-09,-0.994959,1.98991,2.32927e-09,0.994959,-0.994959,-0.994959,2.98486,-0.994959,3.92064e-09,0.994959,-0.994959,-1.01322e-09,0.994959,-4.38607e-09,0.994959,4.19103e-09,-4.76579e-09,1.98991,-4.1759e-09,0.994959,-1.98991,1.98991,-0.994959
0.994959,-0.994959,-0.994959,-0.994959,1.03876e-09,-1.98991,-6.08871e-09,-0.994959,1.98991,2.08987e-09,0.994959,-0.994959,-0.994959,2.98486,-0.994959,3.91904e-09,0.994959,-0.994959,-1.011e-09,0.994959,-4.31963e-09,0.994959,5.23023e-09,-4.38279e-09,1.98991,-5.18066e-09,0.994959,-1.98991,1.98991,-0.994959
0.994959,-0.994959,-0.994959,-0.994959,3.39947e-10,-1.98991,-6.95652e-09,-0.994959,1.98991,2.32723e-09,0.994959,-0.994959,-0.994959,2.98486,-0.994959,4.14101e-09,0.994959,-0.994959,-9.86174e-10,0.994959,-4.34778e-09,0.994959,6.17637e-09,-4.62267e-09,1.98991,-5.39719e-09,0.994959,-1.98991,1.98991,-0.994959
0.994959,-0.994959,-0.994959,-0.994959,4.24906e-10,-1.98991,-4.99992e-09,-0.994959,1.98991,3.16519e-09,0.994959,-0.994959,-0.994959,2.98486,-0.994959,4.0266e-09,0.994959,-0.994959,-1.20192e-09,0.994959,-4.45409e-09,0.994959,3.82967e-09,-1.70591e-09,1.98991,-6.2841e-09,0.994959,-1.98991,1.98991,-0.994959
0.994959,-0.994959,-0.994959,-0.994959,5.53937e-10,-1.98991,-5.85151e-09,-0.994959,1.98991,2.75388e-09,0.994959,-0.994959,-0.994959,2.98486,-0.994959,4.50963e-09,0.994959,-0.994959,4.56032e-10,0.994959,-4.07091e-09,0.994959,1.90264e-09,-2.32163e-09,1.98991,-4.86417e-09,0.994959,-1.98991,1.98991,-0.994959
0.994959,-0.994959,-0.994959,-0.994959,6.42386e-10,-1.98991,-6.55359e-09,-0.994959,1.98991,2.33608e-09,0.994959,-0.994959,-0.994959,2.98486,-0.994959,4.37243e-09,0.994959,-0.994959,-1.03051e-09,0.994959,-4.3478e-09,0.994959,6.78481e-09,-4.23989e-09,1.98991,-5.26335e-09,0.994959,-1.98991,1.98991,-0.994959
0.994959,-0.994959,-0.994959,-0.994959,5.66475e-10,-1.98991,-5.58007e-09,-0.994959,1.98991,2.33851e-09,0.994959,-0.994959,-0.994959,2.98486,-0.994959,4.39365e-09,0.994959,-0.994959,-1.05389e-09,0.994959,-4.33882e-09,0.994959,4.17496e-09,-4.57846e-09,1.98991,-5.57479e-09,0.994959,-1.98991,1.98991,-0.994959
0.994959,-0.994959,-0.994959,-0.994959,-1.141e-09,-1.98991,-5.98655e-09,-0.994959,1.98991,2.3503e-09,0.994959,-0.994959,-0.994959,2.98486,-0.994959,3.66937e-09,0.994959,-0.994959,1.42294e-09,0.994959,-4.36914e-09,0.994959,9.21397e-09,-4.18609e-09,1.98991,-5.86238e-09,0.994959,-1.98991,1.98991,-0.994959
0.994959,-0.994959,-0.994959,-0.994959,7.02779e-10,-1.98991,-2.83359e-09,-0.994959,1.98991,3.12262e-09,0.994959,-0.994959,-0.994959,2.98486,-0.994959,4.42082e-09,0.994959,-0.994959,-2.24557e-09,0.994959,-6.8068e-09,0.994959,-7.4996e-09,-4.53985e-09,1.98991,-5.2591e-09,0.994959,-1.98991,1.98991,-0.994959
0.994959,-0.994959,-0.994959,-0.994959,5.75572e-10,-1.98991,-4.86967e-09,-0.994959,1.98991,2.28378e-09,0.994959,-0.994959,-0.994959,2.98486,-0.994959,4.02732e-09,0.994959,-0.994959,-1.02066e-09,0.994959,-4.46705e-09,0.994959,4.17038e-09,-4.61906e-09,1.98991,-4.71219e-09,0.994959,-1.98991,1.98991,-0.994959
0.994959,-0.994959,-0.994959,-0.994959,4.11721e-09,-1.98991,-2.33148e-09,-0.994959,1.98991,2.14723e-09,0.994959,-0.994959,-0.994959,2.98486,-0.994959,6.00102e-09,0.994959,-0.994959,-4.42068e-09,0.994959,-4.30222e-09,0.994959,3.34118e-09,-3.96552e-09,1.98991,-5.35315e-09,0.994959,-1.98991,1.98991,-0.994959
0.994959,-0.994959,-0.994959,-0.994959,3.64613e-10,-1.98991,-6.14187e-09,-0.994959,1.98991,2.30503e-09,0.994959,-0.994959,-0.994959,2.98486,-0.994959,4.147e-09,0.994959,-0.994959,-5.74771e-10,0.994959,-4.36264e-09,0.994959,6.23422e-09,-4.48071e-09,1.98991,-4.58628e-09,0.994959,-1.98991,1.98991,-0.994959
0.994959,-0.994959,-0.994959,-0.994959,5.53055e-10,-1.98991,-6.56579e-09,-0.994959,1.98991,2.27012e-09,0.994959,-0.994959,-0.994959,2.98486,-0.994959,2.663e-09,0.994959,-0.994959,-1.03308e-09,0.994959,-4.37257e-09,0.994959,4.31355e-09,-3.85479e-09,1.98991,-3.43262e-09,0.994959,-1.98991,1.98991,-0.994959
0.994959,-0.994959,-0.994959,-0.994959,-9.43864e-10,-1.98991,-6.20539e-09,-0.994959,1.98991,2.36791e-09,0.994959,-0.994959,-0.994959,2.98486,-0.994959,4.06519e-09,0.994959,-0.994959,-6.65434e-09,0.994959,-4.33355e-09,0.994959,3.5047e-09,-5.06788e-09,1.98991,-5.13898e-09,0.994959,-1.98991,1.98991,-0.994959
0.994959,-0.994959,-0.994959,-0.994959,-1.13508e-09,-1.98991,6.88121e-09,-0.994959,1.98991,2.16827e-09,0.994959,-0.994959,-0.994959,2.98486,-0.994959,4.051e-09,0.994959,-0.994959,7.59796e-09,0.994959,-4.39441e-09,0.994959,3.4523e-09,-4.76959e-09,1.98991,6.6698e-09,0.994959,-1.98991,1.98991,-0.994959
0.994959,-0.994959,-0.994959,-0.994959,1.0824e-09,-1.98991,-6.21594e-09,-0.994959,1.98991,2.37409e-09,0.994959,-0.994959,-0.994959,2.98486,-0.994959,4.43728e-09,0.994959,-0.994959,-8.79126e-10,0.994959,-4.13084e-09,0.994959,3.36814e-09,-4.12844e-09,1.98991,-4.7457e-09,0.994959,-1.98991,1.98991,-0.994959
0.994959,-0.994959,-0.994959,-0.994959,-2.63965e-10,-1.98991,-6.91523e-09,-0.994959,1.98991,2.3262e-09,0.994959,-0.994959,-0.994959,2.98486,-0.994959,4.28829e-09,0.994959,-0.994959,6.4008e-10,0.994959,-5.26468e-09,0.994959,4.76696e-09,-4.52405e-09,1.98991,-4.79379e-09,0.994959,-1.98991,1.98991,-0.994959
0.994959,-0.994959,-0.994959,-0.994959,3.64447e-10,-1.98991,-2.11044e-09,-0.994959,1.98991,2.63965e-09,0.994959,-0.994959,-0.994959,2.98486,-0.994959,3.4183e-09,0.994959,-0.994959,-9.15171e-10,0.994959,-4.31044e-09,0.994959,2.44299e-09,-4.49184e-09,1.98991,-5.11214e-09,0.994959,-1.98991,1.98991,-0.994959
0.994959,-0.994959,-0.994959,-0.994959,5.76971e-10,-1.98991,-6.04944e-09,-0.994959,1.98991,2.28711e-09,0.994959,-0.994959,-0.994959,2.98486,-0.994959,5.38469e-09,0.994959,-0.994959,-1.95575e-09,0.994959,-4.44601e-09,0.994959,9.32114e-10,-4.61721e-09,1.98991,-2.56469e-09,0.994959,-1.98991,1.98991,-0.994959
0.994959,-0.994959,-0.994959,-0.994959,1.90497e-09,-1.98991,-6.80966e-09,-0.994959,1.98991,1.36429e-09,0.994959,-0.994959,-0.994959,2.98486,-0.994959,3.6154e-09,0.994959,-0.994959,1.07295e-10,0.994959,-4.32859e-09,0.994959,3.86692e-09,-4.44388e-09,1.98991,-4.65761e-09,0.994959,-1.98991,1.98991,-0.994959
0.994959,-0.994959,-0.994959,-0.994959,2.15159e-09,-1.98991,-4.70524e-09,-0.994959,1.98991,2.06829e-09,0.994959,-0.994959,-0.994959,2.98486,-0.994959,4.00399e-09,0.994959,-0.994959,-1.0398e-09,0.994959,-4.4356e-09,0.994959,1.87534e-09,-4.49821e-09,1.98991,-5.49818e-09,0.994959,-1.98991,1.98991,-0.994959
0.994959,-0.994959,-0.994959,-0.994959,5.78782e-10,-1.98991,-6.11154e-09,-0.994959,1.98991,1.93988e-10,0.994959,-0.994959,-0.994959,2.98486,-0.994959,4.03359e-09,0.994959,-0.994959,-1.01432e-09,0.994959,-3.92932e-09,0.994959,2.85498e-09,-4.43468e-09,1.98991,-5.22086e-09,0.994959,-1.98991,1.98991,-0.994959
0.994959,-0.994959,-0.994959,-0.994959,5.99704e-10,-1.98991,-1.73041e-09,-0.994959,1.98991,2.35886e-09,0.994959,-0.994959,-0.994959,2.98486,-0.994959,4.39186e-09,0.994959,-0.994959,-2.83174e-09,0.994959,-3.98378e-09,0.994959,-7.32132e-09,-4.5104e-09,1.98991,-5.90459e-09,0.994959,-1.98991,1.98991,-0.994959
0.994959,-0.994959,-0.994959,-0.994959,7.53337e-10,-1.98991,-5.42185e-09,-0.994959,1.98991,2.41906e-09,0.994959,-0.994959,-0.994959,2.98486,-0.994959,3.14131e-09,0.994959,-0.994959,-2.36903e-09,0.994959,-4.32799e-09,0.994959,3.84427e-09,-5.66081e-09,1.98991,-5.10945e-09,0.994959,-1.98991,1.98991,-0.994959
0.994959,-0.994959,-0.994959,-0.994959,5.36625e-10,-1.98991,-6.31709e-09,-0.994959,1.98991,1.69831e-09,0.994959,-0.994959,-0.994959,2.98486,-0.994959,5.8547e-10,0.994959,-0.994959,-5.53057e-10,0.994959,-4.34384e-09,0.994959,5.25219e-09,-4.49223e-09,1.98991,-4.8929e-09,0.994959,-1.98991,1.98991,-0.994959
0.994959,-0.994959,-0.994959,-0.994959,6.26388e-10,-1.98991,-6.1186e-09,-0.994959,1.98991,2.32269e-09,0.994959,-0.994959,-0.994959,2.98486,-0.994959,4.0912e-09,0.994959,-0.994959,-1.11213e-09,0.994959,-4.34232e-09,0.994959,-4.48887e-09,-4.52314e-09,1.98991,-4.78416e-09,0.994959,-1.98991,1.98991,-0.994959
0.994959,-0.994959,-0.994959,-0.994959,8.24016e-10,-1.98991,-6.46759e-09,-0.994959,1.98991,2.99942e-09,0.994959,-0.994959,-0.994959,2.98486,-0.994959,4.0624e-09,0.994959,-0.994959,-1.19755e-09,0.994959,-4.33452e-09,0.994959,6.03562e-09,-4.50599e-09,1.98991,-5.24177e-09,0.994959,-1.98991,1.98991,-0.994959
0.994959,-0.994959,-0.994959,-0.994959,2.34642e-10,-1.98991,-5.3138e-09,-0.994959,1.98991,2.11933e-09,0.994959,-0.994959,-0.994959,2.98486,-0.994959,4.38e-09,0.994959,-0.994959,-4.45794e-10,0.994959,-4.05202e-09,0.994959,4.48477e-09,-4.58855e-09,1.98991,-5.1941e-09,0.994959,-1.98991,1.98991,-0.994959
0.994959,-0.994959,-0.994959,-0.994959,6.48867e-10,-1.98991,-5.78703e-09,-0.994959,1.98991,2.53052e-09,0.994959,-0.994959,-0.994959,2.98486,-0.994959,2.54772e-09,0.994959,-0.994959,-6.93977e-10,0.994959,-3.85448e-09,0.994959,4.14389e-09,-4.59437e-09,1.98991,-8.41873e-09,0.994959,-1.98991,1.98991,-0.994959
0.994959,-0.994959,-0.994959,-0.994959,6.48248e-10,-1.98991,1.52767e-09,-0.994959,1.98991,5.40812e-10,0.994959,-0.994959,-0.994959,2.98486,-0.994959,4.48154e-09,0.994959,-0.994959,2.0466e-09,0.994959,-4.86374e-09,0.994959,1.94471e-09,-4.51152e-09,1.98991,-4.26336e-09,0.994959,-1.98991,1.98991,-0.994959
0.994959,-0.994959,-0.994959,-0.994959,-3.40359e-10,-1.98991,-5.64918e-09,-0.994959,1.98991,2.24706e-09,0.994959,-0.994959,-0.994959,2.98486,-0.994959,3.98872e-09,0.994959,-0.994959,-9.88981e-10,0.994959,-4.34992e-09,0.994959,4.81105e-09,-4.23505e-09,1.98991,-5.0727e-09,0.994959,-1.98991,1.98991,-0.994959
0.994959,-0.994959,-0.994959,-0.994959,1.61511e-09,-1.98991,-4.60793e-09,-0.994959,1.98991,2.49232e-09,0.994959,-0.994959,-0.994959,2.98486,-0.994959,3.18066e-09,0.994959,-0.994959,-1.00693e-09,0.994959,-4.46777e-09,0.994959,1.97371e-09,-4.51702e-09,1.98991,-3.50937e-09,0.994959,-1.98991,1.98991,-0.994959
0.994959,-0.994959,-0.994959,-0.994959,4.39257e-10,-1.98991,-5.99176e-09,-0.994959,1.98991,2.29934e-09,0.994959,-0.994959,-0.994959,2.98486,-0.994959,3.82977e-09,0.994959,-0.994959,3.0191e-09,0.994959,-3.73654e-09,0.994959,4.81773e-09,-4.25101e-09,1.98991,-5.48019e-09,0.994959,-1.98991,1.98991,-0.994959
0.994959,-0.994959,-0.994959,-0.994959,3.3969e-09,-1.98991,-4.47857e-09,-0.994959,1.98991,2.29843e-09,0.994959,-0.994959,-0.994959,2.98486,-0.994959,4.09516e-09,0.994959,-0.994959,-1.18158e-09,0.994959,-4.42149e-09,0.994959,4.19441e-09,-4.83317e-09,1.98991,-4.98645e-09,0.994959,-1.98991,1.98991,-0.994959
0.994959,-0.994959,-0.994959,-0.994959,1.76942e-09,-1.98991,-6.2208e-09,-0.994959,1.98991,2.33613e-09,0.994959,-0.994959,-0.994959,2.98486,-0.994959,4.06635e-09,0.994959,-0.994959,-2.32606e-08,0.994959,-3.79794e-09,0.994959,1.98464e-09,-4.52074e-09,1.98991,-4.86155e-09,0.994959,-1.98991,1.98991,-0.994959
0.994959,-0.994959,-0.994959,-0.994959,1.52307e-09,-1.98991,-5.8666e-09,-0.994959,1.98991,2.1485e-09,0.994959,-0.994959,-0.994959,2.98486,-0.994959,1.62064e-09,0.994959,-0.994959,-9.92027e-10,0.994959,-4.2628e-09,0.994959,6.88143e-09,-3.94527e-09,1.98991,-5.25539e-09,0.994959,-1.98991,1.98991,-0.994959
0.994959,-0.994959,-0.994959,-0.994959,8.80425e-10,-1.98991,-6.23313e-09,-0.994959,1.98991,2.32344e-09,0.994959,-0.994959,-0.994959,2.98486,-0.994959,3.9866e-09,0.994959,-0.994959,-2.94546e-10,0.994959,-4.35743e-09,0.994959,3.05687e-09,-4.57561e-09,1.98991,-5.23535e-09,0.994959,-1.98991,1.98991,-0.994959
0.994959,-0.994959,-0.994959,-0.994959,2.39931e-09,-1.98991,3.73938e-09,-0.994959,1.98991,2.33032e-09,0.994959,-0.994959,-0.994959,2.98486,-0.994959,4.02856e-09,0.994959,-0.994959,-6.31777e-10,0.994959,-4.26949e-09,0.994959,1.07654e-08,-4.91977e-09,1.98991,4.47683e-09,0.994959,-1.98991,1.98991,-0.994959
0.994959,-0.994959,-0.994959,-0.994959,5.6596e-10,-1.98991,-5.98132e-09,-0.994959,1.98991,2.31004e-09,0.994959,-0.994959,-0.994959,2.98486,-0.994959,4.03776e-09,0.994959,-0.994959,-8.20521e-10,0.994959,-4.45001e-09,0.994959,5.53591e-09,-4.37584e-09,1.98991,-5.4493e-09,0.994959,-1.98991,1.98991,-0.994959
0.994959,-0.994959,-0.994959,-0.994959,3.20494e-09,-1.98991,-5.10527e-09,-0.994959,1.98991,2.32798e-09,0.994959,-0.994959,-0.994959,2.98486,-0.994959,3.23546e-09,0.994959,-0.994959,-5.88387e-10,0.994959,-3.15636e-09,0.994959,5.83247e-09,-4.75618e-09,1.98991,-1.48078e-09,0.994959,-1.98991,1.98991,-0.994959
0.994959,-0.994959,-0.994959,-0.994959,1.19914e-09,-1.98991,-5.92437e-09,-0.994959,1.98991,2.33612e-09,0.994959,-0.994959,-0.994959,2.98486,-0.994959,3.80567e-09,0.994959,-0.994959,-8.6768e-10,0.994959,-4.71388e-09,0.994959,-4.18882e-11,-4.60292e-09,1.98991,-5.34785e-09,0.994959,-1.98991,1.98991,-0.994959
0.994959,-0.994959,-0.994959,-0.994959,5.66957e-10,-1.98991,-6.13804e-09,-0.994959,1.98991,2.32814e-09,0.994959,-0.994959,-0.994959,2.98486,-0.994959,4.07087e-09,0.994959,-0.994959,-1.02173e-09,0.994959,-4.34211e-09,0.994959,4.18931e-09,-4.5173e-09,1.98991,-5.22338e-09,0.994959,-1.98991,1.98991,-0.994959
# Iteration 950
0.994959,-0.994959,-0.994959,-0.994959,9.98662e-10,-1.98991,-5.51423e-09,-0.994959,1.98991,9.57657e-10,0.994959,-0.994959,-0.994959,2.98486,-0.994959,7.18487e-10,0.994959,-0.994959,1.53929e-09,0.994959,-5.12653e-09,0.994959,5.23957e-09,-4.75436e-09,1.98991,-5.31793e-09,0.994959,-1.98991,1.98991,-0.994959
0.994959,-0.994959,-0.994959,-0.994959,2.17247e-10,-1.98991,-7.73096e-09,-0.994959,1.98991,1.07498e-09,0.994959,-0.994959,-0.994959,2.98486,-0.994959,2.34436e-09,0.994959,-0.994959,7.27656e-10,0.994959,-3.63463e-09,0.994959,-8.12846e-10,-6.53199e-09,1.98991,-1.01107e-09,0.994959,-1.98991,1.98991,-0.994959
0.994959,-0.994959,-0.994959,-0.994959,1.50233e-09,-1.98991,-6.82636e-09,-0.994959,1.98991,2.19535e-09,0.994959,-0.994959,-0.994959,2.98486,-0.994959,4.39246e-09,0.994959,-0.994959,-9.4093e-10,0.994959,-4.23486e-09,0.994959,7.56675e-09,-4.55559e-09,1.98991,-5.11615e-09,0.994959,-1.98991,1.98991,-0.994959
0.994959,-0.994959,-0.994959,-0.994959,5.24728e-10,-1.98991,-6.1404e-09,-0.994959,1.98991,2.16199e-09,0.994959,-0.994959,-0.994959,2.98486,-0.994959,4.06376e-09,0.994959,-0.994959,-1.07736e-09,0.994959,-4.5287e-09,0.994959,2.17795e-09,-5.21322e-09,1.98991,-5.3991e-09,0.994959,-1.98991,1.98991,-0.994959
0.994959,-0.994959,-0.994959,-0.994959,3.67314e-10,-1.98991,-6.27033e-09,-0.994959,1.98991,2.59443e-09,0.994959,-0.994959,-0.994959,2.98486,-0.994959,3.86271e-09,0.994959,-0.994959,-1.04228e-09,0.994959,-4.40725e-09,0.994959,3.92812e-09,-4.50143e-09,1.98991,-4.93555e-09,0.994959,-1.98991,1.98991,-0.994959
0.994959,-0.994959,-0.994959,-0.994959,2.46354e-09,-1.98991,-6.24975e-09,-0.994959,1.98991,2.32106e-09,0.994959,-0.994959,-0.994959,2.98486,-0.994959,3.37964e-09,0.994959,-0.994959,-1.35296e-09,0.994959,-4.40356e-09,0.994959,4.07502e-09,-3.79925e-09,1.98991,-6.07133e-10,0.994959,-1.98991,1.98991,-0.994959
0.994959,-0.994959,-0.994959,-0.994959,3.82365e-10,-1.98991,1.49027e-09,-0.994959,1.98991,8.6427e-10,0.994959,-0.994959,-0.994959,2.98486,-0.994959,3.48628e-09,0.994959,-0.994959,1.16112e-09,0.994959,-4.34943e-09,0.994959,6.58435e-09,-4.40085e-09,1.98991,-5.65116e-09,0.994959,-1.98991,1.98991,-0.994959
0.994959,-0.994959,-0.994959,-0.994959,5.65868e-10,-1.98991,-1.96871e-10,-0.994959,1.98991,2.30771e-09,0.994959,-0.994959,-0.994959,2.98486,-0.994959,4.23833e-09,0.994959,-0.994959,-1.09308e-09,0.994959,-4.17395e-09,0.994959,4.36622e-09,-4.46113e-09,1.98991,-4.69063e-09,0.994959,-1.98991,1.98991,-0.994959
0.994959,-0.994959,-0.994959,-0.994959,-7.07132e-11,-1.98991,-7.35471e-09,-0.994959,1.98991,2.32955e-09,0.994959,-0.994959,-0.994959,2.98486,-0.994959,4.84844e-09,0.994959,-0.994959,-1.27409e-09,0.994959,-4.37588e-09,0.994959,4.17213e-09,-4.90223e-09,1.98991,-4.94014e-09,0.994959,-1.98991,1.98991,-0.994959
0.994959,-0.994959,-0.994959,-0.994959,2.26234e-09,-1.98991,-7.45419e-09,-0.994959,1.98991,2.17611e-09,0.994959,-0.994959,-0.994959,2.98486,-0.994959,3.88989e-09,0.994959,-0.994959,-1.00535e-09,0.994959,-4.26657e-09,0.994959,4.9221e-09,-4.88731e-09,1.98991,-5.35224e-09,0.994959,-1.98991,1.98991,-0.994959
0.994959,-0.994959,-0.994959,-0.994959,6.88737e-10,-1.98991,-6.31388e-09,-0.994959,1.98991,2.32799e-09,0.994959,-0.994959,-0.994959,2.98486,-0.994959,4.06345e-09,0.994959,-0.994959,-1.03965e-09,0.994959,-4.35196e-09,0.994959,2.18582e-09,-4.40377e-09,1.98991,-5.5247e-09,0.994959,-1.98991,1.98991,-0.994959
0.994959,-0.994959,-0.994959,-0.994959,8.07807e-10,-1.98991,-5.35871e-09,-0.994959,1.98991,1.15726e-09,0.994959,-0.994959,-0.994959,2.98486,-0.994959,3.5813e-09,0.994959,-0.994959,-1.9285e-09,0.994959,-4.5282e-09,0.994959,3.98851e-09,9.79194e-10,1.98991,-7.45406e-09,0.994959,-1.98991,1.98991,-0.994959
0.994959,-0.994959,-0.994959,-0.994959,4.72117e-10,-1.98991,-5.40917e-09,-0.994959,1.98991,2.37292e-09,0.994959,-0.994959,-0.994959,2.98486,-0.994959,4.1416e-09,0.994959,-0.994959,-1.94553e-09,0.994959,-4.26712e-09,0.994959,-1.20367e-09,-5.05698e-09,1.98991,-6.13138e-09,0.994959,-1.98991,1.98991,-0.994959
0.994959,-0.994959,-0.994959,-0.994959,6.54331e-10,-1.98991,-6.14166e-09,-0.994959,1.98991,2.25558e-09,0.994959,-0.994959,-0.994959,2.98486,-0.994959,4.02318e-09,0.994959,-0.994959,-6.53857e-10,0.994959,-4.34928e-09,0.994959,6.50323e-09,-5.04322e-09,1.98991,-5.30217e-09,0.994959,-1.98991,1.98991,-0.994959
0.994959,-0.994959,-0.994959,-0.994959,5.5589e-10,-1.98991,-5.88657e-09,-0.994959,1.98991,2.3846e-09,0.994959,-0.994959,-0.994959,2.98486,-0.994959,4.22755e-09,0.994959,-0.994959,-1.09649e-09,0.994959,-4.34277e-09,0.994959,4.24428e-09,-4.66315e-09,1.98991,-5.44656e-09,0.994959,-1.98991,1.98991,-0.994959
0.994959,-0.994959,-0.994959,-0.994959,3.1458e-10,-1.98991,-6.09076e-09,-0.994959,1.98991,2.40404e-09,0.994959,-0.994959,-0.994959,2.98486,-0.994959,2.20378e-09,0.994959,-0.994959,-3.12956e-09,0.994959,-4.35858e-09,0.994959,-6.54588e-10,-5.22056e-09,1.98991,-6.07733e-09,0.994959,-1.98991,1.98991,-0.994959
0.994959,-0.994959,-0.994959,-0.994959,9.74235e-10,-1.98991,4.64633e-09,-0.994959,1.98991,3.12392e-09,0.994959,-0.994959,-0.994959,2.98486,-0.994959,4.58317e-09,0.994959,-0.994959,-1.79125e-09,0.994959,-2.43808e-09,0.994959,-2.20012e-10,-4.54089e-09,1.98991,-5.25974e-09,0.994959,-1.98991,1.98991,-0.994959
0.994959,-0.994959,-0.994959,-0.994959,5.96645e-10,-1.98991,-1.11664e-09,-0.994959,1.98991,2.37782e-09,0.994959,-0.994959,-0.994959,2.98486,-0.994959,3.99041e-09,0.994959,-0.994959,-9.59885e-10,0.994959,-4.63854e-09,0.994959,4.1679e-09,-4.60159e-09,1.98991,-4.62851e-09,0.994959,-1.98991,1.98991,-0.994959
0.994959,-0.994959,-0.994959,-0.994959,-1.48186e-10,-1.98991,-6.39832e-09,-0.994959,1.98991,1.95863e-09,0.994959,-0.994959,-0.994959,2.98486,-0.994959,5.63436e-09,0.994959,-0.994959,1.1386e-09,0.994959,-4.19767e-09,0.994959,4.12655e-09,-3.43934e-09,1.98991,-3.77019e-09,0.994959,-1.98991,1.98991,-0.994959
0.994959,-0.994959,-0.994959,-0.994959,4.65895e-10,-1.98991,-6.15405e-09,-0.994959,1.98991,2.33067e-09,0.994959,-0.994959,-0.994959,2.98486,-0.994959,4.79166e-09,0.994959,-0.994959,-2.78923e-10,0.994959,-4.29402e-09,0.994959,4.2293e-09,-4.50142e-09,1.98991,-6.28214e-09,0.994959,-1.98991,1.98991,-0.994959
0.994959,-0.994959,-0.994959,-0.994959,5.77898e-10,-1.98991,-5.04407e-09,-0.994959,1.98991,2.18062e-09,0.994959,-0.994959,-0.994959,2.98486,-0.994959,3.7591e-09,0.994959,-0.994959,-1.03362e-09,0.994959,-4.36463e-09,0.994959,4.20243e-09,-1.98009e-09,1.98991,-3.97357e-09,0.994959,-1.98991,1.98991,-0.994959
0.994959,-0.994959,-0.994959,-0.994959,5.83329e-10,-1.98991,-6.24008e-09,-0.994959,1.98991,2.36875e-09,0.994959,-0.994959,-0.994959,2.98486,-0.994959,4.12873e-09,0.994959,-0.994959,-1.06407e-09,0.994959,-4.28474e-09,0.994959,3.07264e-09,-5.34551e-09,1.98991,-5.0075e-09,0.994959,-1.98991,1.98991,-0.994959
0.994959,-0.994959,-0.994959,-0.994959,1.2302e-09,-1.98991,-6.99229e-09,-0.994959,1.98991,2.36828e-09,0.994959,-0.994959,-0.994959,2.98486,-0.994959,3.75795e-09,0.994959,-0.994959,7.9777e-10,0.994959,-4.34338e-09,0.994959,4.4183e-09,-3.54856e-09,1.98991,-2.27568e-09,0.994959,-1.98991,1.98991,-0.994959
0.994959,-0.994959,-0.994959,-0.994959,8.19137e-10,-1.98991,-6.15432e-09,-0.994959,1.98991,2.41413e-09,0.994959,-0.994959,-0.994959,2.98486,-0.994959,4.22848e-09,0.994959,-0.994959,-1.11758e-09,0.994959,-3.98714e-09,0.994959,5.55673e-09,-4.11386e-09,1.98991,-5.00593e-09,0.994959,-1.98991,1.98991,-0.994959
0.994959,-0.994959,-0.994959,-0.994959,4.25178e-10,-1.98991,-1.08914e-08,-0.994959,1.98991,2.32991e-09,0.994959,-0.994959,-0.994959,2.98486,-0.994959,3.80015e-09,0.994959,-0.994959,5.13875e-10,0.994959,-5.88637e-09,0.994959,4.82271e-09,-4.42488e-09,1.98991,-6.95825e-09,0.994959,-1.98991,1.98991,-0.994959
0.994959,-0.994959,-0.994959,-0.994959,4.23416e-10,-1.98991,-2.38913e-09,-0.994959,1.98991,2.44174e-09,0.994959,-0.994959,-0.994959,2.98486,-0.994959,4.27525e-09,0.994959,-0.994959,-8.84339e-10,0.994959,-4.31948e-09,0.994959,3.62611e-09,-4.42843e-09,1.98991,-5.26477e-09,0.994959,-1.98991,1.98991,-0.994959
0.994959,-0.994959,-0.994959,-0.994959,5.76683e-10,-1.98991,-6.16449e-09,-0.994959,1.98991,2.34927e-09,0.994959,-0.994959,-0.994959,2.98486,-0.994959,5.97608e-09,0.994959,-0.994959,-1.66906e-09,0.994959,-4.45304e-09,0.994959,-1.34103e-09,-3.78065e-09,1.98991,-4.34487e-12,0.994959,-1.98991,1.98991,-0.994959
0.994959,-0.994959,-0.994959,-0.994959,1.53104e-10,-1.98991,-5.94475e-09,-0.994959,1.98991,2.0797e-09,0.994959,-0.994959,-0.994959,2.98486,-0.994959,3.65108e-09,0.994959,-0.994959,-9.96273e-10,0.994959,-3.09857e-09,0.994959,4.03042e-09,-4.42925e-09,1.98991,-4.14484e-09,0.994959,-1.98991,1.98991,-0.994959
0.994959,-0.994959,-0.994959,-0.994959,-1.93857e-09,-1.98991,-5.29865e-09,-0.994959,1.98991,2.23609e-09,0.994959,-0.994959,-0.994959,2.98486,-0.994959,4.0656e-09,0.994959,-0.994959,-1.02905e-09,0.994959,-4.21309e-09,0.994959,2.69004e-09,-4.52692e-09,1.98991,-5.53603e-09,0.994959,-1.98991,1.98991,-0.994959
0.994959,-0.994959,-0.994959,-0.994959,5.78149e-10,-1.98991,-6.1017e-09,-0.994959,1.98991,1.31105e-09,0.994959,-0.994959,-0.994959,2.98486,-0.994959,3.81313e-09,0.994959,-0.994959,-1.01059e-09,0.994959,-3.21276e-09,0.994959,5.16168e-09,-4.51461e-09,1.98991,-5.22472e-09,0.994959,-1.98991,1.98991,-0.994959
0.994959,-0.994959,-0.994959,-0.994959,7.06805e-10,-1.98991,-5.37577e-09,-0.994959,1.98991,2.33834e-09,0.994959,-0.994959,-0.994959,2.98486,-0.994959,3.01779e-09,0.994959,-0.994959,-9.8078e-10,0.994959,-2.77589e-09,0.994959,-5.05431e-09,-4.55174e-09,1.98991,-5.25695e-09,0.994959,-1.98991,1.98991,-0.994959
0.994959,-0.994959,-0.994959,-0.994959,6.26819e-10,-1.98991,-7.45748e-09,-0.994959,1.98991,2.50922e-09,0.994959,-0.994959,-0.994959,2.98486,-0.994959,3.31848e-09,0.994959,-0.994959,-1.46594e-09,0.994959,-4.13798e-09,0.994959,3.13918e-09,-4.21638e-09,1.98991,-4.91291e-09,0.994959,-1.98991,1.98991,-0.994959
0.994959,-0.994959,-0.994959,-0.994959,5.27685e-10,-1.98991,-5.61387e-09,-0.994959,1.98991,2.91879e-09,0.994959,-0.994959,-0.994959,2.98486,-0.994959,1.07135e-09,0.994959,-0.994959,5.29812e-10,0.994959,-4.35394e-09,0.994959,2.87229e-09,-4.52892e-09,1.98991,-2.45252e-09,0.994959,-1.98991,1.98991,-0.994959
0.994959,-0.994959,-0.994959,-0.994959,5.67151e-10,-1.98991,-6.13246e-09,-0.994959,1.98991,2.32449e-09,0.994959,-0.994959,-0.994959,2.98486,-0.994959,4.11142e-09,0.994959,-0.994959,-1.04114e-09,0.994959,-4.33801e-09,0.994959,5.63805e-09,-4.62269e-09,1.98991,-3.02186e-09,0.994959,-1.98991,1.98991,-0.994959
0.994959,-0.994959,-0.994959,-0.994959,7.65213e-10,-1.98991,-6.3366e-09,-0.994959,1.98991,2.45211e-09,0.994959,-0.994959,-0.994959,2.98486,-0.994959,4.06231e-09,0.994959,-0.994959,-1.28092e-09,0.994959,-4.32482e-09,0.994959,5.86923e-09,-4.53045e-09,1.98991,-5.28048e-09,0.994959,-1.98991,1.98991,-0.994959
0.994959,-0.994959,-0.994959,-0.994959,-3.35278e-10,-1.98991,-5.07693e-09,-0.994959,1.98991,2.22826e-09,0.994959,-0.994959,-0.994959,2.98486,-0.994959,3.83065e-09,0.994959,-0.994959,-1.22171e-09,0.994959,-3.78699e-09,0.994959,4.90266e-09,-4.52055e-09,1.98991,-5.33936e-09,0.994959,-1.98991,1.98991,-0.994959
0.994959,-0.994959,-0.994959,-0.994959,6.51004e-10,-1.98991,1.09174e-08,-0.994959,1.98991,2.63387e-09,0.994959,-0.994959,-0.994959,2.98486,-0.994959,-9.36227e-10,0.994959,-0.994959,-1.45588e-10,0.994959,-3.33044e-09,0.994959,3.77524e-09,-4.88089e-09,1.98991,-7.01756e-10,0.994959,-1.98991,1.98991,-0.994959
0.994959,-0.994959,-0.994959,-0.994959,1.07042e-09,-1.98991,1.96472e-10,-0.994959,1.98991,4.49934e-09,0.994959,-0.994959,-0.994959,2.98486,-0.994959,8.0631e-09,0.994959,-0.994959,-7.4766e-10,0.994959,-4.22416e-09,0.994959,-7.61896e-10,-4.5101e-09,1.98991,-4.40605e-09,0.994959,-1.98991,1.98991,-0.994959
0.994959,-0.994959,-0.994959,-0.994959,-3.05777e-10,-1.98991,-4.51159e-09,-0.994959,1.98991,2.31059e-09,0.994959,-0.994959,-0.994959,2.98486,-0.994959,2.27767e-10,0.994959,-0.994959,-9.80499e-10,0.994959,-4.34815e-09,0.994959,4.80795e-09,-4.8642e-09,1.98991,-4.5752e-09,0.994959,-1.98991,1.98991,-0.994959
0.994959,-0.994959,-0.994959,-0.994959,-2.41815e-09,-1.98991,-5.59425e-09,-0.994959,1.98991,1.00079e-09,0.994959,-0.994959,-0.994959,2.98486,-0.994959,3.03481e-09,0.994959,-0.994959,-9.89789e-10,0.994959,-4.34827e-09,0.994959,3.78824e-09,-4.51683e-09,1.98991,-4.31876e-09,0.994959,-1.98991,1.98991,-0.994959
0.994959,-0.994959,-0.994959,-0.994959,4.48105e-10,-1.98991,-6.07891e-09,-0.994959,1.98991,2.51149e-09,0.994959,-0.994959,-0.994959,2.98486,-0.994959,4.24769e-09,0.994959,-0.994959,-2.52106e-10,0.994959,-4.28201e-09,0.994959,4.61656e-09,-4.49517e-09,1.98991,-4.87356e-09,0.994959,-1.98991,1.98991,-0.994959
0.994959,-0.994959,-0.994959,-0.994959,-1.03456e-09,-1.98991,-5.91295e-09,-0.994959,1.98991,2.2746e-09,0.994959,-0.994959,-0.994959,2.98486,-0.994959,4.0943e-09,0.994959,-0.994959,-1.15336e-09,0.994959,-4.51346e-09,0.994959,4.79585e-09,-4.74777e-09,1.98991,-6.46138e-09,0.994959,-1.98991,1.98991,-0.994959
0.994959,-0.994959,-0.994959,-0.994959,1.03308e-09,-1.98991,-5.89277e-09,-0.994959,1.98991,2.31229e-09,0.994959,-0.994959,-0.994959,2.98486,-0.994959,4.06782e-09,0.994959,-0.994959,-2.67753e-09,0.994959,-3.87902e-09,0.994959,3.76828e-09,-4.5134e-09,1.98991,-4.88562e-09,0.994959,-1.98991,1.98991,-0.994959
0.994959,-0.994959,-0.994959,-0.994959,1.25992e-09,-1.98991,-6.15572e-09,-0.994959,1.98991,2.30567e-09,0.994959,-0.994959,-0.994959,2.98486,-0.994959,6.75186e-09,0.994959,-0.994959,-1.11358e-09,0.994959,-4.1741e-09,0.994959,3.04428e-09,-5.05284e-09,1.98991,-5.21436e-09,0.994959,-1.98991,1.98991,-0.994959
0.994959,-0.994959,-0.994959,-0.994959,2.7938e-10,-1.98991,-5.72302e-09,-0.994959,1.98991,2.15003e-09,0.994959,-0.994959,-0.994959,2.98486,-0.994959,2.58939e-09,0.994959,-0.994959,9.67345e-10,0.994959,-4.79484e-09,0.994959,3.90544e-09,-4.57753e-09,1.98991,-5.20015e-09,0.994959,-1.98991,1.98991,-0.994959
0.994959,-0.994959,-0.994959,-0.994959,2.44351e-09,-1.98991,-1.55374e-09,-0.994959,1.98991,2.32682e-09,0.994959,-0.994959,-0.994959,2.98486,-0.994959,3.57151e-09,0.994959,-0.994959,7.41328e-10,0.994959,-4.30847e-09,0.994959,5.15603e-10,-4.56858e-09,1.98991,-6.01858e-09,0.994959,-1.98991,1.98991,-0.994959
0.994959,-0.994959,-0.994959,-0.994959,5.65423e-10,-1.98991,-6.1727e-09,-0.994959,1.98991,2.32621e-09,0.994959,-0.994959,-0.994959,2.98486,-0.994959,4.08802e-09,0.994959,-0.994959,-6.06378e-10,0.994959,-4.36602e-09,0.994959,4.28066e-09,-4.88881e-09,1.98991,-6.53073e-09,0.994959,-1.98991,1.98991,-0.994959
0.994959,-0.994959,-0.994959,-0.994959,1.49294e-09,-1.98991,-7.2114e-09,-0.994959,1.98991,2.32793e-09,0.994959,-0.994959,-0.994959,2.98486,-0.994959,4.14477e-09,0.994959,-0.994959,-1.93782e-10,0.994959,-4.52091e-09,0.994959,4.16676e-09,-4.29701e-09,1.98991,-4.94782e-09,0.994959,-1.98991,1.98991,-0.994959
0.994959,-0.994959,-0.994959,-0.994959,1.10137e-09,-1.98991,-5.64461e-09,-0.994959,1.98991,2.33503e-09,0.994959,-0.994959,-0.994959,2.98486,-0.994959,3.93841e-09,0.994959,-0.994959,-1.12517e-09,0.994959,-4.9204e-09,0.994959,2.40807e-09,-4.42759e-09,1.98991,-5.2619e-09,0.994959,-1.98991,1.98991,-0.994959
0.994959,-0.994959,-0.994959,-0.994959,5.66963e-10,-1.98991,-6.13804e-09,-0.994959,1.98991,2.32814e-09,0.994959,-0.994959,-0.994959,2.98486,-0.994959,4.07087e-09,0.994959,-0.994959,-1.02171e-09,0.994959,-4.34211e-09,0.994959,4.18937e-09,-4.5173e-09,1.98991,-5.22338e-09,0.994959,-1.98991,1.98991,-0.994959
# Iteration 1000
0.994959,-0.994959,-0.994959,-0.994959,1.27381e-09,-1.98991,-6.8023e-09,-0.994959,1.98991,2.52969e-09,0.994959,-0.994959,-0.994959,2.98486,-0.994959,-1.10506e-11,0.994959,-0.994959,-7.27002e-12,0.994959,-5.38104e-09,0.994959,4.30612e-09,-4.6938e-09,1.98991,-5.19462e-09,0.994959,-1.98991,1.98991,-0.994959
0.994959,-0.994959,-0.994959,-0.994959,6.76956e-10,-1.98991,-3.80373e-09,-0.994959,1.98991,-8.66284e-09,0.994959,-0.994959,-0.994959,2.98486,-0.994959,2.67918e-09,0.994959,-0.994959,-5.2985e-10,0.994959,-4.13924e-09,0.994959,7.20131e-09,-4.08793e-09,1.98991,-5.20234e-09,0.994959,-1.98991,1.98991,-0.994959
0.994959,-0.994959,-0.994959,-0.994959,5.21798e-10,-1.98991,-6.12328e-09,-0.994959,1.98991,2.19072e-09,0.994959,-0.994959,-0.994959,2.98486,-0.994959,4.76427e-09,0.994959,-0.994959,-1.00742e-09,0.994959,-4.47202e-09,0.994959,3.73239e-09,-4.51498e-09,1.98991,-5.20818e-09,0.994959,-1.98991,1.98991,-0.994959
0.994959,-0.994959,-0.994959,-0.994959,6.83746e-10,-1.98991,-6.1651e-09,-0.994959,1.98991,1.69846e-09,0.994959,-0.994959,-0.994959,2.98486,-0.994959,4.07076e-09,0.994959,-0.994959,-1.05591e-09,0.994959,-4.26962e-09,0.994959,3.34935e-09,-4.66034e-09,1.98991,-5.04346e-09,0.994959,-1.98991,1.98991,-0.994959
0.994959,-0.994959,-0.994959,-0.994959,1.58279e-10,-1.98991,-6.2829e-09,-0.994959,1.98991,2.37564e-09,0.994959,-0.994959,-0.994959,2.98486,-0.994959,4.67107e-09,0.994959,-0.994959,-5.95157e-10,0.994959,-4.41258e-09,0.994959,3.91949e-09,-4.52091e-09,1.98991,-4.88168e-09,0.994959,-1.98991,1.98991,-0.994959
0.994959,-0.994959,-0.994959,-0.994959,1.30186e-09,-1.98991,-5.01602e-09,-0.994959,1.98991,2.28962e-09,0.994959,-0.994959,-0.994959,2.98486,-0.994959,3.717e-09,0.994959,-0.994959,-1.05911e-09,0.994959,-4.35763e-09,0.994959,4.23435e-09,-5.64561e-09,1.98991,4.62638e-10,0.994959,-1.98991,1.98991,-0.994959
0.994959,-0.994959,-0.994959,-0.994959,6.79416e-10,-1.98991,-2.59422e-09,-0.994959,1.98991,1.47588e-09,0.994959,-0.994959,-0.994959,2.98486,-0.994959,3.96206e-09,0.994959,-0.994959,-1.81613e-10,0.994959,-4.3609e-09,0.994959,3.41249e-09,-4.17815e-09,1.98991,-5.23893e-09,0.994959,-1.98991,1.98991,-0.994959
0.994959,-0.994959,-0.994959,-0.994959,5.67491e-10,-1.98991,-1.67118e-09,-0.994959,1.98991,2.38603e-09,0.994959,-0.994959,-0.994959,2.98486,-0.994959,4.42693e-09,0.994959,-0.994959,-1.02754e-09,0.994959,-4.62547e-09,0.994959,4.69391e-09,-4.44881e-09,1.98991,-4.99059e-09,0.994959,-1.98991,1.98991,-0.994959
0.994959,-0.994959,-0.994959,-0.994959,1.4321e-09,-1.98991,-6.38417e-09,-0.994959,1.98991,2.32984e-09,0.994959,-0.994959,-0.994959,2.98486,-0.994959,4.19395e-09,0.994959,-0.994959,-9.64196e-10,0.994959,-4.35877e-09,0.994959,4.15894e-09,-4.49833e-09,1.98991,-4.99905e-09,0.994959,-1.98991,1.98991,-0.994959
0.994959,-0.994959,-0.994959,-0.994959,1.08151e-09,-1.98991,-6.24715e-09,-0.994959,1.98991,2.02289e-09,0.994959,-0.994959,-0.994959,2.98486,-0.994959,3.90819e-09,0.994959,-0.994959,-1.00477e-09,0.994959,-4.36298e-09,0.994959,4.72528e-09,-4.72356e-09,1.98991,-5.23807e-09,0.994959,-1.98991,1.98991,-0.994959
0.994959,-0.994959,-0.994959,-0.994959,2.28105e-11,-1.98991,-6.89016e-09,-0.994959,1.98991,2.32757e-09,0.994959,-0.994959,-0.994959,2.98486,-0.994959,4.05989e-09,0.994959,-0.994959,-1.01164e-09,0.994959,-4.33122e-09,0.994959,-9.49689e-09,-4.48513e-09,1.98991,-5.38107e-09,0.994959,-1.98991,1.98991,-0.994959
0.994959,-0.994959,-0.994959,-0.994959,5.60816e-10,-1.98991,-2.08079e-09,-0.994959,1.98991,5.79314e-10,0.994959,-0.994959,-0.994959,2.98486,-0.994959,3.45998e-09,0.994959,-0.994959,-1.25038e-09,0.994959,-4.29106e-09,0.994959,3.41854e-09,5.00798e-09,1.98991,-7.52722e-09,0.994959,-1.98991,1.98991,-0.994959
0.994959,-0.994959,-0.994959,-0.994959,4.60755e-10,-1.98991,-5.99918e-09,-0.994959,1.98991,3.54586e-09,0.994959,-0.994959,-0.994959,2.98486,-0.994959,4.3795e-09,0.994959,-0.994959,-1.41778e-09,0.994959,-4.28516e-09,0.994959,3.14647e-09,-1.0272e-10,1.98991,-5.34037e-09,0.994959,-1.98991,1.98991,-0.994959
0.994959,-0.994959,-0.994959,-0.994959,5.94584e-10,-1.98991,-6.02243e-09,-0.994959,1.98991,2.08159e-09,0.994959,-0.994959,-0.994959,2.98486,-0.994959,3.61901e-09,0.994959,-0.994959,-1.21907e-09,0.994959,-4.35441e-09,0.994959,3.53692e-09,-5.1954e-09,1.98991,-5.27804e-09,0.994959,-1.98991,1.98991,-0.994959
0.994959,-0.994959,-0.994959,-0.994959,5.59302e-10,-1.98991,-5.75436e-09,-0.994959,1.98991,2.37251e-09,0.994959,-0.994959,-0.994959,2.98486,-0.994959,4.62588e-09,0.994959,-0.994959,-8.16979e-10,0.994959,-4.33003e-09,0.994959,4.23067e-09,-4.47923e-09,1.98991,-5.24399e-09,0.994959,-1.98991,1.98991,-0.994959
0.994959,-0.994959,-0.994959,-0.994959,-7.37844e-10,-1.98991,-5.11272e-09,-0.994959,1.98991,2.44075e-09,0.994959,-0.994959,-0.994959,2.98486,-0.994959,4.61066e-09,0.994959,-0.994959,-3.85672e-09,0.994959,-4.33161e-09,0.994959,2.51886e-09,-4.92083e-09,1.98991,-5.73921e-09,0.994959,-1.98991,1.98991,-0.994959
0.994959,-0.994959,-0.994959,-0.994959,7.97794e-10,-1.98991,1.82684e-08,-0.994959,1.98991,2.65286e-09,0.994959,-0.994959,-0.994959,2.98486,-0.994959,3.46256e-09,0.994959,-0.994959,-3.1688e-09,0.994959,-2.60853e-09,0.994959,-4.8822e-09,-4.5028e-09,1.98991,-5.30936e-09,0.994959,-1.98991,1.98991,-0.994959
0.994959,-0.994959,-0.994959,-0.994959,6.66222e-10,-1.98991,-2.88668e-10,-0.994959,1.98991,2.25054e-09,0.994959,-0.994959,-0.994959,2.98486,-0.994959,4.2093e-09,0.994959,-0.994959,-1.01665e-09,0.994959,-4.40918e-09,0.994959,4.21962e-09,-4.58275e-09,1.98991,-3.94347e-09,0.994959,-1.98991,1.98991,-0.994959
0.994959,-0.994959,-0.994959,-0.994959,-2.40816e-10,-1.98991,-4.83185e-09,-0.994959,1.98991,1.77144e-09,0.994959,-0.994959,-0.994959,2.98486,-0.994959,5.76947e-09,0.994959,-0.994959,1.88094e-10,0.994959,-4.24047e-09,0.994959,4.83106e-09,-4.44135e-09,1.98991,-3.21225e-09,0.994959,-1.98991,1.98991,-0.994959
0.994959,-0.994959,-0.994959,-0.994959,2.44939e-10,-1.98991,-6.18609e-09,-0.994959,1.98991,2.33268e-09,0.994959,-0.994959,-0.994959,2.98486,-0.994959,4.62151e-09,0.994959,-0.994959,8.46988e-11,0.994959,-4.36874e-09,0.994959,4.41045e-09,-4.45373e-09,1.98991,-4.43127e-09,0.994959,-1.98991,1.98991,-0.994959
0.994959,-0.994959,-0.994959,-0.994959,5.69804e-10,-1.98991,-4.6763e-09,-0.994959,1.98991,2.21591e-09,0.994959,-0.994959,-0.994959,2.98486,-0.994959,3.50566e-09,0.994959,-0.994959,-1.34625e-09,0.994959,-4.30683e-09,0.994959,4.19954e-09,-2.90087e-09,1.98991,1.09452e-09,0.994959,-1.98991,1.98991,-0.994959
0.994959,-0.994959,-0.994959,-0.994959,-3.59964e-10,-1.98991,-6.20909e-09,-0.994959,1.98991,2.34181e-09,0.994959,-0.994959,-0.994959,2.98486,-0.994959,4.05434e-09,0.994959,-0.994959,3.28588e-09,0.994959,-4.58872e-09,0.994959,4.97245e-09,-4.56162e-09,1.98991,-4.74837e-09,0.994959,-1.98991,1.98991,-0.994959
0.994959,-0.994959,-0.994959,-0.994959,1.65026e-10,-1.98991,-6.04715e-09,-0.994959,1.98991,2.3215e-09,0.994959,-0.994959,-0.994959,2.98486,-0.994959,2.75781e-09,0.994959,-0.994959,-2.63666e-10,0.994959,-4.3444e-09,0.994959,4.22547e-09,-5.92711e-09,1.98991,-7.31896e-10,0.994959,-1.98991,1.98991,-0.994959
0.994959,-0.994959,-0.994959,-0.994959,1.34826e-09,-1.98991,-6.44633e-09,-0.994959,1.98991,2.29996e-09,0.994959,-0.994959,-0.994959,2.98486,-0.994959,4.14517e-09,0.994959,-0.994959,-5.5399e-10,0.994959,-4.48545e-09,0.994959,7.22882e-09,-3.89152e-09,1.98991,-4.51279e-09,0.994959,-1.98991,1.98991,-0.994959
0.994959,-0.994959,-0.994959,-0.994959,1.8344e-10,-1.98991,-7.31431e-09,-0.994959,1.98991,2.32067e-09,0.994959,-0.994959,-0.994959,2.98486,-0.994959,3.22593e-09,0.994959,-0.994959,1.45598e-09,0.994959,-4.59772e-09,0.994959,7.38417e-09,-4.62906e-09,1.98991,-5.47514e-09,0.994959,-1.98991,1.98991,-0.994959
0.994959,-0.994959,-0.994959,-0.994959,-1.84355e-10,-1.98991,-2.10664e-09,-0.994959,1.98991,2.41345e-09,0.994959,-0.994959,-0.994959,2.98486,-0.994959,3.80899e-09,0.994959,-0.994959,-2.64778e-09,0.994959,-4.34193e-09,0.994959,2.74973e-09,-4.49565e-09,1.98991,-5.42417e-09,0.994959,-1.98991,1.98991,-0.994959
0.994959,-0.994959,-0.994959,-0.994959,5.69115e-10,-1.98991,-6.09053e-09,-0.994959,1.98991,2.33027e-09,0.994959,-0.994959,-0.994959,2.98486,-0.994959,5.03085e-09,0.994959,-0.994959,-7.80112e-10,0.994959,-4.30626e-09,0.994959,1.27215e-09,-4.4882e-09,1.98991,-4.76051e-09,0.994959,-1.98991,1.98991,-0.994959
0.994959,-0.994959,-0.994959,-0.994959,2.59453e-09,-1.98991,-6.84602e-09,-0.994959,1.98991,1.63132e-09,0.994959,-0.994959,-0.994959,2.98486,-0.994959,3.70835e-09,0.994959,-0.994959,-1.66123e-11,0.994959,-3.29604e-09,0.994959,4.69764e-09,-4.66628e-09,1.98991,-5.11627e-09,0.994959,-1.98991,1.98991,-0.994959
0.994959,-0.994959,-0.994959,-0.994959,2.83818e-09,-1.98991,-6.08157e-09,-0.994959,1.98991,2.23325e-09,0.994959,-0.994959,-0.994959,2.98486,-0.994959,3.9142e-09,0.994959,-0.994959,-1.0344e-09,0.994959,-5.1621e-09,0.994959,2.42259e-09,-4.52338e-09,1.98991,-5.37624e-09,0.994959,-1.98991,1.98991,-0.994959
0.994959,-0.994959,-0.994959,-0.994959,5.92195e-10,-1.98991,-6.21505e-09,-0.994959,1.98991,5.08421e-10,0.994959,-0.994959,-0.994959,2.98486,-0.994959,3.98168e-09,0.994959,-0.994959,-1.01785e-09,0.994959,-4.8623e-09,0.994959,3.54174e-09,-4.28811e-09,1.98991,-5.22139e-09,0.994959,-1.98991,1.98991,-0.994959
0.994959,-0.994959,-0.994959,-0.994959,3.62956e-10,-1.98991,-3.24644e-09,-0.994959,1.98991,2.3343e-09,0.994959,-0.994959,-0.994959,2.98486,-0.994959,3.13545e-09,0.994959,-0.994959,-1.53065e-09,0.994959,-6.3488e-09,0.994959,-4.90265e-09,-4.62436e-09,1.98991,-3.51519e-09,0.994959,-1.98991,1.98991,-0.994959
0.994959,-0.994959,-0.994959,-0.994959,7.7534e-10,-1.98991,-6.63375e-09,-0.994959,1.98991,2.04498e-09,0.994959,-0.994959,-0.994959,2.98486,-0.994959,3.67902e-09,0.994959,-0.994959,-1.01796e-09,0.994959,-4.36764e-09,0.994959,3.25127e-09,-5.27247e-09,1.98991,-5.13522e-09,0.994959,-1.98991,1.98991,-0.994959
0.994959,-0.994959,-0.994959,-0.994959,5.00195e-10,-1.98991,-6.4039e-09,-0.994959,1.98991,3.39519e-09,0.994959,-0.994959,-0.994959,2.98486,-0.994959,2.65284e-09,0.994959,-0.994959,1.53981e-10,0.994959,-4.33857e-09,0.994959,3.66899e-09,-4.51931e-09,1.98991,-3.32343e-09,0.994959,-1.98991,1.98991,-0.994959
0.994959,-0.994959,-0.994959,-0.994959,5.42982e-10,-1.98991,-6.13891e-09,-0.994959,1.98991,2.31441e-09,0.994959,-0.994959,-0.994959,2.98486,-0.994959,4.08294e-09,0.994959,-0.994959,-1.05875e-09,0.994959,-4.3414e-09,0.994959,4.58413e-09,-4.53786e-09,1.98991,-6.84157e-09,0.994959,-1.98991,1.98991,-0.994959
0.994959,-0.994959,-0.994959,-0.994959,5.32177e-10,-1.98991,-3.45777e-09,-0.994959,1.98991,2.52915e-09,0.994959,-0.994959,-0.994959,2.98486,-0.994959,4.06494e-09,0.994959,-0.994959,-1.14374e-09,0.994959,-4.30754e-09,0.994959,5.34262e-09,-4.57485e-09,1.98991,-5.22094e-09,0.994959,-1.98991,1.98991,-0.994959
0.994959,-0.994959,-0.994959,-0.994959,1.07158e-11,-1.98991,-5.57326e-09,-0.994959,1.98991,2.62948e-09,0.994959,-0.994959,-0.994959,2.98486,-0.994959,4.18651e-09,0.994959,-0.994959,2.52836e-10,0.994959,-4.26936e-09,0.994959,5.54491e-09,-4.509e-09,1.98991,-5.48201e-09,0.994959,-1.98991,1.98991,-0.994959
0.994959,-0.994959,-0.994959,-0.994959,3.90875e-10,-1.98991,-2.5441e-09,-0.994959,1.98991,2.50483e-09,0.994959,-0.994959,-0.994959,2.98486,-0.994959,1.71952e-09,0.994959,-0.994959,-3.56015e-10,0.994959,-3.91563e-09,0.994959,3.33237e-09,-4.7524e-09,1.98991,-3.41461e-09,0.994959,-1.98991,1.98991,-0.994959
0.994959,-0.994959,-0.994959,-0.994959,1.17858e-09,-1.98991,-3.35145e-10,-0.994959,1.98991,6.7947e-11,0.994959,-0.994959,-0.994959,2.98486,-0.994959,5.22976e-09,0.994959,-0.994959,1.87689e-09,0.994959,-4.99033e-09,0.994959,5.27349e-10,-4.50418e-09,1.98991,-4.0767e-09,0.994959,-1.98991,1.98991,-0.994959
0.994959,-0.994959,-0.994959,-0.994959,9.4789e-10,-1.98991,-3.93659e-09,-0.994959,1.98991,2.30902e-09,0.994959,-0.994959,-0.994959,2.98486,-0.994959,2.64538e-09,0.994959,-0.994959,-9.55999e-10,0.994959,-4.34456e-09,0.994959,5.62718e-09,-4.48073e-09,1.98991,-4.73454e-09,0.994959,-1.98991,1.98991,-0.994959
0.994959,-0.994959,-0.994959,-0.994959,1.37836e-09,-1.98991,-4.3635e-09,-0.994959,1.98991,-9.97316e-10,0.994959,-0.994959,-0.994959,2.98486,-0.994959,3.12441e-09,0.994959,-0.994959,-1.00583e-09,0.994959,-4.47357e-09,0.994959,6.20957e-09,-4.51558e-09,1.98991,-3.22079e-09,0.994959,-1.98991,1.98991,-0.994959
0.994959,-0.994959,-0.994959,-0.994959,7.15028e-10,-1.98991,-6.15323e-09,-0.994959,1.98991,2.41948e-09,0.994959,-0.994959,-0.994959,2.98486,-0.994959,4.19114e-09,0.994959,-0.994959,-1.05329e-09,0.994959,-4.75354e-09,0.994959,4.53911e-09,-4.34554e-09,1.98991,-5.03506e-09,0.994959,-1.98991,1.98991,-0.994959
0.994959,-0.994959,-0.994959,-0.994959,8.42937e-12,-1.98991,-5.14052e-09,-0.994959,1.98991,2.44104e-09,0.994959,-0.994959,-0.994959,2.98486,-0.994959,4.04505e-09,0.994959,-0.994959,-1.13326e-09,0.994959,-4.39974e-09,0.994959,4.17227e-09,-4.94702e-09,1.98991,-6.18195e-09,0.994959,-1.98991,1.98991,-0.994959
0.994959,-0.994959,-0.994959,-0.994959,1.8528e-09,-1.98991,-6.11172e-09,-0.994959,1.98991,2.29144e-09,0.994959,-0.994959,-0.994959,2.98486,-0.994959,4.03721e-09,0.994959,-0.994959,-7.26778e-09,0.994959,-4.31005e-09,0.994959,3.75143e-09,-4.51526e-09,1.98991,-4.70348e-09,0.994959,-1.98991,1.98991,-0.994959
0.994959,-0.994959,-0.994959,-0.994959,5.93092e-10,-1.98991,-5.58064e-09,-0.994959,1.98991,2.19496e-09,0.994959,-0.994959,-0.994959,2.98486,-0.994959,8.24401e-09,0.994959,-0.994959,-8.45209e-10,0.994959,-4.33397e-09,0.994959,4.24289e-09,-4.1837e-09,1.98991,-5.21073e-09,0.994959,-1.98991,1.98991,-0.994959
0.994959,-0.994959,-0.994959,-0.994959,3.48399e-10,-1.98991,-6.01788e-09,-0.994959,1.98991,2.23492e-09,0.994959,-0.994959,-0.994959,2.98486,-0.994959,4.10048e-09,0.994959,-0.994959,-1.58813e-09,0.994959,-4.22871e-09,0.994959,2.49804e-09,-4.63838e-09,1.98991,-5.27574e-09,0.994959,-1.98991,1.98991,-0.994959
0.994959,-0.994959,-0.994959,-0.994959,1.7388e-09,-1.98991,5.24326e-09,-0.994959,1.98991,2.32607e-09,0.994959,-0.994959,-0.994959,2.98486,-0.994959,6.45562e-09,0.994959,-0.994959,-1.57333e-09,0.994959,-4.32952e-09,0.994959,-1.20714e-08,-4.50095e-09,1.98991,3.4829e-09,0.994959,-1.98991,1.98991,-0.994959
0.994959,-0.994959,-0.994959,-0.994959,5.68157e-10,-1.98991,-6.25672e-09,-0.994959,1.98991,2.31343e-09,0.994959,-0.994959,-0.994959,2.98486,-0.994959,4.04411e-09,0.994959,-0.994959,-6.08953e-10,0.994959,-4.47868e-09,0.994959,1.95446e-09,-4.77926e-09,1.98991,-6.16148e-09,0.994959,-1.98991,1.98991,-0.994959
0.994959,-0.994959,-0.994959,-0.994959,-3.25491e-10,-1.98991,-3.73348e-09,-0.994959,1.98991,2.32761e-09,0.994959,-0.994959,-0.994959,2.98486,-0.994959,4.03142e-09,0.994959,-0.994959,-1.46991e-09,0.994959,-4.58714e-09,0.994959,5.00142e-09,-4.49256e-09,1.98991,-4.213e-09,0.994959,-1.98991,1.98991,-0.994959
0.994959,-0.994959,-0.994959,-0.994959,4.71949e-10,-1.98991,-5.74101e-09,-0.994959,1.98991,2.33971e-09,0.994959,-0.994959,-0.994959,2.98486,-0.994959,1.0168e-09,0.994959,-0.994959,-1.274e-09,0.994959,-4.92756e-09,0.994959,5.64432e-09,-4.71034e-09,1.98991,-5.13266e-09,0.994959,-1.98991,1.98991,-0.994959
0.994959,-0.994959,-0.994959,-0.994959,5.66963e-10,-1.98991,-6.13804e-09,-0.994959,1.98991,2.32814e-09,0.994959,-0.994959,-0.994959,2.98486,-0.994959,4.07087e-09,0.994959,-0.994959,-1.02171e-09,0.994959,-4.34211e-09,0.994959,4.18937e-09,-4.5173e-09,1.98991,-5.22338e-09,0.994959,-1.98991,1.98991,-0.994959
